path_before,git_tracked,sha256,size_bytes,classification,canonical_replacement,planned_action,destination,reason,rollback_method,references_to_update
docs/coap_rejection_history_and_revision_plan_20260611/ADDITIONAL_EXPERIMENT_DECISION.md,yes,6732ffcc4fec2cb62dafd86e957bcc06ca879bc92261c52b52621a6c3543909a,4333,historical,paper_coap/ or docs/archive/,git_mv_archive,docs/archive/internal/coap_rejection_history_and_revision_plan_20260611/ADDITIONAL_EXPERIMENT_DECISION.md,Separate stale EJCO/legacy from COAP canonical,git checkout 6c04ff1 -- path,"README, docs/INDEX.md"
docs/coap_rejection_history_and_revision_plan_20260611/COAP_EDITORIAL_RISK_MAP.md,yes,22fa9a89a73c59b413c33c358923960e1ae0e94f0037c015230a1620ca9ff1a1,4324,historical,paper_coap/ or docs/archive/,git_mv_archive,docs/archive/internal/coap_rejection_history_and_revision_plan_20260611/COAP_EDITORIAL_RISK_MAP.md,Separate stale EJCO/legacy from COAP canonical,git checkout 6c04ff1 -- path,"README, docs/INDEX.md"
docs/coap_rejection_history_and_revision_plan_20260611/COVER_LETTER_CONTENT_PLAN.md,yes,1617b8cdbf0adfd956edd96aa5982362639666be0bd9a0b2ff478ae2a58c7096,5702,historical,paper_coap/ or docs/archive/,git_mv_archive,docs/archive/internal/coap_rejection_history_and_revision_plan_20260611/COVER_LETTER_CONTENT_PLAN.md,Separate stale EJCO/legacy from COAP canonical,git checkout 6c04ff1 -- path,"README, docs/INDEX.md"
docs/coap_rejection_history_and_revision_plan_20260611/CURRENT_FRAMING_RISK_AUDIT.md,yes,247997bb84d60ecc07e90b363ae1be94f89b5a92e1716aadb497eefc4faa7e98,5766,historical,paper_coap/ or docs/archive/,git_mv_archive,docs/archive/internal/coap_rejection_history_and_revision_plan_20260611/CURRENT_FRAMING_RISK_AUDIT.md,Separate stale EJCO/legacy from COAP canonical,git checkout 6c04ff1 -- path,"README, docs/INDEX.md"
docs/coap_rejection_history_and_revision_plan_20260611/EXECUTIVE_SUMMARY.md,yes,8501f7ce9f2b153201cc453a9e649e1a015fbd59e6fbfaf70fb569ad1ac2998d,8728,historical,paper_coap/ or docs/archive/,git_mv_archive,docs/archive/internal/coap_rejection_history_and_revision_plan_20260611/EXECUTIVE_SUMMARY.md,Separate stale EJCO/legacy from COAP canonical,git checkout 6c04ff1 -- path,"README, docs/INDEX.md"
docs/coap_rejection_history_and_revision_plan_20260611/FINAL_PRE_SUBMISSION_SEQUENCE.md,yes,b6b1bee52a530ae8b5c7cec4d6a3cffcda0e2222903f725e07ee3e269c80e566,5057,historical,paper_coap/ or docs/archive/,git_mv_archive,docs/archive/internal/coap_rejection_history_and_revision_plan_20260611/FINAL_PRE_SUBMISSION_SEQUENCE.md,Separate stale EJCO/legacy from COAP canonical,git checkout 6c04ff1 -- path,"README, docs/INDEX.md"
docs/coap_rejection_history_and_revision_plan_20260611/FINAL_SCIENTIFIC_NARRATIVE.md,yes,dace8de0228f80537b31b0c3fedaf84fd8007df796e04a334e3a4bc863ddb026,4136,historical,paper_coap/ or docs/archive/,git_mv_archive,docs/archive/internal/coap_rejection_history_and_revision_plan_20260611/FINAL_SCIENTIFIC_NARRATIVE.md,Separate stale EJCO/legacy from COAP canonical,git checkout 6c04ff1 -- path,"README, docs/INDEX.md"
docs/coap_rejection_history_and_revision_plan_20260611/MANUSCRIPT_RESTRUCTURING_PLAN.md,yes,95c497d31e7c69a9f222e96ac8395bad869f0d7a8fbc71344cdab9cc87f37db4,4881,historical,paper_coap/ or docs/archive/,git_mv_archive,docs/archive/internal/coap_rejection_history_and_revision_plan_20260611/MANUSCRIPT_RESTRUCTURING_PLAN.md,Separate stale EJCO/legacy from COAP canonical,git checkout 6c04ff1 -- path,"README, docs/INDEX.md"
docs/coap_rejection_history_and_revision_plan_20260611/OBJECTION_RESOLUTION_AUDIT.md,yes,41287415b8a05a4da0d2635cd86ce494cebd1ffce3b3a2df1efa7c80e2830c00,6009,historical,paper_coap/ or docs/archive/,git_mv_archive,docs/archive/internal/coap_rejection_history_and_revision_plan_20260611/OBJECTION_RESOLUTION_AUDIT.md,Separate stale EJCO/legacy from COAP canonical,git checkout 6c04ff1 -- path,"README, docs/INDEX.md"
docs/coap_rejection_history_and_revision_plan_20260611/REJECTION_REASON_TAXONOMY.md,yes,587e23345b82a81636cf6e1669d198cee5076242ba61bc2ef77a5f60d57fd303,5399,historical,paper_coap/ or docs/archive/,git_mv_archive,docs/archive/internal/coap_rejection_history_and_revision_plan_20260611/REJECTION_REASON_TAXONOMY.md,Separate stale EJCO/legacy from COAP canonical,git checkout 6c04ff1 -- path,"README, docs/INDEX.md"
docs/coap_rejection_history_and_revision_plan_20260611/SUBMISSION_LINEAGE.md,yes,2c8f27380d90f2a1dc796f503c6ce4dae78a1bf2c01e1eb83b4aafe4a89d79e4,6574,historical,paper_coap/ or docs/archive/,git_mv_archive,docs/archive/internal/coap_rejection_history_and_revision_plan_20260611/SUBMISSION_LINEAGE.md,Separate stale EJCO/legacy from COAP canonical,git checkout 6c04ff1 -- path,"README, docs/INDEX.md"
docs/coap_rejection_history_and_revision_plan_20260611/SUBMISSION_PACKAGE_GAP_ANALYSIS.md,yes,2a725224302bfca48f19c17c8fb35d7200c72b4eb665899d57b6d03dce6a2f86,4772,historical,paper_coap/ or docs/archive/,git_mv_archive,docs/archive/internal/coap_rejection_history_and_revision_plan_20260611/SUBMISSION_PACKAGE_GAP_ANALYSIS.md,Separate stale EJCO/legacy from COAP canonical,git checkout 6c04ff1 -- path,"README, docs/INDEX.md"
docs/coap_rejection_history_and_revision_plan_20260611/audit_metadata.json,yes,73708fcf98abbb52f5dd6c0fac2f2dced85a6c118bae58a96d1595b91a3b9b4f,2277,historical,paper_coap/ or docs/archive/,git_mv_archive,docs/archive/internal/coap_rejection_history_and_revision_plan_20260611/audit_metadata.json,Separate stale EJCO/legacy from COAP canonical,git checkout 6c04ff1 -- path,"README, docs/INDEX.md"
docs/coap_rejection_history_and_revision_plan_20260611/source_document_inventory.json,yes,fe0ba628141b7570ed5c7a89818e547391f7c6ff23068f13b94eb15359763234,3933,historical,paper_coap/ or docs/archive/,git_mv_archive,docs/archive/internal/coap_rejection_history_and_revision_plan_20260611/source_document_inventory.json,Separate stale EJCO/legacy from COAP canonical,git checkout 6c04ff1 -- path,"README, docs/INDEX.md"
submission_package/ejco_files_for_upload/UPLOAD_MANIFEST.md,yes,2b98289b55ab6ee62c48fc5d8b5551226e0265589213504b463dfed77e6039bd,1474,historical,paper_coap/ or docs/archive/,git_mv_archive,docs/archive/legacy_submission_packages/ejco_submission_package/ejco_files_for_upload/UPLOAD_MANIFEST.md,Separate stale EJCO/legacy from COAP canonical,git checkout 6c04ff1 -- path,"README, docs/INDEX.md"
submission_package/ejco_files_for_upload/cover_letter.pdf,yes,585e2b5e71b96b6d5a915fa44a0d86940ed06cfa946205fb801f2717f069a04f,13676,historical,paper_coap/ or docs/archive/,git_mv_archive,docs/archive/legacy_submission_packages/ejco_submission_package/ejco_files_for_upload/cover_letter.pdf,Separate stale EJCO/legacy from COAP canonical,git checkout 6c04ff1 -- path,"README, docs/INDEX.md"
submission_package/ejco_files_for_upload/ejco_reproducibility_artifact.zip,yes,b72e9c6c59464c8b6c983bd3fec4f4bbeddacbc8528e44a2635fe24362cea11d,231133,historical,paper_coap/ or docs/archive/,git_mv_archive,docs/archive/legacy_submission_packages/ejco_submission_package/ejco_files_for_upload/ejco_reproducibility_artifact.zip,Separate stale EJCO/legacy from COAP canonical,git checkout 6c04ff1 -- path,"README, docs/INDEX.md"
submission_package/ejco_files_for_upload/ejco_source.zip,yes,7814a8759a949c82dece1a015de80e089575be3b6c0a67decb35973ea432a722,113799,historical,paper_coap/ or docs/archive/,git_mv_archive,docs/archive/legacy_submission_packages/ejco_submission_package/ejco_files_for_upload/ejco_source.zip,Separate stale EJCO/legacy from COAP canonical,git checkout 6c04ff1 -- path,"README, docs/INDEX.md"
paper/highlights.txt,yes,a5bd75068f92554c7731c6ea577f147ff0e9576d730bbc1458b71093ab746e27,323,historical,paper_coap/ or docs/archive/,git_mv_archive,docs/archive/legacy_submission_packages/ejco_submission_package/ejco_files_for_upload/highlights.txt,Separate stale EJCO/legacy from COAP canonical,git checkout 6c04ff1 -- path,"README, docs/INDEX.md"
submission_package/ejco_files_for_upload/main_manuscript.pdf,yes,d578b81fb6394d49022eb95e061fe1829a5891b221a029d0cda20f4e9f9d4fe3,247970,historical,paper_coap/ or docs/archive/,git_mv_archive,docs/archive/legacy_submission_packages/ejco_submission_package/ejco_files_for_upload/main_manuscript.pdf,Separate stale EJCO/legacy from COAP canonical,git checkout 6c04ff1 -- path,"README, docs/INDEX.md"
paper/title_page.pdf,yes,dc2d7ed339ac04862c18b8b8fefd65d3be110ee07b9dfec34e4a0e0d3c232730,16056,historical,paper_coap/ or docs/archive/,git_mv_archive,docs/archive/legacy_submission_packages/ejco_submission_package/ejco_files_for_upload/title_page.pdf,Separate stale EJCO/legacy from COAP canonical,git checkout 6c04ff1 -- path,"README, docs/INDEX.md"
submission_package/ejco_reproducibility_artifact.zip,yes,b72e9c6c59464c8b6c983bd3fec4f4bbeddacbc8528e44a2635fe24362cea11d,231133,historical,paper_coap/ or docs/archive/,git_mv_archive,docs/archive/legacy_submission_packages/ejco_submission_package/ejco_reproducibility_artifact.zip,Separate stale EJCO/legacy from COAP canonical,git checkout 6c04ff1 -- path,"README, docs/INDEX.md"
submission_package/ejco_reproducibility_artifact/DATASETS.md,yes,5dd7c664ba4ea3559315037cc015ffed0a70450d6819a78b35be5e1e1a709563,1193,historical,paper_coap/ or docs/archive/,git_mv_archive,docs/archive/legacy_submission_packages/ejco_submission_package/ejco_reproducibility_artifact/DATASETS.md,Separate stale EJCO/legacy from COAP canonical,git checkout 6c04ff1 -- path,"README, docs/INDEX.md"
submission_package/ejco_reproducibility_artifact/LICENSE,yes,7288c108a1ca89df5e19c6ee01af0137cb6297381e40b210dc52572ebefd01a1,1074,historical,paper_coap/ or docs/archive/,git_mv_archive,docs/archive/legacy_submission_packages/ejco_submission_package/ejco_reproducibility_artifact/LICENSE,Separate stale EJCO/legacy from COAP canonical,git checkout 6c04ff1 -- path,"README, docs/INDEX.md"
submission_package/ejco_reproducibility_artifact/MANIFEST.md,yes,ec994b13a0c226654baa282e87eee1da830e789c3d1feaac7671f99158e19a9a,7251,historical,paper_coap/ or docs/archive/,git_mv_archive,docs/archive/legacy_submission_packages/ejco_submission_package/ejco_reproducibility_artifact/MANIFEST.md,Separate stale EJCO/legacy from COAP canonical,git checkout 6c04ff1 -- path,"README, docs/INDEX.md"
submission_package/ejco_reproducibility_artifact/PROJECT_README.md,yes,dfa78d3dbd334dff24ad603e04c0de211672d1dddef3ba0ab4f23ff3e05f7087,1340,historical,paper_coap/ or docs/archive/,git_mv_archive,docs/archive/legacy_submission_packages/ejco_submission_package/ejco_reproducibility_artifact/PROJECT_README.md,Separate stale EJCO/legacy from COAP canonical,git checkout 6c04ff1 -- path,"README, docs/INDEX.md"
submission_package/ejco_reproducibility_artifact/README.md,yes,e3f39e3e1ff66aef12447f802e186531948fd521d106fe2dc58d106ed458d8fd,2023,historical,paper_coap/ or docs/archive/,git_mv_archive,docs/archive/legacy_submission_packages/ejco_submission_package/ejco_reproducibility_artifact/README.md,Separate stale EJCO/legacy from COAP canonical,git checkout 6c04ff1 -- path,"README, docs/INDEX.md"
submission_package/ejco_reproducibility_artifact/REPRODUCE.md,yes,efea61de6fa9321f08de685c7a42bec7fa99c6e56e119f1d2cec54cc42e6d143,1402,historical,paper_coap/ or docs/archive/,git_mv_archive,docs/archive/legacy_submission_packages/ejco_submission_package/ejco_reproducibility_artifact/REPRODUCE.md,Separate stale EJCO/legacy from COAP canonical,git checkout 6c04ff1 -- path,"README, docs/INDEX.md"
submission_package/ejco_reproducibility_artifact/docs/baselines_and_datasets_references.md,yes,4216b008ce49f2bebaf2ffd625d0f56d71817ab331cffc5df17e7eb057d395af,9810,historical,paper_coap/ or docs/archive/,git_mv_archive,docs/archive/legacy_submission_packages/ejco_submission_package/ejco_reproducibility_artifact/docs/baselines_and_datasets_references.md,Separate stale EJCO/legacy from COAP canonical,git checkout 6c04ff1 -- path,"README, docs/INDEX.md"
submission_package/ejco_reproducibility_artifact/experiments/README.md,yes,c9e570a7f38f8af7f5af537b1e344901bbc6e5a54450b08fde64a3c67bf3fd24,1571,historical,paper_coap/ or docs/archive/,git_mv_archive,docs/archive/legacy_submission_packages/ejco_submission_package/ejco_reproducibility_artifact/experiments/README.md,Separate stale EJCO/legacy from COAP canonical,git checkout 6c04ff1 -- path,"README, docs/INDEX.md"
submission_package/ejco_reproducibility_artifact/experiments/exp1b_core_benchmark_full_wmsf_seed/configs/benchmark_instances_found_all.txt,yes,dab00187f09f899346b5dbbcad85a00022969c919133d0e9e2e09caa9a8bd895,4851,historical,paper_coap/ or docs/archive/,git_mv_archive,docs/archive/legacy_submission_packages/ejco_submission_package/ejco_reproducibility_artifact/experiments/exp1b_core_benchmark_full_wmsf_seed/configs/benchmark_instances_found_all.txt,Separate stale EJCO/legacy from COAP canonical,git checkout 6c04ff1 -- path,"README, docs/INDEX.md"
submission_package/ejco_reproducibility_artifact/experiments/exp1b_core_benchmark_full_wmsf_seed/configs/experiment_metadata.txt,yes,68b5109a2ba5590f40efa1e4f5a08f09f48c01d7355e3b820df9b286ea6113d5,209,historical,paper_coap/ or docs/archive/,git_mv_archive,docs/archive/legacy_submission_packages/ejco_submission_package/ejco_reproducibility_artifact/experiments/exp1b_core_benchmark_full_wmsf_seed/configs/experiment_metadata.txt,Separate stale EJCO/legacy from COAP canonical,git checkout 6c04ff1 -- path,"README, docs/INDEX.md"
submission_package/ejco_reproducibility_artifact/experiments/exp1b_core_benchmark_full_wmsf_seed/configs/smoke_instances.txt,yes,a14d9bc6e8f1cc8fa9dfc367897c00e42fd17444f2b070a1824d905c342cc79c,120,historical,paper_coap/ or docs/archive/,git_mv_archive,docs/archive/legacy_submission_packages/ejco_submission_package/ejco_reproducibility_artifact/experiments/exp1b_core_benchmark_full_wmsf_seed/configs/smoke_instances.txt,Separate stale EJCO/legacy from COAP canonical,git checkout 6c04ff1 -- path,"README, docs/INDEX.md"
submission_package/ejco_reproducibility_artifact/experiments/exp1b_core_benchmark_full_wmsf_seed/postprocess_exp1b.py,yes,d1f889b6cfecd4c74d5715393aa0ce7bd6ea4368799c4d51649d7bad55616724,8970,historical,paper_coap/ or docs/archive/,git_mv_archive,docs/archive/legacy_submission_packages/ejco_submission_package/ejco_reproducibility_artifact/experiments/exp1b_core_benchmark_full_wmsf_seed/postprocess_exp1b.py,Separate stale EJCO/legacy from COAP canonical,git checkout 6c04ff1 -- path,"README, docs/INDEX.md"
submission_package/ejco_reproducibility_artifact/experiments/exp1b_core_benchmark_full_wmsf_seed/summary/exp1b_core_benchmark_stats.json,yes,3a6f4f00414b5dcfa48cfb91d9ba8f5ec75a9053017f1a92937ea67dd53e9a71,710,historical,paper_coap/ or docs/archive/,git_mv_archive,docs/archive/legacy_submission_packages/ejco_submission_package/ejco_reproducibility_artifact/experiments/exp1b_core_benchmark_full_wmsf_seed/summary/exp1b_core_benchmark_stats.json,Separate stale EJCO/legacy from COAP canonical,git checkout 6c04ff1 -- path,"README, docs/INDEX.md"
submission_package/ejco_reproducibility_artifact/experiments/exp1b_core_benchmark_full_wmsf_seed/summary/exp1b_core_benchmark_summary.md,yes,e831710e4ed2ba9a09fd6597b8f80b5d1ba5be53db34938f9e586e69e711b044,1187,historical,paper_coap/ or docs/archive/,git_mv_archive,docs/archive/legacy_submission_packages/ejco_submission_package/ejco_reproducibility_artifact/experiments/exp1b_core_benchmark_full_wmsf_seed/summary/exp1b_core_benchmark_summary.md,Separate stale EJCO/legacy from COAP canonical,git checkout 6c04ff1 -- path,"README, docs/INDEX.md"
submission_package/ejco_reproducibility_artifact/experiments/exp2_ablation/README.md,yes,bb138d3ba022c840b9ed0126bea31968238efc27d95efcfac1b72a0b75c268d6,3315,historical,paper_coap/ or docs/archive/,git_mv_archive,docs/archive/legacy_submission_packages/ejco_submission_package/ejco_reproducibility_artifact/experiments/exp2_ablation/README.md,Separate stale EJCO/legacy from COAP canonical,git checkout 6c04ff1 -- path,"README, docs/INDEX.md"
submission_package/ejco_reproducibility_artifact/experiments/exp2_ablation/configs/ablation_plan.yaml,yes,43b72f09c0ad92c1ec223cc90a482389a38af9b6ab85262d2b491d5fcff3645f,6267,historical,paper_coap/ or docs/archive/,git_mv_archive,docs/archive/legacy_submission_packages/ejco_submission_package/ejco_reproducibility_artifact/experiments/exp2_ablation/configs/ablation_plan.yaml,Separate stale EJCO/legacy from COAP canonical,git checkout 6c04ff1 -- path,"README, docs/INDEX.md"
submission_package/ejco_reproducibility_artifact/experiments/exp2_ablation/configs/exp2_ablation_instances.txt,yes,9f1e68cbcd34d10ef250c645300eb4668fb3c0a0d4279b2f836fadaa5ff6fc10,396,historical,paper_coap/ or docs/archive/,git_mv_archive,docs/archive/legacy_submission_packages/ejco_submission_package/ejco_reproducibility_artifact/experiments/exp2_ablation/configs/exp2_ablation_instances.txt,Separate stale EJCO/legacy from COAP canonical,git checkout 6c04ff1 -- path,"README, docs/INDEX.md"
submission_package/ejco_reproducibility_artifact/experiments/exp2_ablation/run_exp2_ablation_tmux.sh,yes,2155440b807f21c6e1fba43f326798e9b561fd8e68f6ba0a0d3967dbad9d5e83,13254,historical,paper_coap/ or docs/archive/,git_mv_archive,docs/archive/legacy_submission_packages/ejco_submission_package/ejco_reproducibility_artifact/experiments/exp2_ablation/run_exp2_ablation_tmux.sh,Separate stale EJCO/legacy from COAP canonical,git checkout 6c04ff1 -- path,"README, docs/INDEX.md"
submission_package/ejco_reproducibility_artifact/experiments/exp2_ablation/summary/exp2_ablation_stats.json,yes,72e96e74806fb7f352cfdd87e2ead6ac5125f8d24b54c6da800dd398e6ad2867,988,historical,paper_coap/ or docs/archive/,git_mv_archive,docs/archive/legacy_submission_packages/ejco_submission_package/ejco_reproducibility_artifact/experiments/exp2_ablation/summary/exp2_ablation_stats.json,Separate stale EJCO/legacy from COAP canonical,git checkout 6c04ff1 -- path,"README, docs/INDEX.md"
submission_package/ejco_reproducibility_artifact/experiments/exp2_ablation/summary/exp2_ablation_template.md,yes,31c4fb0a6658fcfb40e1824da4fb9905177f0422f7719f84bc3b9dcd9f5764a8,2101,historical,paper_coap/ or docs/archive/,git_mv_archive,docs/archive/legacy_submission_packages/ejco_submission_package/ejco_reproducibility_artifact/experiments/exp2_ablation/summary/exp2_ablation_template.md,Separate stale EJCO/legacy from COAP canonical,git checkout 6c04ff1 -- path,"README, docs/INDEX.md"
submission_package/ejco_reproducibility_artifact/experiments/exp3_exact_small/configs/exp3_config.yaml,yes,9ab70d7a8e6b770f13b374aad4decf2445c23827ac0317d99c88a2657f7371f5,768,historical,paper_coap/ or docs/archive/,git_mv_archive,docs/archive/legacy_submission_packages/ejco_submission_package/ejco_reproducibility_artifact/experiments/exp3_exact_small/configs/exp3_config.yaml,Separate stale EJCO/legacy from COAP canonical,git checkout 6c04ff1 -- path,"README, docs/INDEX.md"
submission_package/ejco_reproducibility_artifact/experiments/exp3_exact_small/run_exp3_exact_tmux.sh,yes,96daf5f27da1d16f15f25370d46bab0ce25271d44eb8e843f9b6d2c636495e79,11299,historical,paper_coap/ or docs/archive/,git_mv_archive,docs/archive/legacy_submission_packages/ejco_submission_package/ejco_reproducibility_artifact/experiments/exp3_exact_small/run_exp3_exact_tmux.sh,Separate stale EJCO/legacy from COAP canonical,git checkout 6c04ff1 -- path,"README, docs/INDEX.md"
submission_package/ejco_reproducibility_artifact/experiments/exp3_exact_small/summary/exp3_exact_report.md,yes,a64681b56f889cc024c590dd162c26bc6493741d20af267e7a851d926d9e57cd,4130,historical,paper_coap/ or docs/archive/,git_mv_archive,docs/archive/legacy_submission_packages/ejco_submission_package/ejco_reproducibility_artifact/experiments/exp3_exact_small/summary/exp3_exact_report.md,Separate stale EJCO/legacy from COAP canonical,git checkout 6c04ff1 -- path,"README, docs/INDEX.md"
submission_package/ejco_reproducibility_artifact/experiments/exp3_exact_small/summary/exp3_exact_stats.json,yes,7cc99ed990e102d253b8c6c2837375b2232e047a9359e88750dc00af87bc7c59,778,historical,paper_coap/ or docs/archive/,git_mv_archive,docs/archive/legacy_submission_packages/ejco_submission_package/ejco_reproducibility_artifact/experiments/exp3_exact_small/summary/exp3_exact_stats.json,Separate stale EJCO/legacy from COAP canonical,git checkout 6c04ff1 -- path,"README, docs/INDEX.md"
submission_package/ejco_reproducibility_artifact/experiments/exp4_external_baselines/baseline_registry.md,yes,4dd3b0e04f2289ff7dadd604d09e43bcadce3c77f694d54d2c3b7460b7a03c39,6020,historical,paper_coap/ or docs/archive/,git_mv_archive,docs/archive/legacy_submission_packages/ejco_submission_package/ejco_reproducibility_artifact/experiments/exp4_external_baselines/baseline_registry.md,Separate stale EJCO/legacy from COAP canonical,git checkout 6c04ff1 -- path,"README, docs/INDEX.md"
submission_package/ejco_reproducibility_artifact/experiments/exp4_external_baselines/configs/exp4_instances.txt,yes,dab00187f09f899346b5dbbcad85a00022969c919133d0e9e2e09caa9a8bd895,4851,historical,paper_coap/ or docs/archive/,git_mv_archive,docs/archive/legacy_submission_packages/ejco_submission_package/ejco_reproducibility_artifact/experiments/exp4_external_baselines/configs/exp4_instances.txt,Separate stale EJCO/legacy from COAP canonical,git checkout 6c04ff1 -- path,"README, docs/INDEX.md"
submission_package/ejco_reproducibility_artifact/experiments/exp4_external_baselines/configs/exp4_smoke_instances.txt,yes,373d919d140899b6947104a61096753dfd2024f635cd8549546f2adaf738dbc9,162,historical,paper_coap/ or docs/archive/,git_mv_archive,docs/archive/legacy_submission_packages/ejco_submission_package/ejco_reproducibility_artifact/experiments/exp4_external_baselines/configs/exp4_smoke_instances.txt,Separate stale EJCO/legacy from COAP canonical,git checkout 6c04ff1 -- path,"README, docs/INDEX.md"
submission_package/ejco_reproducibility_artifact/experiments/exp4_external_baselines/postprocess_exp4_external.py,yes,89585ee1583104a0455b5a8efbaef3c05e89757e2e981ba52f80b513fc19b194,10604,historical,paper_coap/ or docs/archive/,git_mv_archive,docs/archive/legacy_submission_packages/ejco_submission_package/ejco_reproducibility_artifact/experiments/exp4_external_baselines/postprocess_exp4_external.py,Separate stale EJCO/legacy from COAP canonical,git checkout 6c04ff1 -- path,"README, docs/INDEX.md"
submission_package/ejco_reproducibility_artifact/experiments/exp4_external_baselines/run_exp4_benchmark.py,yes,63d804eb0287dc6fe7186d5e5ef2d6062ceab6f70ecf91192fe7514a958a0eb2,9430,historical,paper_coap/ or docs/archive/,git_mv_archive,docs/archive/legacy_submission_packages/ejco_submission_package/ejco_reproducibility_artifact/experiments/exp4_external_baselines/run_exp4_benchmark.py,Separate stale EJCO/legacy from COAP canonical,git checkout 6c04ff1 -- path,"README, docs/INDEX.md"
submission_package/ejco_reproducibility_artifact/experiments/exp4_external_baselines/run_exp4_external_baselines_tmux.sh,yes,13a13aec012490d1ad388f517ce3cc4bba535d139f34848b300b7149a4c56216,1357,historical,paper_coap/ or docs/archive/,git_mv_archive,docs/archive/legacy_submission_packages/ejco_submission_package/ejco_reproducibility_artifact/experiments/exp4_external_baselines/run_exp4_external_baselines_tmux.sh,Separate stale EJCO/legacy from COAP canonical,git checkout 6c04ff1 -- path,"README, docs/INDEX.md"
submission_package/ejco_reproducibility_artifact/experiments/exp4_external_baselines/run_exp4_smoke.sh,yes,084689b1a51306c2b694fab46dbe17f69bdc95a40bc97752bdc5c77cbf56a900,926,historical,paper_coap/ or docs/archive/,git_mv_archive,docs/archive/legacy_submission_packages/ejco_submission_package/ejco_reproducibility_artifact/experiments/exp4_external_baselines/run_exp4_smoke.sh,Separate stale EJCO/legacy from COAP canonical,git checkout 6c04ff1 -- path,"README, docs/INDEX.md"
submission_package/ejco_reproducibility_artifact/experiments/exp4_external_baselines/summary/exp4_external_report.md,yes,daf5132daf4ab194146167b37d2de81b498f68a649ef3725e88c24cea1a95d82,7487,historical,paper_coap/ or docs/archive/,git_mv_archive,docs/archive/legacy_submission_packages/ejco_submission_package/ejco_reproducibility_artifact/experiments/exp4_external_baselines/summary/exp4_external_report.md,Separate stale EJCO/legacy from COAP canonical,git checkout 6c04ff1 -- path,"README, docs/INDEX.md"
submission_package/ejco_reproducibility_artifact/experiments/exp4_external_baselines/summary/exp4_external_stats.json,yes,d582120108d3fa3d830c8736503de9739e3ce3ad66d88b1f017e527e09443415,1470,historical,paper_coap/ or docs/archive/,git_mv_archive,docs/archive/legacy_submission_packages/ejco_submission_package/ejco_reproducibility_artifact/experiments/exp4_external_baselines/summary/exp4_external_stats.json,Separate stale EJCO/legacy from COAP canonical,git checkout 6c04ff1 -- path,"README, docs/INDEX.md"
submission_package/ejco_reproducibility_artifact/experiments/exp4_external_baselines/summary/exp4_external_summary.md,yes,4a2a1cd1a5f414638c7261464d0db5906bd625ed1ddbb2ccccc5ed3851d47086,1919,historical,paper_coap/ or docs/archive/,git_mv_archive,docs/archive/legacy_submission_packages/ejco_submission_package/ejco_reproducibility_artifact/experiments/exp4_external_baselines/summary/exp4_external_summary.md,Separate stale EJCO/legacy from COAP canonical,git checkout 6c04ff1 -- path,"README, docs/INDEX.md"
submission_package/ejco_reproducibility_artifact/experiments/exp4_external_baselines/summary/external_access_report.md,yes,6e9f278dbbfc18fa2cd78bb1a3c73c35a84f24e754f9655530c06965f4837582,5336,historical,paper_coap/ or docs/archive/,git_mv_archive,docs/archive/legacy_submission_packages/ejco_submission_package/ejco_reproducibility_artifact/experiments/exp4_external_baselines/summary/external_access_report.md,Separate stale EJCO/legacy from COAP canonical,git checkout 6c04ff1 -- path,"README, docs/INDEX.md"
submission_package/ejco_reproducibility_artifact/experiments/exp5_lolib_dense/README.md,yes,8a900a16fb96eced5d5f827090fd98d6f0ac9d6b90c4c62b4c74762030d2b839,4564,historical,paper_coap/ or docs/archive/,git_mv_archive,docs/archive/legacy_submission_packages/ejco_submission_package/ejco_reproducibility_artifact/experiments/exp5_lolib_dense/README.md,Separate stale EJCO/legacy from COAP canonical,git checkout 6c04ff1 -- path,"README, docs/INDEX.md"
submission_package/ejco_reproducibility_artifact/experiments/exp5_lolib_dense/configs/exp5_lolib_instances.txt,yes,a3ec1700f60c290bbcc7ff49fb776bdaad5eb3bd0b31fade69b8b7e76f63d569,8103,historical,paper_coap/ or docs/archive/,git_mv_archive,docs/archive/legacy_submission_packages/ejco_submission_package/ejco_reproducibility_artifact/experiments/exp5_lolib_dense/configs/exp5_lolib_instances.txt,Separate stale EJCO/legacy from COAP canonical,git checkout 6c04ff1 -- path,"README, docs/INDEX.md"
submission_package/ejco_reproducibility_artifact/experiments/exp5_lolib_dense/configs/exp5_lolib_plan.yaml,yes,911ef8299a3419694dc3d7fd2e3c760f2125f4c67b33a1b953c0487d8486330d,2367,historical,paper_coap/ or docs/archive/,git_mv_archive,docs/archive/legacy_submission_packages/ejco_submission_package/ejco_reproducibility_artifact/experiments/exp5_lolib_dense/configs/exp5_lolib_plan.yaml,Separate stale EJCO/legacy from COAP canonical,git checkout 6c04ff1 -- path,"README, docs/INDEX.md"
submission_package/ejco_reproducibility_artifact/experiments/exp5_lolib_dense/configs/exp5_lolib_smoke.txt,yes,2c72cad2ce053dfda27731cd59348b40bb838f63c971910fe49835f517e6c737,916,historical,paper_coap/ or docs/archive/,git_mv_archive,docs/archive/legacy_submission_packages/ejco_submission_package/ejco_reproducibility_artifact/experiments/exp5_lolib_dense/configs/exp5_lolib_smoke.txt,Separate stale EJCO/legacy from COAP canonical,git checkout 6c04ff1 -- path,"README, docs/INDEX.md"
submission_package/ejco_reproducibility_artifact/experiments/exp5_lolib_dense/configs/tiny_lolib_test.lop,yes,019eee9d7c348c4c27e356feea6cb88f522a86983689425a13e7ab1e04044f09,39,historical,paper_coap/ or docs/archive/,git_mv_archive,docs/archive/legacy_submission_packages/ejco_submission_package/ejco_reproducibility_artifact/experiments/exp5_lolib_dense/configs/tiny_lolib_test.lop,Separate stale EJCO/legacy from COAP canonical,git checkout 6c04ff1 -- path,"README, docs/INDEX.md"
submission_package/ejco_reproducibility_artifact/experiments/exp5_lolib_dense/postprocess_exp5_lolib.py,yes,13fd5322b3982e0fae22deb3fc9525c6dea750713c180459a0e54c3e5364756d,9858,historical,paper_coap/ or docs/archive/,git_mv_archive,docs/archive/legacy_submission_packages/ejco_submission_package/ejco_reproducibility_artifact/experiments/exp5_lolib_dense/postprocess_exp5_lolib.py,Separate stale EJCO/legacy from COAP canonical,git checkout 6c04ff1 -- path,"README, docs/INDEX.md"
submission_package/ejco_reproducibility_artifact/experiments/exp5_lolib_dense/run_exp5_lolib_benchmark.py,yes,85ed0d1af44540bb24a6dba52f4625b2c8698b84f87f915914623b6eae0f04a0,9771,historical,paper_coap/ or docs/archive/,git_mv_archive,docs/archive/legacy_submission_packages/ejco_submission_package/ejco_reproducibility_artifact/experiments/exp5_lolib_dense/run_exp5_lolib_benchmark.py,Separate stale EJCO/legacy from COAP canonical,git checkout 6c04ff1 -- path,"README, docs/INDEX.md"
submission_package/ejco_reproducibility_artifact/experiments/exp5_lolib_dense/run_exp5_lolib_tmux.sh,yes,531c9749ffef94a0604dd3c5518178dd4224feb6775ea680d87d3af6fbd42a22,1133,historical,paper_coap/ or docs/archive/,git_mv_archive,docs/archive/legacy_submission_packages/ejco_submission_package/ejco_reproducibility_artifact/experiments/exp5_lolib_dense/run_exp5_lolib_tmux.sh,Separate stale EJCO/legacy from COAP canonical,git checkout 6c04ff1 -- path,"README, docs/INDEX.md"
submission_package/ejco_reproducibility_artifact/experiments/exp5_lolib_dense/summary/exp5_final_report.md,yes,c826f8038bdbaf992112621c982904df5ce378d8a04fe4f7760722fb3e24850d,6176,historical,paper_coap/ or docs/archive/,git_mv_archive,docs/archive/legacy_submission_packages/ejco_submission_package/ejco_reproducibility_artifact/experiments/exp5_lolib_dense/summary/exp5_final_report.md,Separate stale EJCO/legacy from COAP canonical,git checkout 6c04ff1 -- path,"README, docs/INDEX.md"
submission_package/ejco_reproducibility_artifact/experiments/exp5_lolib_dense/summary/exp5_lolib_access_report.md,yes,1f3aadc71202604aa298bdb7a8ef029c2108e2dc693f0b9c3f68630391bdd385,5451,historical,paper_coap/ or docs/archive/,git_mv_archive,docs/archive/legacy_submission_packages/ejco_submission_package/ejco_reproducibility_artifact/experiments/exp5_lolib_dense/summary/exp5_lolib_access_report.md,Separate stale EJCO/legacy from COAP canonical,git checkout 6c04ff1 -- path,"README, docs/INDEX.md"
submission_package/ejco_reproducibility_artifact/experiments/exp5_lolib_dense/summary/exp5_lolib_stats.json,yes,c172c3616d2e2cd7938719adbebb480f0f1f43ae8ba5c2151dba87d2421428d5,894,historical,paper_coap/ or docs/archive/,git_mv_archive,docs/archive/legacy_submission_packages/ejco_submission_package/ejco_reproducibility_artifact/experiments/exp5_lolib_dense/summary/exp5_lolib_stats.json,Separate stale EJCO/legacy from COAP canonical,git checkout 6c04ff1 -- path,"README, docs/INDEX.md"
submission_package/ejco_reproducibility_artifact/experiments/exp5_lolib_dense/summary/exp5_lolib_summary.md,yes,4301ea6c6d50d9ddd50c7a6c8e8968434a1a9455345dd11ac9eea30be1eb0b7a,1460,historical,paper_coap/ or docs/archive/,git_mv_archive,docs/archive/legacy_submission_packages/ejco_submission_package/ejco_reproducibility_artifact/experiments/exp5_lolib_dense/summary/exp5_lolib_summary.md,Separate stale EJCO/legacy from COAP canonical,git checkout 6c04ff1 -- path,"README, docs/INDEX.md"
submission_package/ejco_reproducibility_artifact/experiments/exp6_ipsns_budget_curve/README.md,yes,21475f020cea8d6ea10cd853f9cbceb3b8f873e0e450942d5c65543fa19dcd2b,1365,historical,paper_coap/ or docs/archive/,git_mv_archive,docs/archive/legacy_submission_packages/ejco_submission_package/ejco_reproducibility_artifact/experiments/exp6_ipsns_budget_curve/README.md,Separate stale EJCO/legacy from COAP canonical,git checkout 6c04ff1 -- path,"README, docs/INDEX.md"
submission_package/ejco_reproducibility_artifact/experiments/exp6_ipsns_budget_curve/summary/exp6_final_report.md,yes,13e5be8389059fe9dd53d600dee9c1ed7404d3781b71aacb87643c01ec41816e,1051,historical,paper_coap/ or docs/archive/,git_mv_archive,docs/archive/legacy_submission_packages/ejco_submission_package/ejco_reproducibility_artifact/experiments/exp6_ipsns_budget_curve/summary/exp6_final_report.md,Separate stale EJCO/legacy from COAP canonical,git checkout 6c04ff1 -- path,"README, docs/INDEX.md"
submission_package/ejco_reproducibility_artifact/experiments/exp7_plain_local_search/README.md,yes,b1b801e7cc52fa3e6419defd95af3635c9fa91f76105dc1a311734d0624e439e,2561,historical,paper_coap/ or docs/archive/,git_mv_archive,docs/archive/legacy_submission_packages/ejco_submission_package/ejco_reproducibility_artifact/experiments/exp7_plain_local_search/README.md,Separate stale EJCO/legacy from COAP canonical,git checkout 6c04ff1 -- path,"README, docs/INDEX.md"
submission_package/ejco_reproducibility_artifact/experiments/exp7_plain_local_search/summary/exp7_final_report.md,yes,c09ddd93a71925ee60296be1d126eb05872949f9d0651a4c12a425026d69573d,2674,historical,paper_coap/ or docs/archive/,git_mv_archive,docs/archive/legacy_submission_packages/ejco_submission_package/ejco_reproducibility_artifact/experiments/exp7_plain_local_search/summary/exp7_final_report.md,Separate stale EJCO/legacy from COAP canonical,git checkout 6c04ff1 -- path,"README, docs/INDEX.md"
submission_package/ejco_reproducibility_artifact/experiments/exp8_medium_mip_baseline/EXP8_STATUS_CHECK.md,yes,ee545387c347b3cb1eef27a91441c638e5ecf3f8291bfd50997c14ea8a6dd53b,1938,historical,paper_coap/ or docs/archive/,git_mv_archive,docs/archive/legacy_submission_packages/ejco_submission_package/ejco_reproducibility_artifact/experiments/exp8_medium_mip_baseline/EXP8_STATUS_CHECK.md,Separate stale EJCO/legacy from COAP canonical,git checkout 6c04ff1 -- path,"README, docs/INDEX.md"
submission_package/ejco_reproducibility_artifact/experiments/exp8_medium_mip_baseline/README.md,yes,f442dbf118a49164bec2d120ed6a12b52620bcce02814472d5fa2b8c8a18f552,2904,historical,paper_coap/ or docs/archive/,git_mv_archive,docs/archive/legacy_submission_packages/ejco_submission_package/ejco_reproducibility_artifact/experiments/exp8_medium_mip_baseline/README.md,Separate stale EJCO/legacy from COAP canonical,git checkout 6c04ff1 -- path,"README, docs/INDEX.md"
submission_package/ejco_reproducibility_artifact/experiments/exp8_medium_mip_baseline/config/solver_availability.json,yes,e50801ff545a2c67144a593248ac1567182d9afd0689f65d08226a6d4877cf3c,366,historical,paper_coap/ or docs/archive/,git_mv_archive,docs/archive/legacy_submission_packages/ejco_submission_package/ejco_reproducibility_artifact/experiments/exp8_medium_mip_baseline/config/solver_availability.json,Separate stale EJCO/legacy from COAP canonical,git checkout 6c04ff1 -- path,"README, docs/INDEX.md"
submission_package/ejco_reproducibility_artifact/experiments/exp8_medium_mip_baseline/config/solver_availability.md,yes,086d068f419cb4f5aa7b5af170a22987facd1ec351d74a735ae2b7967fbaf0d7,336,historical,paper_coap/ or docs/archive/,git_mv_archive,docs/archive/legacy_submission_packages/ejco_submission_package/ejco_reproducibility_artifact/experiments/exp8_medium_mip_baseline/config/solver_availability.md,Separate stale EJCO/legacy from COAP canonical,git checkout 6c04ff1 -- path,"README, docs/INDEX.md"
submission_package/ejco_reproducibility_artifact/experiments/exp8_medium_mip_baseline/summary/exp8_final_report.md,yes,1741bd26d4f8f2949f05b940e62a2ec588268e3e7b3a95b5d6b3df2c3bdf8f1d,1162,historical,paper_coap/ or docs/archive/,git_mv_archive,docs/archive/legacy_submission_packages/ejco_submission_package/ejco_reproducibility_artifact/experiments/exp8_medium_mip_baseline/summary/exp8_final_report.md,Separate stale EJCO/legacy from COAP canonical,git checkout 6c04ff1 -- path,"README, docs/INDEX.md"
submission_package/ejco_reproducibility_artifact/experiments/exp8_medium_mip_baseline/summary/exp8_final_report_smoke.md,yes,7402674c53138a21fd9132934b9effcc0e3c027716fa2da454fb82884d52afe2,701,historical,paper_coap/ or docs/archive/,git_mv_archive,docs/archive/legacy_submission_packages/ejco_submission_package/ejco_reproducibility_artifact/experiments/exp8_medium_mip_baseline/summary/exp8_final_report_smoke.md,Separate stale EJCO/legacy from COAP canonical,git checkout 6c04ff1 -- path,"README, docs/INDEX.md"
submission_package/ejco_reproducibility_artifact/experiments/exp8_medium_mip_baseline/summary/exp8_mip_summary.json,yes,b1cc0d7f787de59f8757c4865bde37f63034e6df759a562c85c68aa1cdca7169,2159,historical,paper_coap/ or docs/archive/,git_mv_archive,docs/archive/legacy_submission_packages/ejco_submission_package/ejco_reproducibility_artifact/experiments/exp8_medium_mip_baseline/summary/exp8_mip_summary.json,Separate stale EJCO/legacy from COAP canonical,git checkout 6c04ff1 -- path,"README, docs/INDEX.md"
submission_package/ejco_reproducibility_artifact/experiments/exp8_medium_mip_baseline/summary/exp8_mip_summary_smoke.json,yes,ab59ed343d93046897d4484b0194f3941e22a718da66319eba15904158c010ae,541,historical,paper_coap/ or docs/archive/,git_mv_archive,docs/archive/legacy_submission_packages/ejco_submission_package/ejco_reproducibility_artifact/experiments/exp8_medium_mip_baseline/summary/exp8_mip_summary_smoke.json,Separate stale EJCO/legacy from COAP canonical,git checkout 6c04ff1 -- path,"README, docs/INDEX.md"
submission_package/ejco_reproducibility_artifact/experiments/exp9_application_case/README.md,yes,89e27e7c1ea6b029659c59205e02da2f30e93139d51bf81df92b20f44f967bd6,2828,historical,paper_coap/ or docs/archive/,git_mv_archive,docs/archive/legacy_submission_packages/ejco_submission_package/ejco_reproducibility_artifact/experiments/exp9_application_case/README.md,Separate stale EJCO/legacy from COAP canonical,git checkout 6c04ff1 -- path,"README, docs/INDEX.md"
submission_package/ejco_reproducibility_artifact/experiments/exp9_application_case/candidate_local_files.txt,yes,30ba8b363449f7a0aebde8018be954428fafba86d4679bd3fc6e0a213709d97c,78064,historical,paper_coap/ or docs/archive/,git_mv_archive,docs/archive/legacy_submission_packages/ejco_submission_package/ejco_reproducibility_artifact/experiments/exp9_application_case/candidate_local_files.txt,Separate stale EJCO/legacy from COAP canonical,git checkout 6c04ff1 -- path,"README, docs/INDEX.md"
submission_package/ejco_reproducibility_artifact/experiments/exp9_application_case/config/dataset_provenance.json,yes,496c2022e665910a32e593a4e52beeb2973311838f13214557770a85b850132b,1346,historical,paper_coap/ or docs/archive/,git_mv_archive,docs/archive/legacy_submission_packages/ejco_submission_package/ejco_reproducibility_artifact/experiments/exp9_application_case/config/dataset_provenance.json,Separate stale EJCO/legacy from COAP canonical,git checkout 6c04ff1 -- path,"README, docs/INDEX.md"
submission_package/ejco_reproducibility_artifact/experiments/exp9_application_case/config/dataset_provenance.md,yes,d01c08965b5ed87ba1a79742810a55c2fcbf1b410b123363564a1910222f013e,1119,historical,paper_coap/ or docs/archive/,git_mv_archive,docs/archive/legacy_submission_packages/ejco_submission_package/ejco_reproducibility_artifact/experiments/exp9_application_case/config/dataset_provenance.md,Separate stale EJCO/legacy from COAP canonical,git checkout 6c04ff1 -- path,"README, docs/INDEX.md"
submission_package/ejco_reproducibility_artifact/experiments/exp9_application_case/converted/wiki_vote_top10.d,yes,799ec37e9226117ade9f64c6850213664579433cd3788e422f12dff8c7948876,405,historical,paper_coap/ or docs/archive/,git_mv_archive,docs/archive/legacy_submission_packages/ejco_submission_package/ejco_reproducibility_artifact/experiments/exp9_application_case/converted/wiki_vote_top10.d,Separate stale EJCO/legacy from COAP canonical,git checkout 6c04ff1 -- path,"README, docs/INDEX.md"
submission_package/ejco_reproducibility_artifact/experiments/exp9_application_case/converted/wiki_vote_top50.d,yes,021e80f5bbf771c8d63fea171c3854c9a88658dd12965794c719277e6bf10868,7493,historical,paper_coap/ or docs/archive/,git_mv_archive,docs/archive/legacy_submission_packages/ejco_submission_package/ejco_reproducibility_artifact/experiments/exp9_application_case/converted/wiki_vote_top50.d,Separate stale EJCO/legacy from COAP canonical,git checkout 6c04ff1 -- path,"README, docs/INDEX.md"
submission_package/ejco_reproducibility_artifact/experiments/exp9_application_case/summary/exp9_final_report.md,yes,f7cf6f363424b14046222eac9dbde7e464e0a2f33db2718821d3260f8f61ed85,998,historical,paper_coap/ or docs/archive/,git_mv_archive,docs/archive/legacy_submission_packages/ejco_submission_package/ejco_reproducibility_artifact/experiments/exp9_application_case/summary/exp9_final_report.md,Separate stale EJCO/legacy from COAP canonical,git checkout 6c04ff1 -- path,"README, docs/INDEX.md"
submission_package/ejco_reproducibility_artifact/requirements.txt,yes,38d5878da797b2646211833d894be56065dee023e6c2bf87eba2bb9c0693cb3f,34,historical,paper_coap/ or docs/archive/,git_mv_archive,docs/archive/legacy_submission_packages/ejco_submission_package/ejco_reproducibility_artifact/requirements.txt,Separate stale EJCO/legacy from COAP canonical,git checkout 6c04ff1 -- path,"README, docs/INDEX.md"
submission_package/ejco_reproducibility_artifact/scripts/check_mip_solver_availability.py,yes,e5d47523539c6155f534de08f19e9ee22e7136d86a47bafa61711ad8bc055039,3515,historical,paper_coap/ or docs/archive/,git_mv_archive,docs/archive/legacy_submission_packages/ejco_submission_package/ejco_reproducibility_artifact/scripts/check_mip_solver_availability.py,Separate stale EJCO/legacy from COAP canonical,git checkout 6c04ff1 -- path,"README, docs/INDEX.md"
submission_package/ejco_reproducibility_artifact/scripts/convert_lolib_to_dimacs.py,yes,577dcfc7903ba4f2f41c4f24d15974a29287a081037e4f48b5bb9be5e0cc746f,3618,historical,paper_coap/ or docs/archive/,git_mv_archive,docs/archive/legacy_submission_packages/ejco_submission_package/ejco_reproducibility_artifact/scripts/convert_lolib_to_dimacs.py,Separate stale EJCO/legacy from COAP canonical,git checkout 6c04ff1 -- path,"README, docs/INDEX.md"
submission_package/ejco_reproducibility_artifact/scripts/evaluate_order_lop.py,yes,ca6e85218fc7582aa126c00d4c498811a475c6cfb8a84b2a222364395692cb8b,2824,historical,paper_coap/ or docs/archive/,git_mv_archive,docs/archive/legacy_submission_packages/ejco_submission_package/ejco_reproducibility_artifact/scripts/evaluate_order_lop.py,Separate stale EJCO/legacy from COAP canonical,git checkout 6c04ff1 -- path,"README, docs/INDEX.md"
submission_package/ejco_reproducibility_artifact/scripts/postprocess_exp6_ipsns_budget_curve.py,yes,3748d4c132670eb53824cc800943bb226f2b23a6a3a8bfe76cf7839d9551d7ea,12548,historical,paper_coap/ or docs/archive/,git_mv_archive,docs/archive/legacy_submission_packages/ejco_submission_package/ejco_reproducibility_artifact/scripts/postprocess_exp6_ipsns_budget_curve.py,Separate stale EJCO/legacy from COAP canonical,git checkout 6c04ff1 -- path,"README, docs/INDEX.md"
submission_package/ejco_reproducibility_artifact/scripts/postprocess_exp7_plain_local_search.py,yes,d09df82cb32e6e1477c0f3533311b69f61c1b901d46c281a43198a1451a57f1a,14257,historical,paper_coap/ or docs/archive/,git_mv_archive,docs/archive/legacy_submission_packages/ejco_submission_package/ejco_reproducibility_artifact/scripts/postprocess_exp7_plain_local_search.py,Separate stale EJCO/legacy from COAP canonical,git checkout 6c04ff1 -- path,"README, docs/INDEX.md"
submission_package/ejco_reproducibility_artifact/scripts/postprocess_exp8_medium_mip_baseline.py,yes,02d953db93f40ce81e1624d8ad619f808282c5595954ff6b5027e8a778d05289,9878,historical,paper_coap/ or docs/archive/,git_mv_archive,docs/archive/legacy_submission_packages/ejco_submission_package/ejco_reproducibility_artifact/scripts/postprocess_exp8_medium_mip_baseline.py,Separate stale EJCO/legacy from COAP canonical,git checkout 6c04ff1 -- path,"README, docs/INDEX.md"
submission_package/ejco_reproducibility_artifact/scripts/postprocess_exp9_application_case.py,yes,0997961a2489fbce544d328a65570f9fde1eea207b68ad3fd8ce481566596f40,7087,historical,paper_coap/ or docs/archive/,git_mv_archive,docs/archive/legacy_submission_packages/ejco_submission_package/ejco_reproducibility_artifact/scripts/postprocess_exp9_application_case.py,Separate stale EJCO/legacy from COAP canonical,git checkout 6c04ff1 -- path,"README, docs/INDEX.md"
submission_package/ejco_reproducibility_artifact/scripts/prepare_exp9_application_case.py,yes,0011be32d3796bd5b22b6d21aadb02c9e4a37a76cb711ad05e31b2095a932112,8848,historical,paper_coap/ or docs/archive/,git_mv_archive,docs/archive/legacy_submission_packages/ejco_submission_package/ejco_reproducibility_artifact/scripts/prepare_exp9_application_case.py,Separate stale EJCO/legacy from COAP canonical,git checkout 6c04ff1 -- path,"README, docs/INDEX.md"
submission_package/ejco_reproducibility_artifact/scripts/reproduce_all.py,yes,c9e17dd9242d575cf2f13261cf7cc43f5ca0bb5e71ae4dba1260f12d2a275c1a,4524,historical,paper_coap/ or docs/archive/,git_mv_archive,docs/archive/legacy_submission_packages/ejco_submission_package/ejco_reproducibility_artifact/scripts/reproduce_all.py,Separate stale EJCO/legacy from COAP canonical,git checkout 6c04ff1 -- path,"README, docs/INDEX.md"
submission_package/ejco_reproducibility_artifact/scripts/run_borda.py,yes,13d3fac8161005cabf631f57ce175292354a6d796276ad1233e1e9b01589734b,898,historical,paper_coap/ or docs/archive/,git_mv_archive,docs/archive/legacy_submission_packages/ejco_submission_package/ejco_reproducibility_artifact/scripts/run_borda.py,Separate stale EJCO/legacy from COAP canonical,git checkout 6c04ff1 -- path,"README, docs/INDEX.md"
submission_package/ejco_reproducibility_artifact/scripts/run_drmaciver_fas.py,yes,928ef32c81b290a35bcb9447fe82e0dc4ac5e9d0de0ce8f517161e77f4c87947,6259,historical,paper_coap/ or docs/archive/,git_mv_archive,docs/archive/legacy_submission_packages/ejco_submission_package/ejco_reproducibility_artifact/scripts/run_drmaciver_fas.py,Separate stale EJCO/legacy from COAP canonical,git checkout 6c04ff1 -- path,"README, docs/INDEX.md"
submission_package/ejco_reproducibility_artifact/scripts/run_exact.py,yes,56645acd9e6b6f501a69fa6867fbe93a4d103bbda1d47b2b2d0fc083f90f445e,1327,historical,paper_coap/ or docs/archive/,git_mv_archive,docs/archive/legacy_submission_packages/ejco_submission_package/ejco_reproducibility_artifact/scripts/run_exact.py,Separate stale EJCO/legacy from COAP canonical,git checkout 6c04ff1 -- path,"README, docs/INDEX.md"
submission_package/ejco_reproducibility_artifact/scripts/run_exp6_ipsns_budget_curve.py,yes,05a9be8e7c3900c9a9d4a9a6a0bd043f3fdab31eedb795235eab341799546506,4857,historical,paper_coap/ or docs/archive/,git_mv_archive,docs/archive/legacy_submission_packages/ejco_submission_package/ejco_reproducibility_artifact/scripts/run_exp6_ipsns_budget_curve.py,Separate stale EJCO/legacy from COAP canonical,git checkout 6c04ff1 -- path,"README, docs/INDEX.md"
submission_package/ejco_reproducibility_artifact/scripts/run_exp7_plain_local_search.py,yes,46319eb078a781ee746bd583d7770c2898d12bd39762e54cdb3113530311a253,17097,historical,paper_coap/ or docs/archive/,git_mv_archive,docs/archive/legacy_submission_packages/ejco_submission_package/ejco_reproducibility_artifact/scripts/run_exp7_plain_local_search.py,Separate stale EJCO/legacy from COAP canonical,git checkout 6c04ff1 -- path,"README, docs/INDEX.md"
submission_package/ejco_reproducibility_artifact/scripts/run_exp8_medium_mip_baseline.py,yes,8201b00b9502c86963d841698fa4e7e07b1fd1f2972f96e42c8c975f296734aa,14835,historical,paper_coap/ or docs/archive/,git_mv_archive,docs/archive/legacy_submission_packages/ejco_submission_package/ejco_reproducibility_artifact/scripts/run_exp8_medium_mip_baseline.py,Separate stale EJCO/legacy from COAP canonical,git checkout 6c04ff1 -- path,"README, docs/INDEX.md"
submission_package/ejco_reproducibility_artifact/scripts/run_exp9_application_case.py,yes,cf42b3f590b240aeceff1bb1a789b6d1de394b09226e934b9f72c57b5de051d3,6649,historical,paper_coap/ or docs/archive/,git_mv_archive,docs/archive/legacy_submission_packages/ejco_submission_package/ejco_reproducibility_artifact/scripts/run_exp9_application_case.py,Separate stale EJCO/legacy from COAP canonical,git checkout 6c04ff1 -- path,"README, docs/INDEX.md"
submission_package/ejco_reproducibility_artifact/scripts/run_igraph_eades.py,yes,9e2d7e22dce13d7685515b46623c84b03edc90c387ec5ce7b634b2346664ef16,3076,historical,paper_coap/ or docs/archive/,git_mv_archive,docs/archive/legacy_submission_packages/ejco_submission_package/ejco_reproducibility_artifact/scripts/run_igraph_eades.py,Separate stale EJCO/legacy from COAP canonical,git checkout 6c04ff1 -- path,"README, docs/INDEX.md"
submission_package/ejco_reproducibility_artifact/scripts/run_ipsns.py,yes,1f990c17b5442736daaf8b919f8c5c847993fc70dea03b8e03bbc0cf632d4711,2816,historical,paper_coap/ or docs/archive/,git_mv_archive,docs/archive/legacy_submission_packages/ejco_submission_package/ejco_reproducibility_artifact/scripts/run_ipsns.py,Separate stale EJCO/legacy from COAP canonical,git checkout 6c04ff1 -- path,"README, docs/INDEX.md"
submission_package/ejco_reproducibility_artifact/scripts/run_lrta.py,yes,5a31c0ad4426402e2e10e68f39d5646b2c1d0c79b007dc2222fe86d3e70e4268,1504,historical,paper_coap/ or docs/archive/,git_mv_archive,docs/archive/legacy_submission_packages/ejco_submission_package/ejco_reproducibility_artifact/scripts/run_lrta.py,Separate stale EJCO/legacy from COAP canonical,git checkout 6c04ff1 -- path,"README, docs/INDEX.md"
submission_package/ejco_reproducibility_artifact/scripts/run_random_baseline.py,yes,81b1d586b129e6145b0b0a5bc430dd0286a906f16e0194647894db104199222a,1153,historical,paper_coap/ or docs/archive/,git_mv_archive,docs/archive/legacy_submission_packages/ejco_submission_package/ejco_reproducibility_artifact/scripts/run_random_baseline.py,Separate stale EJCO/legacy from COAP canonical,git checkout 6c04ff1 -- path,"README, docs/INDEX.md"
submission_package/ejco_reproducibility_artifact/scripts/run_weighted_eades.py,yes,13e67998944add3d80fca64403e63cd7ca6a6f9dd85cb8360f164eb09d52c269,969,historical,paper_coap/ or docs/archive/,git_mv_archive,docs/archive/legacy_submission_packages/ejco_submission_package/ejco_reproducibility_artifact/scripts/run_weighted_eades.py,Separate stale EJCO/legacy from COAP canonical,git checkout 6c04ff1 -- path,"README, docs/INDEX.md"
submission_package/ejco_reproducibility_artifact/scripts/run_wmsf.py,yes,8d6b2933f87ac2830f59497857a714af54a5d7da7b98583a5ec974e876c67b5e,1668,historical,paper_coap/ or docs/archive/,git_mv_archive,docs/archive/legacy_submission_packages/ejco_submission_package/ejco_reproducibility_artifact/scripts/run_wmsf.py,Separate stale EJCO/legacy from COAP canonical,git checkout 6c04ff1 -- path,"README, docs/INDEX.md"
submission_package/ejco_reproducibility_artifact/scripts/select_exp6_ipsns_budget_instances.py,yes,7fad39d9b34bb4c38636bef21b513fafc286de520cbe223769519fa4b6e37804,7754,historical,paper_coap/ or docs/archive/,git_mv_archive,docs/archive/legacy_submission_packages/ejco_submission_package/ejco_reproducibility_artifact/scripts/select_exp6_ipsns_budget_instances.py,Separate stale EJCO/legacy from COAP canonical,git checkout 6c04ff1 -- path,"README, docs/INDEX.md"
submission_package/ejco_reproducibility_artifact/scripts/select_exp8_medium_mip_instances.py,yes,12701407e026e33180a6797b3a9980ad5bd42eaa23bb967142adcefec2eeddb1,7003,historical,paper_coap/ or docs/archive/,git_mv_archive,docs/archive/legacy_submission_packages/ejco_submission_package/ejco_reproducibility_artifact/scripts/select_exp8_medium_mip_instances.py,Separate stale EJCO/legacy from COAP canonical,git checkout 6c04ff1 -- path,"README, docs/INDEX.md"
submission_package/ejco_reproducibility_artifact/setup.py,yes,d71fd989d578eef208b950a7e0dc9618133d079a0a1b0726543a07d380274df5,225,historical,paper_coap/ or docs/archive/,git_mv_archive,docs/archive/legacy_submission_packages/ejco_submission_package/ejco_reproducibility_artifact/setup.py,Separate stale EJCO/legacy from COAP canonical,git checkout 6c04ff1 -- path,"README, docs/INDEX.md"
submission_package/ejco_reproducibility_artifact/src/mwfas/__init__.py,yes,f786730adec5709ad7e22d0686f85603e2ff3c3dc5d6110043cdc3775b2d3bcf,75,historical,paper_coap/ or docs/archive/,git_mv_archive,docs/archive/legacy_submission_packages/ejco_submission_package/ejco_reproducibility_artifact/src/mwfas/__init__.py,Separate stale EJCO/legacy from COAP canonical,git checkout 6c04ff1 -- path,"README, docs/INDEX.md"
submission_package/ejco_reproducibility_artifact/src/mwfas/baselines.py,yes,02434f6a9c09dd00ee8cd811fe1c4c23fd12027b11dc43e997f425180912eca8,6965,historical,paper_coap/ or docs/archive/,git_mv_archive,docs/archive/legacy_submission_packages/ejco_submission_package/ejco_reproducibility_artifact/src/mwfas/baselines.py,Separate stale EJCO/legacy from COAP canonical,git checkout 6c04ff1 -- path,"README, docs/INDEX.md"
submission_package/ejco_reproducibility_artifact/src/mwfas/evaluation.py,yes,c31fc697216e877a00cad9ce272a499b015b615761dab98c6457fec0ac9de2c7,634,historical,paper_coap/ or docs/archive/,git_mv_archive,docs/archive/legacy_submission_packages/ejco_submission_package/ejco_reproducibility_artifact/src/mwfas/evaluation.py,Separate stale EJCO/legacy from COAP canonical,git checkout 6c04ff1 -- path,"README, docs/INDEX.md"
submission_package/ejco_reproducibility_artifact/src/mwfas/exact.py,yes,dd071da5ebdf32df456dbcaece5b30ede7be7d351406e1c19ff00d6b92f9de99,4737,historical,paper_coap/ or docs/archive/,git_mv_archive,docs/archive/legacy_submission_packages/ejco_submission_package/ejco_reproducibility_artifact/src/mwfas/exact.py,Separate stale EJCO/legacy from COAP canonical,git checkout 6c04ff1 -- path,"README, docs/INDEX.md"
submission_package/ejco_reproducibility_artifact/src/mwfas/io.py,yes,59f9df6c1db18521f0a8ca00d4570b3b0799a4c911603f2b8578511084df2eae,1611,historical,paper_coap/ or docs/archive/,git_mv_archive,docs/archive/legacy_submission_packages/ejco_submission_package/ejco_reproducibility_artifact/src/mwfas/io.py,Separate stale EJCO/legacy from COAP canonical,git checkout 6c04ff1 -- path,"README, docs/INDEX.md"
submission_package/ejco_reproducibility_artifact/src/mwfas/ipsns.py,yes,63c93b80e200ea1fed7a3e7b95eb76e1534941d90b0e985438f282836ae2317e,29170,historical,paper_coap/ or docs/archive/,git_mv_archive,docs/archive/legacy_submission_packages/ejco_submission_package/ejco_reproducibility_artifact/src/mwfas/ipsns.py,Separate stale EJCO/legacy from COAP canonical,git checkout 6c04ff1 -- path,"README, docs/INDEX.md"
submission_package/ejco_reproducibility_artifact/src/mwfas/lrta.py,yes,3e053ccc19013ac4e53708995f179538c39ebe3581666da7b4849188eede85d7,10832,historical,paper_coap/ or docs/archive/,git_mv_archive,docs/archive/legacy_submission_packages/ejco_submission_package/ejco_reproducibility_artifact/src/mwfas/lrta.py,Separate stale EJCO/legacy from COAP canonical,git checkout 6c04ff1 -- path,"README, docs/INDEX.md"
submission_package/ejco_reproducibility_artifact/src/mwfas/wmsf.py,yes,7d8f4a7cf603b6d31e7ed41d368579e0a34dfba6f5d979fbd72a1b6975697e60,15445,historical,paper_coap/ or docs/archive/,git_mv_archive,docs/archive/legacy_submission_packages/ejco_submission_package/ejco_reproducibility_artifact/src/mwfas/wmsf.py,Separate stale EJCO/legacy from COAP canonical,git checkout 6c04ff1 -- path,"README, docs/INDEX.md"
submission_package/ejco_source.zip,yes,7814a8759a949c82dece1a015de80e089575be3b6c0a67decb35973ea432a722,113799,historical,paper_coap/ or docs/archive/,git_mv_archive,docs/archive/legacy_submission_packages/ejco_submission_package/ejco_source.zip,Separate stale EJCO/legacy from COAP canonical,git checkout 6c04ff1 -- path,"README, docs/INDEX.md"
paper/declarations/competing_interest.tex,yes,2fe7e484ae3d5c4d03cbdcc195801354b2da5076fe6345d7f99d651e3f52e85c,207,historical,paper_coap/ or docs/archive/,git_mv_archive,docs/archive/legacy_submission_packages/ejco_submission_package/ejco_source/declarations/competing_interest.tex,Separate stale EJCO/legacy from COAP canonical,git checkout 6c04ff1 -- path,"README, docs/INDEX.md"
paper/declarations/credit_statement_nonanonymized.tex,yes,cd18c259cfb14ab9afabd270ffd0d57bb71098fd52539a9b3bb2ddbee5ceccec,241,historical,paper_coap/ or docs/archive/,git_mv_archive,docs/archive/legacy_submission_packages/ejco_submission_package/ejco_source/declarations/credit_statement_nonanonymized.tex,Separate stale EJCO/legacy from COAP canonical,git checkout 6c04ff1 -- path,"README, docs/INDEX.md"
paper/declarations/data_code_availability.tex,yes,d538522634955aa069ecb20decb2ed1b9715d5dee3e98a6f7bf98d4d9409245f,337,historical,paper_coap/ or docs/archive/,git_mv_archive,docs/archive/legacy_submission_packages/ejco_submission_package/ejco_source/declarations/data_code_availability.tex,Separate stale EJCO/legacy from COAP canonical,git checkout 6c04ff1 -- path,"README, docs/INDEX.md"
paper/declarations/funding_statement.tex,yes,7f9082b5f624e4015da2792ec64938b081f654ece07ee9ae836071e5a8d6e8c6,164,historical,paper_coap/ or docs/archive/,git_mv_archive,docs/archive/legacy_submission_packages/ejco_submission_package/ejco_source/declarations/funding_statement.tex,Separate stale EJCO/legacy from COAP canonical,git checkout 6c04ff1 -- path,"README, docs/INDEX.md"
paper/declarations/generative_ai_declaration.tex,yes,f4d5b276be883a3ef1cd2ca8a89814660aa0e10779076a21f2d5f3708f736d13,509,historical,paper_coap/ or docs/archive/,git_mv_archive,docs/archive/legacy_submission_packages/ejco_submission_package/ejco_source/declarations/generative_ai_declaration.tex,Separate stale EJCO/legacy from COAP canonical,git checkout 6c04ff1 -- path,"README, docs/INDEX.md"
paper/elsarticle-harv.bst,yes,72aba7337e89e710736dc7e71b49387cd2ab7c8f67a1676f66b2dddfa7a5fa60,29992,historical,paper_coap/ or docs/archive/,git_mv_archive,docs/archive/legacy_submission_packages/ejco_submission_package/ejco_source/elsarticle-harv.bst,Separate stale EJCO/legacy from COAP canonical,git checkout 6c04ff1 -- path,"README, docs/INDEX.md"
paper/elsarticle.cls,yes,fe765ae7aaec179f19763bd5c6f24493a3fcf95b1d949936f6a4eea29ff25ca5,45211,historical,paper_coap/ or docs/archive/,git_mv_archive,docs/archive/legacy_submission_packages/ejco_submission_package/ejco_source/elsarticle.cls,Separate stale EJCO/legacy from COAP canonical,git checkout 6c04ff1 -- path,"README, docs/INDEX.md"
paper/figures/exp4_relative_bw.pdf,yes,d4310e541f879386dc53150e8f6efc8a0b23fe039938e63b054e6f32ca6df043,16330,historical,paper_coap/ or docs/archive/,git_mv_archive,docs/archive/legacy_submission_packages/ejco_submission_package/ejco_source/figures/exp4_relative_bw.pdf,Separate stale EJCO/legacy from COAP canonical,git checkout 6c04ff1 -- path,"README, docs/INDEX.md"
paper/figures/exp4_win_counts.pdf,yes,99f0666133681857b5cc307c74316a13239a8c7c27252ece65d389a0b6cfbe91,16285,historical,paper_coap/ or docs/archive/,git_mv_archive,docs/archive/legacy_submission_packages/ejco_submission_package/ejco_source/figures/exp4_win_counts.pdf,Separate stale EJCO/legacy from COAP canonical,git checkout 6c04ff1 -- path,"README, docs/INDEX.md"
paper/figures/exp5_lolib_scope.pdf,yes,229afa643e032d423ea4e2dab29bb824fe0815bccc2b337347b24a7173b4a66b,12642,historical,paper_coap/ or docs/archive/,git_mv_archive,docs/archive/legacy_submission_packages/ejco_submission_package/ejco_source/figures/exp5_lolib_scope.pdf,Separate stale EJCO/legacy from COAP canonical,git checkout 6c04ff1 -- path,"README, docs/INDEX.md"
paper/figures/exp6_ipsns_budget_curve.pdf,yes,dbd23fe9ae568f68b6b64a40aea23c6d75d571636b08675e1f84d55c3df1597f,17917,historical,paper_coap/ or docs/archive/,git_mv_archive,docs/archive/legacy_submission_packages/ejco_submission_package/ejco_source/figures/exp6_ipsns_budget_curve.pdf,Separate stale EJCO/legacy from COAP canonical,git checkout 6c04ff1 -- path,"README, docs/INDEX.md"
paper/figures/framework_overview.tex,yes,f61e98352b56a552ff47bc52f32c5911a472cc5d6cdf672bf9743aa8861892f5,2177,historical,paper_coap/ or docs/archive/,git_mv_archive,docs/archive/legacy_submission_packages/ejco_submission_package/ejco_source/figures/framework_overview.tex,Separate stale EJCO/legacy from COAP canonical,git checkout 6c04ff1 -- path,"README, docs/INDEX.md"
paper/main.tex,yes,f9bb5e684ff0fed000a18305ab196b9ecf0a77c0bd8210d366922eaba8dc8281,3743,historical,paper_coap/ or docs/archive/,git_mv_archive,docs/archive/legacy_submission_packages/ejco_submission_package/ejco_source/main.tex,Separate stale EJCO/legacy from COAP canonical,git checkout 6c04ff1 -- path,"README, docs/INDEX.md"
submission_package/ejco_source/references.bib,yes,a7f36e1bbc64ccdc4e3c82c9c5c6d35499788a059611471b7037a0290ef28cab,10099,historical,paper_coap/ or docs/archive/,git_mv_archive,docs/archive/legacy_submission_packages/ejco_submission_package/ejco_source/references.bib,Separate stale EJCO/legacy from COAP canonical,git checkout 6c04ff1 -- path,"README, docs/INDEX.md"
paper/sections/01_introduction.tex,yes,5cd31277d10f19f027a5fecaf387d7dd4a5ebf9b1decb6e2639d57a90c6a5605,9532,historical,paper_coap/ or docs/archive/,git_mv_archive,docs/archive/legacy_submission_packages/ejco_submission_package/ejco_source/sections/01_introduction.tex,Separate stale EJCO/legacy from COAP canonical,git checkout 6c04ff1 -- path,"README, docs/INDEX.md"
paper/sections/02_related_work.tex,yes,dd32c1328c68dc37b81d54b19c5c49cf9683308a976e18308b5357530834f2f6,15713,historical,paper_coap/ or docs/archive/,git_mv_archive,docs/archive/legacy_submission_packages/ejco_submission_package/ejco_source/sections/02_related_work.tex,Separate stale EJCO/legacy from COAP canonical,git checkout 6c04ff1 -- path,"README, docs/INDEX.md"
paper/sections/03_problem_definition.tex,yes,4dcc166255af3f12f5afa4482668c8d295ad15ae209e726a5dd18eb7a9cc2864,2036,historical,paper_coap/ or docs/archive/,git_mv_archive,docs/archive/legacy_submission_packages/ejco_submission_package/ejco_source/sections/03_problem_definition.tex,Separate stale EJCO/legacy from COAP canonical,git checkout 6c04ff1 -- path,"README, docs/INDEX.md"
paper/sections/04_algorithmic_framework.tex,yes,012a4758efddc572bc50012fef1fec46b845eda2bffc7c5a18d4537259301fed,12721,historical,paper_coap/ or docs/archive/,git_mv_archive,docs/archive/legacy_submission_packages/ejco_submission_package/ejco_source/sections/04_algorithmic_framework.tex,Separate stale EJCO/legacy from COAP canonical,git checkout 6c04ff1 -- path,"README, docs/INDEX.md"
paper/sections/05_experimental_design.tex,yes,459059ee9e554cbb4360ed2629c9e68aa3262de48e514638e97b302c50ac65fa,13657,historical,paper_coap/ or docs/archive/,git_mv_archive,docs/archive/legacy_submission_packages/ejco_submission_package/ejco_source/sections/05_experimental_design.tex,Separate stale EJCO/legacy from COAP canonical,git checkout 6c04ff1 -- path,"README, docs/INDEX.md"
paper/sections/06_results.tex,yes,7b4476cfca14951d0d8afd1bc4e3a3d61e10c94e6e003dd656927bf97086570e,15591,historical,paper_coap/ or docs/archive/,git_mv_archive,docs/archive/legacy_submission_packages/ejco_submission_package/ejco_source/sections/06_results.tex,Separate stale EJCO/legacy from COAP canonical,git checkout 6c04ff1 -- path,"README, docs/INDEX.md"
paper/sections/07_discussion.tex,yes,312916d8701a966be5e92ac5587ebd17cbf08eb28e309b6f3cb0271c1cfcfc84,11025,historical,paper_coap/ or docs/archive/,git_mv_archive,docs/archive/legacy_submission_packages/ejco_submission_package/ejco_source/sections/07_discussion.tex,Separate stale EJCO/legacy from COAP canonical,git checkout 6c04ff1 -- path,"README, docs/INDEX.md"
paper/sections/08_conclusion.tex,yes,3791d6d5cfb1f8daeced06b81811e3be6d92da587783f9c62430750afc1f2288,3127,historical,paper_coap/ or docs/archive/,git_mv_archive,docs/archive/legacy_submission_packages/ejco_submission_package/ejco_source/sections/08_conclusion.tex,Separate stale EJCO/legacy from COAP canonical,git checkout 6c04ff1 -- path,"README, docs/INDEX.md"
paper/tables/table_ablation.tex,yes,9f967515cdc98b8712d1cef8327d137f0a3689eab7e1ac45b3d4a78050cad768,1003,historical,paper_coap/ or docs/archive/,git_mv_archive,docs/archive/legacy_submission_packages/ejco_submission_package/ejco_source/tables/table_ablation.tex,Separate stale EJCO/legacy from COAP canonical,git checkout 6c04ff1 -- path,"README, docs/INDEX.md"
paper/tables/table_algorithm_components.tex,yes,aeffa418080cf2b8652b46bae525579dcf2707cb893316ad2bdd58375651e7c7,917,historical,paper_coap/ or docs/archive/,git_mv_archive,docs/archive/legacy_submission_packages/ejco_submission_package/ejco_source/tables/table_algorithm_components.tex,Separate stale EJCO/legacy from COAP canonical,git checkout 6c04ff1 -- path,"README, docs/INDEX.md"
paper/tables/table_algorithm_invariants.tex,yes,e43b49621e88f568d0427bee26d00714411c20f67a5e1a32d23ce6e426d69df1,971,historical,paper_coap/ or docs/archive/,git_mv_archive,docs/archive/legacy_submission_packages/ejco_submission_package/ejco_source/tables/table_algorithm_invariants.tex,Separate stale EJCO/legacy from COAP canonical,git checkout 6c04ff1 -- path,"README, docs/INDEX.md"
paper/tables/table_application_case.tex,yes,97c6ea7da18403eb540f26ef1313d4cadd76418dc4966057e09844f54ad8392b,671,historical,paper_coap/ or docs/archive/,git_mv_archive,docs/archive/legacy_submission_packages/ejco_submission_package/ejco_source/tables/table_application_case.tex,Separate stale EJCO/legacy from COAP canonical,git checkout 6c04ff1 -- path,"README, docs/INDEX.md"
paper/tables/table_exact_validation.tex,yes,5218827a8f01f36c5a2bffd55e7922d42e910d2550e6dedd6839cd95d822563b,713,historical,paper_coap/ or docs/archive/,git_mv_archive,docs/archive/legacy_submission_packages/ejco_submission_package/ejco_source/tables/table_exact_validation.tex,Separate stale EJCO/legacy from COAP canonical,git checkout 6c04ff1 -- path,"README, docs/INDEX.md"
paper/tables/table_experiment_overview.tex,yes,1c285e538d0c1b011fe68991befce5d1b5a34b4c1b9f477e28d0f9d6c71b02e1,1187,historical,paper_coap/ or docs/archive/,git_mv_archive,docs/archive/legacy_submission_packages/ejco_submission_package/ejco_source/tables/table_experiment_overview.tex,Separate stale EJCO/legacy from COAP canonical,git checkout 6c04ff1 -- path,"README, docs/INDEX.md"
paper/tables/table_ipsns_budget_curve.tex,yes,e9eeb2c0026f60de6dceb288f1f08a6ce35c59b14a3fb6b89da70062b83b53d0,1492,historical,paper_coap/ or docs/archive/,git_mv_archive,docs/archive/legacy_submission_packages/ejco_submission_package/ejco_source/tables/table_ipsns_budget_curve.tex,Separate stale EJCO/legacy from COAP canonical,git checkout 6c04ff1 -- path,"README, docs/INDEX.md"
paper/tables/table_lolib_scope.tex,yes,2b798d554c7b87bd2546e0f42e63b640567943c842fb3c08aa9ca17130a91328,1423,historical,paper_coap/ or docs/archive/,git_mv_archive,docs/archive/legacy_submission_packages/ejco_submission_package/ejco_source/tables/table_lolib_scope.tex,Separate stale EJCO/legacy from COAP canonical,git checkout 6c04ff1 -- path,"README, docs/INDEX.md"
paper/tables/table_medium_mip_baseline.tex,yes,3180d582376b4e9bef664f18d2a21d57a3c1e30760fc95aac1429e631c3b89e2,747,historical,paper_coap/ or docs/archive/,git_mv_archive,docs/archive/legacy_submission_packages/ejco_submission_package/ejco_source/tables/table_medium_mip_baseline.tex,Separate stale EJCO/legacy from COAP canonical,git checkout 6c04ff1 -- path,"README, docs/INDEX.md"
paper/tables/table_paired_sparse_tests.tex,yes,1cd145ab014e9d696d3ae49d3a4e37df8130bad6678ad24c6f39452093ae58ac,1509,historical,paper_coap/ or docs/archive/,git_mv_archive,docs/archive/legacy_submission_packages/ejco_submission_package/ejco_source/tables/table_paired_sparse_tests.tex,Separate stale EJCO/legacy from COAP canonical,git checkout 6c04ff1 -- path,"README, docs/INDEX.md"
paper/tables/table_plain_local_search.tex,yes,f8f1cd5da5c1f1b2e7d2fb63fc65a690f6ddb74229caec35f84873de7b7542c2,1319,historical,paper_coap/ or docs/archive/,git_mv_archive,docs/archive/legacy_submission_packages/ejco_submission_package/ejco_source/tables/table_plain_local_search.tex,Separate stale EJCO/legacy from COAP canonical,git checkout 6c04ff1 -- path,"README, docs/INDEX.md"
paper/tables/table_sparse_external_baselines.tex,yes,6239258bdcfba406fb4aa00dfb4076bdcc18dee7fa4f3f7e85d9915184097f11,1267,historical,paper_coap/ or docs/archive/,git_mv_archive,docs/archive/legacy_submission_packages/ejco_submission_package/ejco_source/tables/table_sparse_external_baselines.tex,Separate stale EJCO/legacy from COAP canonical,git checkout 6c04ff1 -- path,"README, docs/INDEX.md"
paper/tables/table_structural_diagnostic.tex,yes,5dc6ab0a28bfbd84a9d6060136ad9687ef8155914b0c4e84659d3555648009e9,1213,historical,paper_coap/ or docs/archive/,git_mv_archive,docs/archive/legacy_submission_packages/ejco_submission_package/ejco_source/tables/table_structural_diagnostic.tex,Separate stale EJCO/legacy from COAP canonical,git checkout 6c04ff1 -- path,"README, docs/INDEX.md"
paper/title_page.tex,yes,f11ee8839fab2b32a405df083c281752e8a4ce81a1896a9fd1e7d9fd10c5befe,1379,historical,paper_coap/ or docs/archive/,git_mv_archive,docs/archive/legacy_submission_packages/ejco_submission_package/ejco_source/title_page.tex,Separate stale EJCO/legacy from COAP canonical,git checkout 6c04ff1 -- path,"README, docs/INDEX.md"
submission_package/main.pdf,yes,f82d9baf42a215b546212e5176423bad6c67704391048952097899d020bf6593,235931,historical,paper_coap/ or docs/archive/,git_mv_archive,docs/archive/legacy_submission_packages/ejco_submission_package/main.pdf,Separate stale EJCO/legacy from COAP canonical,git checkout 6c04ff1 -- path,"README, docs/INDEX.md"
paper/.gitignore,yes,c0dd5c08a5182eb0257dfe77139f89b19f78eda965d4ecc31526ed59724ace84,198,historical,paper_coap/ or docs/archive/,git_mv_archive,docs/archive/predecessor_manuscripts/paper_legacy_pre_coap/.gitignore,Separate stale EJCO/legacy from COAP canonical,git checkout 6c04ff1 -- path,"README, docs/INDEX.md"
paper/README.md,yes,fabae7134ec722febe02b8315b8884e424cc5aadc94a403a6d2c74368303bc98,2240,historical,paper_coap/ or docs/archive/,git_mv_archive,docs/archive/predecessor_manuscripts/paper_legacy_pre_coap/README.md,Separate stale EJCO/legacy from COAP canonical,git checkout 6c04ff1 -- path,"README, docs/INDEX.md"
paper/cover_letter_draft.pdf,yes,585e2b5e71b96b6d5a915fa44a0d86940ed06cfa946205fb801f2717f069a04f,13676,historical,paper_coap/ or docs/archive/,git_mv_archive,docs/archive/predecessor_manuscripts/paper_legacy_pre_coap/cover_letter_draft.pdf,Separate stale EJCO/legacy from COAP canonical,git checkout 6c04ff1 -- path,"README, docs/INDEX.md"
paper/cover_letter_draft.tex,yes,9b431440f840d95e103ad0b225ea407d22ec0dd1f2100ced799ffcba1b60f02f,1905,historical,paper_coap/ or docs/archive/,git_mv_archive,docs/archive/predecessor_manuscripts/paper_legacy_pre_coap/cover_letter_draft.tex,Separate stale EJCO/legacy from COAP canonical,git checkout 6c04ff1 -- path,"README, docs/INDEX.md"
submission_package/ejco_source/declarations/competing_interest.tex,yes,2fe7e484ae3d5c4d03cbdcc195801354b2da5076fe6345d7f99d651e3f52e85c,207,historical,paper_coap/ or docs/archive/,git_mv_archive,docs/archive/predecessor_manuscripts/paper_legacy_pre_coap/declarations/competing_interest.tex,Separate stale EJCO/legacy from COAP canonical,git checkout 6c04ff1 -- path,"README, docs/INDEX.md"
paper/declarations/credit_statement.tex,yes,ce44365c5bff7b8c677be9fdce7ff3ee4018f33aab757d4b127472fc61e90f3f,237,historical,paper_coap/ or docs/archive/,git_mv_archive,docs/archive/predecessor_manuscripts/paper_legacy_pre_coap/declarations/credit_statement.tex,Separate stale EJCO/legacy from COAP canonical,git checkout 6c04ff1 -- path,"README, docs/INDEX.md"
submission_package/ejco_source/declarations/credit_statement_nonanonymized.tex,yes,cd18c259cfb14ab9afabd270ffd0d57bb71098fd52539a9b3bb2ddbee5ceccec,241,historical,paper_coap/ or docs/archive/,git_mv_archive,docs/archive/predecessor_manuscripts/paper_legacy_pre_coap/declarations/credit_statement_nonanonymized.tex,Separate stale EJCO/legacy from COAP canonical,git checkout 6c04ff1 -- path,"README, docs/INDEX.md"
submission_package/ejco_source/declarations/data_code_availability.tex,yes,d538522634955aa069ecb20decb2ed1b9715d5dee3e98a6f7bf98d4d9409245f,337,historical,paper_coap/ or docs/archive/,git_mv_archive,docs/archive/predecessor_manuscripts/paper_legacy_pre_coap/declarations/data_code_availability.tex,Separate stale EJCO/legacy from COAP canonical,git checkout 6c04ff1 -- path,"README, docs/INDEX.md"
paper/declarations/data_code_availability_anonymized.tex,yes,106d70a75b75922876a2b20efd30966404d828f44bce98d9cfa34a2f6925aab1,544,historical,paper_coap/ or docs/archive/,git_mv_archive,docs/archive/predecessor_manuscripts/paper_legacy_pre_coap/declarations/data_code_availability_anonymized.tex,Separate stale EJCO/legacy from COAP canonical,git checkout 6c04ff1 -- path,"README, docs/INDEX.md"
submission_package/ejco_source/declarations/funding_statement.tex,yes,7f9082b5f624e4015da2792ec64938b081f654ece07ee9ae836071e5a8d6e8c6,164,historical,paper_coap/ or docs/archive/,git_mv_archive,docs/archive/predecessor_manuscripts/paper_legacy_pre_coap/declarations/funding_statement.tex,Separate stale EJCO/legacy from COAP canonical,git checkout 6c04ff1 -- path,"README, docs/INDEX.md"
submission_package/ejco_source/declarations/generative_ai_declaration.tex,yes,f4d5b276be883a3ef1cd2ca8a89814660aa0e10779076a21f2d5f3708f736d13,509,historical,paper_coap/ or docs/archive/,git_mv_archive,docs/archive/predecessor_manuscripts/paper_legacy_pre_coap/declarations/generative_ai_declaration.tex,Separate stale EJCO/legacy from COAP canonical,git checkout 6c04ff1 -- path,"README, docs/INDEX.md"
submission_package/ejco_source/elsarticle-harv.bst,yes,72aba7337e89e710736dc7e71b49387cd2ab7c8f67a1676f66b2dddfa7a5fa60,29992,historical,paper_coap/ or docs/archive/,git_mv_archive,docs/archive/predecessor_manuscripts/paper_legacy_pre_coap/elsarticle-harv.bst,Separate stale EJCO/legacy from COAP canonical,git checkout 6c04ff1 -- path,"README, docs/INDEX.md"
paper/elsarticle-num.bst,yes,c78306322e84bcc20637711f5a542dd4c329f812902fd1cf6d71393ca321e92b,29451,historical,paper_coap/ or docs/archive/,git_mv_archive,docs/archive/predecessor_manuscripts/paper_legacy_pre_coap/elsarticle-num.bst,Separate stale EJCO/legacy from COAP canonical,git checkout 6c04ff1 -- path,"README, docs/INDEX.md"
submission_package/ejco_source/elsarticle.cls,yes,fe765ae7aaec179f19763bd5c6f24493a3fcf95b1d949936f6a4eea29ff25ca5,45211,historical,paper_coap/ or docs/archive/,git_mv_archive,docs/archive/predecessor_manuscripts/paper_legacy_pre_coap/elsarticle.cls,Separate stale EJCO/legacy from COAP canonical,git checkout 6c04ff1 -- path,"README, docs/INDEX.md"
submission_package/ejco_source/figures/exp4_relative_bw.pdf,yes,d4310e541f879386dc53150e8f6efc8a0b23fe039938e63b054e6f32ca6df043,16330,historical,paper_coap/ or docs/archive/,git_mv_archive,docs/archive/predecessor_manuscripts/paper_legacy_pre_coap/figures/exp4_relative_bw.pdf,Separate stale EJCO/legacy from COAP canonical,git checkout 6c04ff1 -- path,"README, docs/INDEX.md"
submission_package/ejco_source/figures/exp4_win_counts.pdf,yes,99f0666133681857b5cc307c74316a13239a8c7c27252ece65d389a0b6cfbe91,16285,historical,paper_coap/ or docs/archive/,git_mv_archive,docs/archive/predecessor_manuscripts/paper_legacy_pre_coap/figures/exp4_win_counts.pdf,Separate stale EJCO/legacy from COAP canonical,git checkout 6c04ff1 -- path,"README, docs/INDEX.md"
submission_package/ejco_source/figures/exp5_lolib_scope.pdf,yes,229afa643e032d423ea4e2dab29bb824fe0815bccc2b337347b24a7173b4a66b,12642,historical,paper_coap/ or docs/archive/,git_mv_archive,docs/archive/predecessor_manuscripts/paper_legacy_pre_coap/figures/exp5_lolib_scope.pdf,Separate stale EJCO/legacy from COAP canonical,git checkout 6c04ff1 -- path,"README, docs/INDEX.md"
submission_package/ejco_source/figures/exp6_ipsns_budget_curve.pdf,yes,dbd23fe9ae568f68b6b64a40aea23c6d75d571636b08675e1f84d55c3df1597f,17917,historical,paper_coap/ or docs/archive/,git_mv_archive,docs/archive/predecessor_manuscripts/paper_legacy_pre_coap/figures/exp6_ipsns_budget_curve.pdf,Separate stale EJCO/legacy from COAP canonical,git checkout 6c04ff1 -- path,"README, docs/INDEX.md"
submission_package/ejco_source/figures/framework_overview.tex,yes,f61e98352b56a552ff47bc52f32c5911a472cc5d6cdf672bf9743aa8861892f5,2177,historical,paper_coap/ or docs/archive/,git_mv_archive,docs/archive/predecessor_manuscripts/paper_legacy_pre_coap/figures/framework_overview.tex,Separate stale EJCO/legacy from COAP canonical,git checkout 6c04ff1 -- path,"README, docs/INDEX.md"
paper/highlights.pdf,yes,262bc2933dd9a5a34ca2da4ff56f147ca21c4cdb25b9b7b19f2f3b462f706d8b,9234,historical,paper_coap/ or docs/archive/,git_mv_archive,docs/archive/predecessor_manuscripts/paper_legacy_pre_coap/highlights.pdf,Separate stale EJCO/legacy from COAP canonical,git checkout 6c04ff1 -- path,"README, docs/INDEX.md"
paper/highlights.tex,yes,771cdb7841653e3da7eca121715eb4006ae7f8424b43650dba993959afd7aae9,594,historical,paper_coap/ or docs/archive/,git_mv_archive,docs/archive/predecessor_manuscripts/paper_legacy_pre_coap/highlights.tex,Separate stale EJCO/legacy from COAP canonical,git checkout 6c04ff1 -- path,"README, docs/INDEX.md"
submission_package/ejco_files_for_upload/highlights.txt,yes,a5bd75068f92554c7731c6ea577f147ff0e9576d730bbc1458b71093ab746e27,323,historical,paper_coap/ or docs/archive/,git_mv_archive,docs/archive/predecessor_manuscripts/paper_legacy_pre_coap/highlights.txt,Separate stale EJCO/legacy from COAP canonical,git checkout 6c04ff1 -- path,"README, docs/INDEX.md"
submission_package/ejco_source/main.tex,yes,f9bb5e684ff0fed000a18305ab196b9ecf0a77c0bd8210d366922eaba8dc8281,3743,historical,paper_coap/ or docs/archive/,git_mv_archive,docs/archive/predecessor_manuscripts/paper_legacy_pre_coap/main.tex,Separate stale EJCO/legacy from COAP canonical,git checkout 6c04ff1 -- path,"README, docs/INDEX.md"
paper/main_anonymized.tex,yes,59ec76396e7ea560668a1a874d95f02acc8c3c3a7f3bb0309579f471c277ff11,3349,historical,paper_coap/ or docs/archive/,git_mv_archive,docs/archive/predecessor_manuscripts/paper_legacy_pre_coap/main_anonymized.tex,Separate stale EJCO/legacy from COAP canonical,git checkout 6c04ff1 -- path,"README, docs/INDEX.md"
paper/notes/README.md,yes,3dbf5a0a3b9d5452c66d3487a9412c2c9626f339578083848bb8745d893830d6,2219,historical,paper_coap/ or docs/archive/,git_mv_archive,docs/archive/predecessor_manuscripts/paper_legacy_pre_coap/notes/README.md,Separate stale EJCO/legacy from COAP canonical,git checkout 6c04ff1 -- path,"README, docs/INDEX.md"
paper/notes/anonymous_artifact_plan.md,yes,f3d8b48af825afcd2411d3966fc04b2dda5bd4f79dafdff1eb405ac21125bb9d,3996,historical,paper_coap/ or docs/archive/,git_mv_archive,docs/archive/predecessor_manuscripts/paper_legacy_pre_coap/notes/anonymous_artifact_plan.md,Separate stale EJCO/legacy from COAP canonical,git checkout 6c04ff1 -- path,"README, docs/INDEX.md"
paper/notes/artifact_validation/artifact_anonymity_report.md,yes,fd4e3db7170bc5a486c953b536a4b9e15ca942f0c7ad4b9c825054cdeada29bc,359,historical,paper_coap/ or docs/archive/,git_mv_archive,docs/archive/predecessor_manuscripts/paper_legacy_pre_coap/notes/artifact_validation/artifact_anonymity_report.md,Separate stale EJCO/legacy from COAP canonical,git checkout 6c04ff1 -- path,"README, docs/INDEX.md"
paper/notes/artifact_validation/artifact_checksums.txt,yes,4c5e81563bd684d814d89675e1436f0d19f08dc7b9dcd59bb702319e6c5148af,191,historical,paper_coap/ or docs/archive/,git_mv_archive,docs/archive/predecessor_manuscripts/paper_legacy_pre_coap/notes/artifact_validation/artifact_checksums.txt,Separate stale EJCO/legacy from COAP canonical,git checkout 6c04ff1 -- path,"README, docs/INDEX.md"
paper/notes/artifact_validation/artifact_manifest.json,yes,0b17f1a3243a219b3158faee61d4d215c51c09ac1135962b4450cf1ae38d9fc5,18352,historical,paper_coap/ or docs/archive/,git_mv_archive,docs/archive/predecessor_manuscripts/paper_legacy_pre_coap/notes/artifact_validation/artifact_manifest.json,Separate stale EJCO/legacy from COAP canonical,git checkout 6c04ff1 -- path,"README, docs/INDEX.md"
paper/notes/artifact_validation/artifact_manifest.md,yes,b8687bfbd3374ee5d18fca41547ea3e769b832b417d6118ea6c7db97ce15b113,13376,historical,paper_coap/ or docs/archive/,git_mv_archive,docs/archive/predecessor_manuscripts/paper_legacy_pre_coap/notes/artifact_validation/artifact_manifest.md,Separate stale EJCO/legacy from COAP canonical,git checkout 6c04ff1 -- path,"README, docs/INDEX.md"
paper/notes/available_result_files_for_stats.txt,yes,072fd195cf910c1d6c91e13fe507084859632e221bc7cc168d07191104b84fc6,274986,historical,paper_coap/ or docs/archive/,git_mv_archive,docs/archive/predecessor_manuscripts/paper_legacy_pre_coap/notes/available_result_files_for_stats.txt,Separate stale EJCO/legacy from COAP canonical,git checkout 6c04ff1 -- path,"README, docs/INDEX.md"
paper/notes/bibliography_extraction_report.md,yes,f97a962425d44f6ea879ee6321aefe199122b3ffaac66f445550ef492189d533,12104,historical,paper_coap/ or docs/archive/,git_mv_archive,docs/archive/predecessor_manuscripts/paper_legacy_pre_coap/notes/bibliography_extraction_report.md,Separate stale EJCO/legacy from COAP canonical,git checkout 6c04ff1 -- path,"README, docs/INDEX.md"
paper/notes/caie_author_guidelines.md,yes,1eca2911652a2ee1970998a8fea21b3188f36efa80daaafd7c6a58549c481c27,2663,historical,paper_coap/ or docs/archive/,git_mv_archive,docs/archive/predecessor_manuscripts/paper_legacy_pre_coap/notes/caie_author_guidelines.md,Separate stale EJCO/legacy from COAP canonical,git checkout 6c04ff1 -- path,"README, docs/INDEX.md"
paper/notes/caie_revision_pass_1.md,yes,a870ece57e9958eedbb143c388aac5760d4c0528ed315dc11f0a5d7f64d2e033,1364,historical,paper_coap/ or docs/archive/,git_mv_archive,docs/archive/predecessor_manuscripts/paper_legacy_pre_coap/notes/caie_revision_pass_1.md,Separate stale EJCO/legacy from COAP canonical,git checkout 6c04ff1 -- path,"README, docs/INDEX.md"
paper/notes/caie_revision_pass_1_checks/anonymity_scan.json,yes,f672f131e5d35c2938793d00ca6fcc5a206e09c1bf7e10b895370f20d7f33e8f,67,historical,paper_coap/ or docs/archive/,git_mv_archive,docs/archive/predecessor_manuscripts/paper_legacy_pre_coap/notes/caie_revision_pass_1_checks/anonymity_scan.json,Separate stale EJCO/legacy from COAP canonical,git checkout 6c04ff1 -- path,"README, docs/INDEX.md"
paper/notes/caie_revision_pass_1_checks/main_anonymized_identity_text.txt,yes,42033828ff4ade3ec02d9290ec7fded9f730a0865874cec19423e0553587cd6b,80828,historical,paper_coap/ or docs/archive/,git_mv_archive,docs/archive/predecessor_manuscripts/paper_legacy_pre_coap/notes/caie_revision_pass_1_checks/main_anonymized_identity_text.txt,Separate stale EJCO/legacy from COAP canonical,git checkout 6c04ff1 -- path,"README, docs/INDEX.md"
paper/notes/caie_revision_pass_1_checks/main_anonymized_text.txt,yes,42033828ff4ade3ec02d9290ec7fded9f730a0865874cec19423e0553587cd6b,80828,historical,paper_coap/ or docs/archive/,git_mv_archive,docs/archive/predecessor_manuscripts/paper_legacy_pre_coap/notes/caie_revision_pass_1_checks/main_anonymized_text.txt,Separate stale EJCO/legacy from COAP canonical,git checkout 6c04ff1 -- path,"README, docs/INDEX.md"
paper/notes/caie_revision_pass_1_checks/meta_commentary_scan.json,yes,44136fa355b3678a1146ad16f7e8649e94fb4fc21fe77e8310c060f61caaff8a,2,historical,paper_coap/ or docs/archive/,git_mv_archive,docs/archive/predecessor_manuscripts/paper_legacy_pre_coap/notes/caie_revision_pass_1_checks/meta_commentary_scan.json,Separate stale EJCO/legacy from COAP canonical,git checkout 6c04ff1 -- path,"README, docs/INDEX.md"
paper/notes/caie_revision_pass_1_checks/meta_commentary_scan.md,yes,ac66eeeedf8161484a279c54fd59a96e1bf5ef9c8b6dd82daad97612bf191baf,69,historical,paper_coap/ or docs/archive/,git_mv_archive,docs/archive/predecessor_manuscripts/paper_legacy_pre_coap/notes/caie_revision_pass_1_checks/meta_commentary_scan.md,Separate stale EJCO/legacy from COAP canonical,git checkout 6c04ff1 -- path,"README, docs/INDEX.md"
paper/notes/caie_revision_pass_1_checks/post_reference_float_check.json,yes,c7c792f13a8d12517bb921c46922c05df0032b45950bea0f3fc89b2b7fd345c3,88,historical,paper_coap/ or docs/archive/,git_mv_archive,docs/archive/predecessor_manuscripts/paper_legacy_pre_coap/notes/caie_revision_pass_1_checks/post_reference_float_check.json,Separate stale EJCO/legacy from COAP canonical,git checkout 6c04ff1 -- path,"README, docs/INDEX.md"
paper/notes/caie_revision_pass_1_checks/post_reference_float_check.md,yes,531e8564bc319b2ddd58ec2c91200763481b59f871d6cc9d2b76206ef34cbd17,107,historical,paper_coap/ or docs/archive/,git_mv_archive,docs/archive/predecessor_manuscripts/paper_legacy_pre_coap/notes/caie_revision_pass_1_checks/post_reference_float_check.md,Separate stale EJCO/legacy from COAP canonical,git checkout 6c04ff1 -- path,"README, docs/INDEX.md"
paper/notes/compile_check.md,yes,dbb794984caa492f5290bc3e0fb61d3182e0ec5b3527402ed7aa0cad373c6e6d,566,historical,paper_coap/ or docs/archive/,git_mv_archive,docs/archive/predecessor_manuscripts/paper_legacy_pre_coap/notes/compile_check.md,Separate stale EJCO/legacy from COAP canonical,git checkout 6c04ff1 -- path,"README, docs/INDEX.md"
paper/notes/computational_environment/README.md,yes,68eee9373a36a097c3468ef0fe848bcadcbb8450446703fd5ae34e7b6bc527c7,1443,historical,paper_coap/ or docs/archive/,git_mv_archive,docs/archive/predecessor_manuscripts/paper_legacy_pre_coap/notes/computational_environment/README.md,Separate stale EJCO/legacy from COAP canonical,git checkout 6c04ff1 -- path,"README, docs/INDEX.md"
paper/notes/computational_environment/anonymity_style_scan.json,yes,512930ea96f3e97824d7a6dfe79acdd262805ed72b2c47b5fd5c69b5f8806b25,140,historical,paper_coap/ or docs/archive/,git_mv_archive,docs/archive/predecessor_manuscripts/paper_legacy_pre_coap/notes/computational_environment/anonymity_style_scan.json,Separate stale EJCO/legacy from COAP canonical,git checkout 6c04ff1 -- path,"README, docs/INDEX.md"
paper/notes/computational_environment/main_anonymized_text_after_env.txt,yes,97e0c8b8c014da1dac39a9476219878eae5c6b1162bd4f9f8be10e78426b35a7,94633,historical,paper_coap/ or docs/archive/,git_mv_archive,docs/archive/predecessor_manuscripts/paper_legacy_pre_coap/notes/computational_environment/main_anonymized_text_after_env.txt,Separate stale EJCO/legacy from COAP canonical,git checkout 6c04ff1 -- path,"README, docs/INDEX.md"
paper/notes/computational_environment/system_info_raw.txt,yes,20367fe0bb8028c74462fee168645a3f5f92a31c4b11f5232fc1bd7528f9c001,4521,historical,paper_coap/ or docs/archive/,git_mv_archive,docs/archive/predecessor_manuscripts/paper_legacy_pre_coap/notes/computational_environment/system_info_raw.txt,Separate stale EJCO/legacy from COAP canonical,git checkout 6c04ff1 -- path,"README, docs/INDEX.md"
paper/notes/computational_environment/system_info_sanitized.md,yes,39f41f079fb9826b56361ed6fc7949866cad197255b68792f0446ffba259c2d9,1181,historical,paper_coap/ or docs/archive/,git_mv_archive,docs/archive/predecessor_manuscripts/paper_legacy_pre_coap/notes/computational_environment/system_info_sanitized.md,Separate stale EJCO/legacy from COAP canonical,git checkout 6c04ff1 -- path,"README, docs/INDEX.md"
paper/notes/download_folder_refresh/download_upload_match.json,yes,311239db9078fe0047cf8b1c76f383c3f34be2acd592e3114bbb259dea0bc547,1450,historical,paper_coap/ or docs/archive/,git_mv_archive,docs/archive/predecessor_manuscripts/paper_legacy_pre_coap/notes/download_folder_refresh/download_upload_match.json,Separate stale EJCO/legacy from COAP canonical,git checkout 6c04ff1 -- path,"README, docs/INDEX.md"
paper/notes/download_folder_refresh/download_upload_match.md,yes,f2f95cfb08626e884a5ea3ec2f5ae59f58c59878e52d7a49251bd50013fce133,1376,historical,paper_coap/ or docs/archive/,git_mv_archive,docs/archive/predecessor_manuscripts/paper_legacy_pre_coap/notes/download_folder_refresh/download_upload_match.md,Separate stale EJCO/legacy from COAP canonical,git checkout 6c04ff1 -- path,"README, docs/INDEX.md"
paper/notes/download_folder_refresh/main_anonymized_download_scan.json,yes,dd2aed6549d219e0ac29282d7432115bffa4f653c5ec6e62b1104560f19c4f47,87,historical,paper_coap/ or docs/archive/,git_mv_archive,docs/archive/predecessor_manuscripts/paper_legacy_pre_coap/notes/download_folder_refresh/main_anonymized_download_scan.json,Separate stale EJCO/legacy from COAP canonical,git checkout 6c04ff1 -- path,"README, docs/INDEX.md"
paper/notes/download_folder_refresh/main_anonymized_download_scan.md,yes,28a24b2b244e4d8aa37ea89a9253f3d857496412423085f0aac4bb04b6f7749e,116,historical,paper_coap/ or docs/archive/,git_mv_archive,docs/archive/predecessor_manuscripts/paper_legacy_pre_coap/notes/download_folder_refresh/main_anonymized_download_scan.md,Separate stale EJCO/legacy from COAP canonical,git checkout 6c04ff1 -- path,"README, docs/INDEX.md"
paper/notes/download_folder_refresh/main_anonymized_download_text.txt,yes,2b95959ec7920b98f089085ee1e140d2d51fd839768f86943bd7a21e136051e6,85273,historical,paper_coap/ or docs/archive/,git_mv_archive,docs/archive/predecessor_manuscripts/paper_legacy_pre_coap/notes/download_folder_refresh/main_anonymized_download_text.txt,Separate stale EJCO/legacy from COAP canonical,git checkout 6c04ff1 -- path,"README, docs/INDEX.md"
paper/notes/drmaciver_baseline_revision.md,yes,09c4ccb6511830ca7d77109e0b38389c9647cb4b22033e2c3101b3d90e676c93,2008,historical,paper_coap/ or docs/archive/,git_mv_archive,docs/archive/predecessor_manuscripts/paper_legacy_pre_coap/notes/drmaciver_baseline_revision.md,Separate stale EJCO/legacy from COAP canonical,git checkout 6c04ff1 -- path,"README, docs/INDEX.md"
paper/notes/drmaciver_baseline_revision_checks/anonymity_scan.json,yes,f672f131e5d35c2938793d00ca6fcc5a206e09c1bf7e10b895370f20d7f33e8f,67,historical,paper_coap/ or docs/archive/,git_mv_archive,docs/archive/predecessor_manuscripts/paper_legacy_pre_coap/notes/drmaciver_baseline_revision_checks/anonymity_scan.json,Separate stale EJCO/legacy from COAP canonical,git checkout 6c04ff1 -- path,"README, docs/INDEX.md"
paper/notes/drmaciver_baseline_revision_checks/main_anonymized_text.txt,yes,7433218b3094a52df80660cacf75b0d6b04b46bf07405c97edea26cfd5bcb82e,82126,historical,paper_coap/ or docs/archive/,git_mv_archive,docs/archive/predecessor_manuscripts/paper_legacy_pre_coap/notes/drmaciver_baseline_revision_checks/main_anonymized_text.txt,Separate stale EJCO/legacy from COAP canonical,git checkout 6c04ff1 -- path,"README, docs/INDEX.md"
paper/notes/drmaciver_baseline_revision_sanity.json,yes,d46bc661d09ff903985f252dc20fe7b9dad820e7e26c7d58843856e288bf450a,64,historical,paper_coap/ or docs/archive/,git_mv_archive,docs/archive/predecessor_manuscripts/paper_legacy_pre_coap/notes/drmaciver_baseline_revision_sanity.json,Separate stale EJCO/legacy from COAP canonical,git checkout 6c04ff1 -- path,"README, docs/INDEX.md"
paper/notes/drmaciver_terminology_consistency.md,yes,6bdf4a711947069b09c0a018a4ad7f539ec94471e064194d94943f38d837a1a6,1917,historical,paper_coap/ or docs/archive/,git_mv_archive,docs/archive/predecessor_manuscripts/paper_legacy_pre_coap/notes/drmaciver_terminology_consistency.md,Separate stale EJCO/legacy from COAP canonical,git checkout 6c04ff1 -- path,"README, docs/INDEX.md"
paper/notes/drmaciver_terminology_consistency_checks/main_anonymized_text.txt,yes,e350121d48155692dcb67663015e2821b7c08b34697bfccbee9879a2d23f9eff,82136,historical,paper_coap/ or docs/archive/,git_mv_archive,docs/archive/predecessor_manuscripts/paper_legacy_pre_coap/notes/drmaciver_terminology_consistency_checks/main_anonymized_text.txt,Separate stale EJCO/legacy from COAP canonical,git checkout 6c04ff1 -- path,"README, docs/INDEX.md"
paper/notes/drmaciver_terminology_consistency_checks/terminology_anonymity_scan.json,yes,961332a2227ff52162a521d55cf9ea15fa56f7cc94c093665e7635b1450b7adc,190,historical,paper_coap/ or docs/archive/,git_mv_archive,docs/archive/predecessor_manuscripts/paper_legacy_pre_coap/notes/drmaciver_terminology_consistency_checks/terminology_anonymity_scan.json,Separate stale EJCO/legacy from COAP canonical,git checkout 6c04ff1 -- path,"README, docs/INDEX.md"
paper/notes/exp6_ipsns_budget_curve/README.md,yes,2d5ea82aef31f4e9eaefcd5066bd0911460b8f9b3bffabd9e07bdeb9532253a6,1014,historical,paper_coap/ or docs/archive/,git_mv_archive,docs/archive/predecessor_manuscripts/paper_legacy_pre_coap/notes/exp6_ipsns_budget_curve/README.md,Separate stale EJCO/legacy from COAP canonical,git checkout 6c04ff1 -- path,"README, docs/INDEX.md"
paper/notes/exp7_plain_local_search/README.md,yes,f79d5a5c1d259f9bee3d301b53ba6a9c38aae3ed5e87e6824ee4bc489a77c6cd,1241,historical,paper_coap/ or docs/archive/,git_mv_archive,docs/archive/predecessor_manuscripts/paper_legacy_pre_coap/notes/exp7_plain_local_search/README.md,Separate stale EJCO/legacy from COAP canonical,git checkout 6c04ff1 -- path,"README, docs/INDEX.md"
paper/notes/exp7_plain_local_search/anonymity_style_scan.json,yes,512930ea96f3e97824d7a6dfe79acdd262805ed72b2c47b5fd5c69b5f8806b25,140,historical,paper_coap/ or docs/archive/,git_mv_archive,docs/archive/predecessor_manuscripts/paper_legacy_pre_coap/notes/exp7_plain_local_search/anonymity_style_scan.json,Separate stale EJCO/legacy from COAP canonical,git checkout 6c04ff1 -- path,"README, docs/INDEX.md"
paper/notes/exp7_plain_local_search/main_anonymized_text_after_exp7.txt,yes,a814b3bbdb596e8b163edc4a14276b8279474dc658c04d482ba470d3a6969bb1,92671,historical,paper_coap/ or docs/archive/,git_mv_archive,docs/archive/predecessor_manuscripts/paper_legacy_pre_coap/notes/exp7_plain_local_search/main_anonymized_text_after_exp7.txt,Separate stale EJCO/legacy from COAP canonical,git checkout 6c04ff1 -- path,"README, docs/INDEX.md"
paper/notes/exp8_medium_mip_baseline/README.md,yes,51eb7d2ff6fd3b2ee600ec9cfaee84ff3588d157e693b9968889b772a052e025,1335,historical,paper_coap/ or docs/archive/,git_mv_archive,docs/archive/predecessor_manuscripts/paper_legacy_pre_coap/notes/exp8_medium_mip_baseline/README.md,Separate stale EJCO/legacy from COAP canonical,git checkout 6c04ff1 -- path,"README, docs/INDEX.md"
paper/notes/exp8_medium_mip_baseline/anonymity_style_scan.json,yes,512930ea96f3e97824d7a6dfe79acdd262805ed72b2c47b5fd5c69b5f8806b25,140,historical,paper_coap/ or docs/archive/,git_mv_archive,docs/archive/predecessor_manuscripts/paper_legacy_pre_coap/notes/exp8_medium_mip_baseline/anonymity_style_scan.json,Separate stale EJCO/legacy from COAP canonical,git checkout 6c04ff1 -- path,"README, docs/INDEX.md"
paper/notes/exp8_medium_mip_baseline/main_anonymized_text_after_exp8.txt,yes,fb9d7b0b8504a3971342a9bd7246d23985724fca9eeb20e25022f7d7b15fe930,94410,historical,paper_coap/ or docs/archive/,git_mv_archive,docs/archive/predecessor_manuscripts/paper_legacy_pre_coap/notes/exp8_medium_mip_baseline/main_anonymized_text_after_exp8.txt,Separate stale EJCO/legacy from COAP canonical,git checkout 6c04ff1 -- path,"README, docs/INDEX.md"
paper/notes/exp9_application_case/README.md,yes,f7cf6f363424b14046222eac9dbde7e464e0a2f33db2718821d3260f8f61ed85,998,historical,paper_coap/ or docs/archive/,git_mv_archive,docs/archive/predecessor_manuscripts/paper_legacy_pre_coap/notes/exp9_application_case/README.md,Separate stale EJCO/legacy from COAP canonical,git checkout 6c04ff1 -- path,"README, docs/INDEX.md"
paper/notes/exp9_application_case/anonymity_style_scan.json,yes,512930ea96f3e97824d7a6dfe79acdd262805ed72b2c47b5fd5c69b5f8806b25,140,historical,paper_coap/ or docs/archive/,git_mv_archive,docs/archive/predecessor_manuscripts/paper_legacy_pre_coap/notes/exp9_application_case/anonymity_style_scan.json,Separate stale EJCO/legacy from COAP canonical,git checkout 6c04ff1 -- path,"README, docs/INDEX.md"
paper/notes/exp9_application_case/main_anonymized_text_after_exp9.txt,yes,2d2111ae9b8c10fa7869ec6f620e0e0a26b4b52b570a329018c3f0e397504035,94895,historical,paper_coap/ or docs/archive/,git_mv_archive,docs/archive/predecessor_manuscripts/paper_legacy_pre_coap/notes/exp9_application_case/main_anonymized_text_after_exp9.txt,Separate stale EJCO/legacy from COAP canonical,git checkout 6c04ff1 -- path,"README, docs/INDEX.md"
paper/notes/experiment_gap_audit.md,yes,93c90e621522a946c121dc4e878517cfbc3d126cd35d5b9c99c403e566b7162c,3678,historical,paper_coap/ or docs/archive/,git_mv_archive,docs/archive/predecessor_manuscripts/paper_legacy_pre_coap/notes/experiment_gap_audit.md,Separate stale EJCO/legacy from COAP canonical,git checkout 6c04ff1 -- path,"README, docs/INDEX.md"
paper/notes/experimental_risk_reduction/README.md,yes,a241f257f01a94907bb7999fc823bc5e268c3762830d96276580cd29d202849e,2740,historical,paper_coap/ or docs/archive/,git_mv_archive,docs/archive/predecessor_manuscripts/paper_legacy_pre_coap/notes/experimental_risk_reduction/README.md,Separate stale EJCO/legacy from COAP canonical,git checkout 6c04ff1 -- path,"README, docs/INDEX.md"
paper/notes/experimental_risk_reduction/anonymity_style_scan.json,yes,512930ea96f3e97824d7a6dfe79acdd262805ed72b2c47b5fd5c69b5f8806b25,140,historical,paper_coap/ or docs/archive/,git_mv_archive,docs/archive/predecessor_manuscripts/paper_legacy_pre_coap/notes/experimental_risk_reduction/anonymity_style_scan.json,Separate stale EJCO/legacy from COAP canonical,git checkout 6c04ff1 -- path,"README, docs/INDEX.md"
paper/notes/experimental_risk_reduction/ipsns_gain_concentration.json,yes,245e08dad2d3fe86df86096ebb18f4978157f544a64ac4e78f1626fb84d2039d,2166,historical,paper_coap/ or docs/archive/,git_mv_archive,docs/archive/predecessor_manuscripts/paper_legacy_pre_coap/notes/experimental_risk_reduction/ipsns_gain_concentration.json,Separate stale EJCO/legacy from COAP canonical,git checkout 6c04ff1 -- path,"README, docs/INDEX.md"
paper/notes/experimental_risk_reduction/ipsns_gain_concentration.md,yes,e23c3a260972f84fcb4d8f22644431a5a5b58da1ceb2c9f41e5d026eab5b0d48,1175,historical,paper_coap/ or docs/archive/,git_mv_archive,docs/archive/predecessor_manuscripts/paper_legacy_pre_coap/notes/experimental_risk_reduction/ipsns_gain_concentration.md,Separate stale EJCO/legacy from COAP canonical,git checkout 6c04ff1 -- path,"README, docs/INDEX.md"
paper/notes/experimental_risk_reduction/main_anonymized_text_after_risk_reduction.txt,yes,72dbb196e5df8bf97e7123dfc9ecdaa45d567c881048ad74cacaa8dbad36b665,84904,historical,paper_coap/ or docs/archive/,git_mv_archive,docs/archive/predecessor_manuscripts/paper_legacy_pre_coap/notes/experimental_risk_reduction/main_anonymized_text_after_risk_reduction.txt,Separate stale EJCO/legacy from COAP canonical,git checkout 6c04ff1 -- path,"README, docs/INDEX.md"
paper/notes/experimental_risk_reduction/paired_sparse_tests.json,yes,a7f294d24ce63ae6ba6e21f01c7ec266813cf971414f10d4d0b341b80ab13f15,2492,historical,paper_coap/ or docs/archive/,git_mv_archive,docs/archive/predecessor_manuscripts/paper_legacy_pre_coap/notes/experimental_risk_reduction/paired_sparse_tests.json,Separate stale EJCO/legacy from COAP canonical,git checkout 6c04ff1 -- path,"README, docs/INDEX.md"
paper/notes/experimental_risk_reduction/paired_sparse_tests.md,yes,d45deba150bdc5bc74d4ebcae6eeb3f46a8ecb3eca64d62a7f29c43d39cf860b,2226,historical,paper_coap/ or docs/archive/,git_mv_archive,docs/archive/predecessor_manuscripts/paper_legacy_pre_coap/notes/experimental_risk_reduction/paired_sparse_tests.md,Separate stale EJCO/legacy from COAP canonical,git checkout 6c04ff1 -- path,"README, docs/INDEX.md"
paper/notes/experimental_risk_reduction/runtime_quality_summary.json,yes,78800c55b291074017deed44c35d4777527c16264f5fc6cf0c5e35ad05adcb57,1395,historical,paper_coap/ or docs/archive/,git_mv_archive,docs/archive/predecessor_manuscripts/paper_legacy_pre_coap/notes/experimental_risk_reduction/runtime_quality_summary.json,Separate stale EJCO/legacy from COAP canonical,git checkout 6c04ff1 -- path,"README, docs/INDEX.md"
paper/notes/experimental_risk_reduction/runtime_quality_summary.md,yes,433d5ed79606abdb2dc66ad142af08ceb1f1464768fc8f61edd08248d8678c1d,814,historical,paper_coap/ or docs/archive/,git_mv_archive,docs/archive/predecessor_manuscripts/paper_legacy_pre_coap/notes/experimental_risk_reduction/runtime_quality_summary.md,Separate stale EJCO/legacy from COAP canonical,git checkout 6c04ff1 -- path,"README, docs/INDEX.md"
paper/notes/experimental_risk_reduction/sparse_dense_diagnostic.json,yes,21d9ce588418dfbf724fe732b9c9bc915e44a85c9333b0ef9889951438b05a5e,1623,historical,paper_coap/ or docs/archive/,git_mv_archive,docs/archive/predecessor_manuscripts/paper_legacy_pre_coap/notes/experimental_risk_reduction/sparse_dense_diagnostic.json,Separate stale EJCO/legacy from COAP canonical,git checkout 6c04ff1 -- path,"README, docs/INDEX.md"
paper/notes/experimental_risk_reduction/sparse_dense_diagnostic.md,yes,68ce69e14d7c4b65adbcc8425b3660b720941e8b5595adf9e1d635b06073fdaa,1060,historical,paper_coap/ or docs/archive/,git_mv_archive,docs/archive/predecessor_manuscripts/paper_legacy_pre_coap/notes/experimental_risk_reduction/sparse_dense_diagnostic.md,Separate stale EJCO/legacy from COAP canonical,git checkout 6c04ff1 -- path,"README, docs/INDEX.md"
paper/notes/final_contact_pass/artifact_email_rescan.json,yes,76d8312e29d39e8a3b22850792bf6eeef6668bc4438231f140c82844bd684291,56,historical,paper_coap/ or docs/archive/,git_mv_archive,docs/archive/predecessor_manuscripts/paper_legacy_pre_coap/notes/final_contact_pass/artifact_email_rescan.json,Separate stale EJCO/legacy from COAP canonical,git checkout 6c04ff1 -- path,"README, docs/INDEX.md"
paper/notes/final_contact_pass/artifact_email_rescan.md,yes,6a741774436a3d24e7ed67f2696ee39ff70a55e4f7885cdd1729de628a5c0a1a,63,historical,paper_coap/ or docs/archive/,git_mv_archive,docs/archive/predecessor_manuscripts/paper_legacy_pre_coap/notes/final_contact_pass/artifact_email_rescan.md,Separate stale EJCO/legacy from COAP canonical,git checkout 6c04ff1 -- path,"README, docs/INDEX.md"
paper/notes/final_contact_pass/cover_letter_draft_text.txt,yes,0bb3412d82622910afe3d4ddf13daeefb9ab9d40d438e27a8bc289ef7d8bd0ae,1586,historical,paper_coap/ or docs/archive/,git_mv_archive,docs/archive/predecessor_manuscripts/paper_legacy_pre_coap/notes/final_contact_pass/cover_letter_draft_text.txt,Separate stale EJCO/legacy from COAP canonical,git checkout 6c04ff1 -- path,"README, docs/INDEX.md"
paper/notes/final_contact_pass/final_contact_report.md,yes,04266623a7d6ceb76d9a7a08535fb4a17ea979215b12d5d7a8a776ded88ccdc6,2716,historical,paper_coap/ or docs/archive/,git_mv_archive,docs/archive/predecessor_manuscripts/paper_legacy_pre_coap/notes/final_contact_pass/final_contact_report.md,Separate stale EJCO/legacy from COAP canonical,git checkout 6c04ff1 -- path,"README, docs/INDEX.md"
paper/notes/final_contact_pass/main_anonymized_text.txt,yes,bf10bee78e189ce9a071bd63253520a7732211ed9c2267c078e6b66c1927531e,80918,historical,paper_coap/ or docs/archive/,git_mv_archive,docs/archive/predecessor_manuscripts/paper_legacy_pre_coap/notes/final_contact_pass/main_anonymized_text.txt,Separate stale EJCO/legacy from COAP canonical,git checkout 6c04ff1 -- path,"README, docs/INDEX.md"
paper/notes/final_contact_pass/pdf_contact_scan.json,yes,79cd5d32b5547b9c3081d3c085339d855e0366550ce4a70b7a1e565108e42a12,698,historical,paper_coap/ or docs/archive/,git_mv_archive,docs/archive/predecessor_manuscripts/paper_legacy_pre_coap/notes/final_contact_pass/pdf_contact_scan.json,Separate stale EJCO/legacy from COAP canonical,git checkout 6c04ff1 -- path,"README, docs/INDEX.md"
paper/notes/final_contact_pass/pdf_contact_scan.md,yes,6192a2d4794c2bb541dd393f6986fda768ac5d895f00d1db6a11347cade0914e,596,historical,paper_coap/ or docs/archive/,git_mv_archive,docs/archive/predecessor_manuscripts/paper_legacy_pre_coap/notes/final_contact_pass/pdf_contact_scan.md,Separate stale EJCO/legacy from COAP canonical,git checkout 6c04ff1 -- path,"README, docs/INDEX.md"
paper/notes/final_contact_pass/placeholders_after.txt,yes,e3b0c44298fc1c149afbf4c8996fb92427ae41e4649b934ca495991b7852b855,0,historical,paper_coap/ or docs/archive/,git_mv_archive,docs/archive/predecessor_manuscripts/paper_legacy_pre_coap/notes/final_contact_pass/placeholders_after.txt,Separate stale EJCO/legacy from COAP canonical,git checkout 6c04ff1 -- path,"README, docs/INDEX.md"
paper/notes/final_contact_pass/placeholders_before.txt,yes,a3634e181ebb6ecf9b2c2638ce94c1100cad8da2ccb8c9cff59471948235f99a,292,historical,paper_coap/ or docs/archive/,git_mv_archive,docs/archive/predecessor_manuscripts/paper_legacy_pre_coap/notes/final_contact_pass/placeholders_before.txt,Separate stale EJCO/legacy from COAP canonical,git checkout 6c04ff1 -- path,"README, docs/INDEX.md"
paper/notes/final_contact_pass/title_page_text.txt,yes,ddaf6ec05c2df69c95b7fbd4b71ce604a4f1a8b8e10cfdde7d7ac5274695af31,1121,historical,paper_coap/ or docs/archive/,git_mv_archive,docs/archive/predecessor_manuscripts/paper_legacy_pre_coap/notes/final_contact_pass/title_page_text.txt,Separate stale EJCO/legacy from COAP canonical,git checkout 6c04ff1 -- path,"README, docs/INDEX.md"
paper/notes/final_layout_readability_audit/anonymity_style_scan.json,yes,512930ea96f3e97824d7a6dfe79acdd262805ed72b2c47b5fd5c69b5f8806b25,140,historical,paper_coap/ or docs/archive/,git_mv_archive,docs/archive/predecessor_manuscripts/paper_legacy_pre_coap/notes/final_layout_readability_audit/anonymity_style_scan.json,Separate stale EJCO/legacy from COAP canonical,git checkout 6c04ff1 -- path,"README, docs/INDEX.md"
paper/notes/final_layout_readability_audit/final_layout_audit.json,yes,eaabb3ab01929e567f38a90ebf5b8b1c343e3f59fe4b2e35627b64df114769bc,1642,historical,paper_coap/ or docs/archive/,git_mv_archive,docs/archive/predecessor_manuscripts/paper_legacy_pre_coap/notes/final_layout_readability_audit/final_layout_audit.json,Separate stale EJCO/legacy from COAP canonical,git checkout 6c04ff1 -- path,"README, docs/INDEX.md"
paper/notes/final_layout_readability_audit/final_layout_audit.md,yes,4f8ec2db816638bfddcd68eabbd5ee71b45cac17563c502ed750711e486cdf31,1103,historical,paper_coap/ or docs/archive/,git_mv_archive,docs/archive/predecessor_manuscripts/paper_legacy_pre_coap/notes/final_layout_readability_audit/final_layout_audit.md,Separate stale EJCO/legacy from COAP canonical,git checkout 6c04ff1 -- path,"README, docs/INDEX.md"
paper/notes/final_layout_readability_audit/main_anonymized_text.txt,yes,0ae154a8351cb45b102852bc85ba6a7320ff9a954120dbaedc593604d23fae6e,93964,historical,paper_coap/ or docs/archive/,git_mv_archive,docs/archive/predecessor_manuscripts/paper_legacy_pre_coap/notes/final_layout_readability_audit/main_anonymized_text.txt,Separate stale EJCO/legacy from COAP canonical,git checkout 6c04ff1 -- path,"README, docs/INDEX.md"
paper/notes/final_layout_readability_audit/main_anonymized_text_final_layout.txt,yes,0ae154a8351cb45b102852bc85ba6a7320ff9a954120dbaedc593604d23fae6e,93964,historical,paper_coap/ or docs/archive/,git_mv_archive,docs/archive/predecessor_manuscripts/paper_legacy_pre_coap/notes/final_layout_readability_audit/main_anonymized_text_final_layout.txt,Separate stale EJCO/legacy from COAP canonical,git checkout 6c04ff1 -- path,"README, docs/INDEX.md"
paper/notes/final_placeholder_pass/cover_letter_draft_text.txt,yes,0bb3412d82622910afe3d4ddf13daeefb9ab9d40d438e27a8bc289ef7d8bd0ae,1586,historical,paper_coap/ or docs/archive/,git_mv_archive,docs/archive/predecessor_manuscripts/paper_legacy_pre_coap/notes/final_placeholder_pass/cover_letter_draft_text.txt,Separate stale EJCO/legacy from COAP canonical,git checkout 6c04ff1 -- path,"README, docs/INDEX.md"
paper/notes/final_placeholder_pass/final_placeholder_report.md,yes,b576267957aa94497d2a128f7386fa40bd28cf7422611cd6f830e790a4aee62c,2700,historical,paper_coap/ or docs/archive/,git_mv_archive,docs/archive/predecessor_manuscripts/paper_legacy_pre_coap/notes/final_placeholder_pass/final_placeholder_report.md,Separate stale EJCO/legacy from COAP canonical,git checkout 6c04ff1 -- path,"README, docs/INDEX.md"
paper/notes/final_placeholder_pass/main_anonymized_text.txt,yes,bf10bee78e189ce9a071bd63253520a7732211ed9c2267c078e6b66c1927531e,80918,historical,paper_coap/ or docs/archive/,git_mv_archive,docs/archive/predecessor_manuscripts/paper_legacy_pre_coap/notes/final_placeholder_pass/main_anonymized_text.txt,Separate stale EJCO/legacy from COAP canonical,git checkout 6c04ff1 -- path,"README, docs/INDEX.md"
paper/notes/final_placeholder_pass/pdf_placeholder_scan.json,yes,59ba57f364ee44ed016d131a5ae983bdfe1c4ddd69dcf55293dd430720afb28e,771,historical,paper_coap/ or docs/archive/,git_mv_archive,docs/archive/predecessor_manuscripts/paper_legacy_pre_coap/notes/final_placeholder_pass/pdf_placeholder_scan.json,Separate stale EJCO/legacy from COAP canonical,git checkout 6c04ff1 -- path,"README, docs/INDEX.md"
paper/notes/final_placeholder_pass/pdf_placeholder_scan.md,yes,1eb49eea3b7b805343eceb8d2e3720ca1d07445d7dcdf07c83be0ba1c23aca4c,658,historical,paper_coap/ or docs/archive/,git_mv_archive,docs/archive/predecessor_manuscripts/paper_legacy_pre_coap/notes/final_placeholder_pass/pdf_placeholder_scan.md,Separate stale EJCO/legacy from COAP canonical,git checkout 6c04ff1 -- path,"README, docs/INDEX.md"
paper/notes/final_placeholder_pass/placeholder_locations_after.txt,yes,e3b0c44298fc1c149afbf4c8996fb92427ae41e4649b934ca495991b7852b855,0,historical,paper_coap/ or docs/archive/,git_mv_archive,docs/archive/predecessor_manuscripts/paper_legacy_pre_coap/notes/final_placeholder_pass/placeholder_locations_after.txt,Separate stale EJCO/legacy from COAP canonical,git checkout 6c04ff1 -- path,"README, docs/INDEX.md"
paper/notes/final_placeholder_pass/placeholder_locations_before.txt,yes,d3e0e793cc139123b3d5bf20de3aa23512bdfe01a2dd22545870691bdefd4ba8,5498,historical,paper_coap/ or docs/archive/,git_mv_archive,docs/archive/predecessor_manuscripts/paper_legacy_pre_coap/notes/final_placeholder_pass/placeholder_locations_before.txt,Separate stale EJCO/legacy from COAP canonical,git checkout 6c04ff1 -- path,"README, docs/INDEX.md"
paper/notes/final_placeholder_pass/title_page_text.txt,yes,ddaf6ec05c2df69c95b7fbd4b71ce604a4f1a8b8e10cfdde7d7ac5274695af31,1121,historical,paper_coap/ or docs/archive/,git_mv_archive,docs/archive/predecessor_manuscripts/paper_legacy_pre_coap/notes/final_placeholder_pass/title_page_text.txt,Separate stale EJCO/legacy from COAP canonical,git checkout 6c04ff1 -- path,"README, docs/INDEX.md"
paper/notes/final_readthrough/compile_warning_delta.json,yes,0335e1d0e4ebd4acedc9e2967f9d6b63b55994a5066f76d73d813d9a769a306a,733,historical,paper_coap/ or docs/archive/,git_mv_archive,docs/archive/predecessor_manuscripts/paper_legacy_pre_coap/notes/final_readthrough/compile_warning_delta.json,Separate stale EJCO/legacy from COAP canonical,git checkout 6c04ff1 -- path,"README, docs/INDEX.md"
paper/notes/final_readthrough/compile_warning_report.json,yes,a6ac0392997778ca52b297d9c18bc2cf957b920e9aa01fa490e03771ab0c0896,7572,historical,paper_coap/ or docs/archive/,git_mv_archive,docs/archive/predecessor_manuscripts/paper_legacy_pre_coap/notes/final_readthrough/compile_warning_report.json,Separate stale EJCO/legacy from COAP canonical,git checkout 6c04ff1 -- path,"README, docs/INDEX.md"
paper/notes/final_readthrough/compile_warning_report.md,yes,2b19cd902e42c153fdd5ef64af636cc179043db6cb7a52a1744ba23b5019ad44,6896,historical,paper_coap/ or docs/archive/,git_mv_archive,docs/archive/predecessor_manuscripts/paper_legacy_pre_coap/notes/final_readthrough/compile_warning_report.md,Separate stale EJCO/legacy from COAP canonical,git checkout 6c04ff1 -- path,"README, docs/INDEX.md"
paper/notes/final_readthrough/cover_letter_draft_text.txt,yes,2f3d3b155cb2b3277174efcbb5338317bb2f119c3143cd5166c8ceae3c5485e2,1617,historical,paper_coap/ or docs/archive/,git_mv_archive,docs/archive/predecessor_manuscripts/paper_legacy_pre_coap/notes/final_readthrough/cover_letter_draft_text.txt,Separate stale EJCO/legacy from COAP canonical,git checkout 6c04ff1 -- path,"README, docs/INDEX.md"
paper/notes/final_readthrough/final_submission_readiness_report.md,yes,ba6e544f9e909688debe5697986c442f0143db2cc07372b6dfa5c032538bedf2,3629,historical,paper_coap/ or docs/archive/,git_mv_archive,docs/archive/predecessor_manuscripts/paper_legacy_pre_coap/notes/final_readthrough/final_submission_readiness_report.md,Separate stale EJCO/legacy from COAP canonical,git checkout 6c04ff1 -- path,"README, docs/INDEX.md"
paper/notes/final_readthrough/main_anonymized_text.txt,yes,d57a6f800d09e6e3a280434186121cdcbe2799f539cee8452ce9d41dd18b263f,81497,historical,paper_coap/ or docs/archive/,git_mv_archive,docs/archive/predecessor_manuscripts/paper_legacy_pre_coap/notes/final_readthrough/main_anonymized_text.txt,Separate stale EJCO/legacy from COAP canonical,git checkout 6c04ff1 -- path,"README, docs/INDEX.md"
paper/notes/final_readthrough/pdf_inventory.json,yes,1b4de74934047ac1cf94f6e09b29b8f5e610c07a005764b31b94b0ab04cadcb5,600,historical,paper_coap/ or docs/archive/,git_mv_archive,docs/archive/predecessor_manuscripts/paper_legacy_pre_coap/notes/final_readthrough/pdf_inventory.json,Separate stale EJCO/legacy from COAP canonical,git checkout 6c04ff1 -- path,"README, docs/INDEX.md"
paper/notes/final_readthrough/pdf_inventory.md,yes,dab569b8b65450703f5ed1958fdbccd53c552b74504f7b0e480137fa7ea33b2a,332,historical,paper_coap/ or docs/archive/,git_mv_archive,docs/archive/predecessor_manuscripts/paper_legacy_pre_coap/notes/final_readthrough/pdf_inventory.md,Separate stale EJCO/legacy from COAP canonical,git checkout 6c04ff1 -- path,"README, docs/INDEX.md"
paper/notes/final_readthrough/pdf_text_scan.json,yes,b77365a5648ab10dcc0e73e976a47cec030d8db8103daee23ee0d917b1bfc004,586,historical,paper_coap/ or docs/archive/,git_mv_archive,docs/archive/predecessor_manuscripts/paper_legacy_pre_coap/notes/final_readthrough/pdf_text_scan.json,Separate stale EJCO/legacy from COAP canonical,git checkout 6c04ff1 -- path,"README, docs/INDEX.md"
paper/notes/final_readthrough/pdf_text_scan.md,yes,561499a4136a89b64d6d10403177c3f523b0a9f02c1bff79bed6683f1849d93f,493,historical,paper_coap/ or docs/archive/,git_mv_archive,docs/archive/predecessor_manuscripts/paper_legacy_pre_coap/notes/final_readthrough/pdf_text_scan.md,Separate stale EJCO/legacy from COAP canonical,git checkout 6c04ff1 -- path,"README, docs/INDEX.md"
paper/notes/final_readthrough/title_page_text.txt,yes,bc6599bc8e3ab929fbe5a68ff574a55668d6bf945258ece80e668c2098631c70,1138,historical,paper_coap/ or docs/archive/,git_mv_archive,docs/archive/predecessor_manuscripts/paper_legacy_pre_coap/notes/final_readthrough/title_page_text.txt,Separate stale EJCO/legacy from COAP canonical,git checkout 6c04ff1 -- path,"README, docs/INDEX.md"
paper/notes/final_submission_audit/FINAL_UPLOAD_CHECKLIST.md,yes,43c1cd279cfd331491bd16983c4bfda771bbf6ed8804106a25d405fb4963f82c,3559,historical,paper_coap/ or docs/archive/,git_mv_archive,docs/archive/predecessor_manuscripts/paper_legacy_pre_coap/notes/final_submission_audit/FINAL_UPLOAD_CHECKLIST.md,Separate stale EJCO/legacy from COAP canonical,git checkout 6c04ff1 -- path,"README, docs/INDEX.md"
paper/notes/final_submission_audit/abstract_keywords_anonymity_style_scan.json,yes,512930ea96f3e97824d7a6dfe79acdd262805ed72b2c47b5fd5c69b5f8806b25,140,historical,paper_coap/ or docs/archive/,git_mv_archive,docs/archive/predecessor_manuscripts/paper_legacy_pre_coap/notes/final_submission_audit/abstract_keywords_anonymity_style_scan.json,Separate stale EJCO/legacy from COAP canonical,git checkout 6c04ff1 -- path,"README, docs/INDEX.md"
paper/notes/final_submission_audit/abstract_keywords_length_check.json,yes,c8c49b7c93b3b5b770d4e58d4409098f861fd64a9a58ed5fe6b9859819d16fd1,4672,historical,paper_coap/ or docs/archive/,git_mv_archive,docs/archive/predecessor_manuscripts/paper_legacy_pre_coap/notes/final_submission_audit/abstract_keywords_length_check.json,Separate stale EJCO/legacy from COAP canonical,git checkout 6c04ff1 -- path,"README, docs/INDEX.md"
paper/notes/final_submission_audit/abstract_keywords_length_check.md,yes,a5adb0098c6afe5cd98f081832fc21bc4b9eebe60baa9dfcfd4f0c08edd7736d,2217,historical,paper_coap/ or docs/archive/,git_mv_archive,docs/archive/predecessor_manuscripts/paper_legacy_pre_coap/notes/final_submission_audit/abstract_keywords_length_check.md,Separate stale EJCO/legacy from COAP canonical,git checkout 6c04ff1 -- path,"README, docs/INDEX.md"
paper/notes/final_submission_audit/artifact_zip_scan.json,yes,2ccfb7c47caa58f37fd5657c1ccf1641cc4d91ec13b178f523a0bf4fb60ce9cd,190,historical,paper_coap/ or docs/archive/,git_mv_archive,docs/archive/predecessor_manuscripts/paper_legacy_pre_coap/notes/final_submission_audit/artifact_zip_scan.json,Separate stale EJCO/legacy from COAP canonical,git checkout 6c04ff1 -- path,"README, docs/INDEX.md"
paper/notes/final_submission_audit/declarations_check.json,yes,1b24b3fa1bc99d29907906f74424e789ee4ee19adf9d98a98720f6155cc52725,110,historical,paper_coap/ or docs/archive/,git_mv_archive,docs/archive/predecessor_manuscripts/paper_legacy_pre_coap/notes/final_submission_audit/declarations_check.json,Separate stale EJCO/legacy from COAP canonical,git checkout 6c04ff1 -- path,"README, docs/INDEX.md"
paper/notes/final_submission_audit/figure1_tikz_compliance_note.md,yes,15a122fca8cb7cab29af7f1d8bb9486d2a23ebb73946eeb5a5a59cffeab3fbe6,343,historical,paper_coap/ or docs/archive/,git_mv_archive,docs/archive/predecessor_manuscripts/paper_legacy_pre_coap/notes/final_submission_audit/figure1_tikz_compliance_note.md,Separate stale EJCO/legacy from COAP canonical,git checkout 6c04ff1 -- path,"README, docs/INDEX.md"
paper/notes/final_submission_audit/final_submission_readiness_report.md,yes,fb9ae6904a3d41532a9887a3670852e0f9277412f7f415a54da72023ec20a732,4482,historical,paper_coap/ or docs/archive/,git_mv_archive,docs/archive/predecessor_manuscripts/paper_legacy_pre_coap/notes/final_submission_audit/final_submission_readiness_report.md,Separate stale EJCO/legacy from COAP canonical,git checkout 6c04ff1 -- path,"README, docs/INDEX.md"
paper/notes/final_submission_audit/git_tracking_check.json,yes,15890f91a0666a6597c38dc7c5a9ebe6294b4c96260e17ae2657a537b178ea99,650,historical,paper_coap/ or docs/archive/,git_mv_archive,docs/archive/predecessor_manuscripts/paper_legacy_pre_coap/notes/final_submission_audit/git_tracking_check.json,Separate stale EJCO/legacy from COAP canonical,git checkout 6c04ff1 -- path,"README, docs/INDEX.md"
paper/notes/final_submission_audit/highlights_check.json,yes,033cb06f4cf429f915b6b813b9380198a62f2a4b3c4fe1b8a1a11e4e348aa4ff,486,historical,paper_coap/ or docs/archive/,git_mv_archive,docs/archive/predecessor_manuscripts/paper_legacy_pre_coap/notes/final_submission_audit/highlights_check.json,Separate stale EJCO/legacy from COAP canonical,git checkout 6c04ff1 -- path,"README, docs/INDEX.md"
paper/notes/final_submission_audit/pdf_metadata_scan.json,yes,6817e4ae3a64032353cae927888f432a9a5c150529832fb55d74afa19869a0d4,1757,historical,paper_coap/ or docs/archive/,git_mv_archive,docs/archive/predecessor_manuscripts/paper_legacy_pre_coap/notes/final_submission_audit/pdf_metadata_scan.json,Separate stale EJCO/legacy from COAP canonical,git checkout 6c04ff1 -- path,"README, docs/INDEX.md"
paper/notes/final_submission_audit/pdf_text/cover_letter.txt,yes,1880c3a038042cd1a42d90ab4f667d95d20b2f0cb2d85761b1123c2c6c428865,1599,historical,paper_coap/ or docs/archive/,git_mv_archive,docs/archive/predecessor_manuscripts/paper_legacy_pre_coap/notes/final_submission_audit/pdf_text/cover_letter.txt,Separate stale EJCO/legacy from COAP canonical,git checkout 6c04ff1 -- path,"README, docs/INDEX.md"
paper/notes/final_submission_audit/pdf_text/main_anonymized.txt,yes,97e0c8b8c014da1dac39a9476219878eae5c6b1162bd4f9f8be10e78426b35a7,94633,historical,paper_coap/ or docs/archive/,git_mv_archive,docs/archive/predecessor_manuscripts/paper_legacy_pre_coap/notes/final_submission_audit/pdf_text/main_anonymized.txt,Separate stale EJCO/legacy from COAP canonical,git checkout 6c04ff1 -- path,"README, docs/INDEX.md"
paper/notes/final_submission_audit/pdf_text/title_page.txt,yes,ddaf6ec05c2df69c95b7fbd4b71ce604a4f1a8b8e10cfdde7d7ac5274695af31,1121,historical,paper_coap/ or docs/archive/,git_mv_archive,docs/archive/predecessor_manuscripts/paper_legacy_pre_coap/notes/final_submission_audit/pdf_text/title_page.txt,Separate stale EJCO/legacy from COAP canonical,git checkout 6c04ff1 -- path,"README, docs/INDEX.md"
paper/notes/final_submission_audit/pdf_text_scan.json,yes,1ac8037bb47c51a04c85ecfcacaa84d8c9075224fc3cf015e4440b5946d6bbd9,428,historical,paper_coap/ or docs/archive/,git_mv_archive,docs/archive/predecessor_manuscripts/paper_legacy_pre_coap/notes/final_submission_audit/pdf_text_scan.json,Separate stale EJCO/legacy from COAP canonical,git checkout 6c04ff1 -- path,"README, docs/INDEX.md"
paper/notes/final_submission_audit/staleness_check.json,yes,12b9b0bf4ee56fcb824def6746b800d138ac4f7850c4cb11828db17524eb04b4,321,historical,paper_coap/ or docs/archive/,git_mv_archive,docs/archive/predecessor_manuscripts/paper_legacy_pre_coap/notes/final_submission_audit/staleness_check.json,Separate stale EJCO/legacy from COAP canonical,git checkout 6c04ff1 -- path,"README, docs/INDEX.md"
paper/notes/final_submission_audit/upload_download_match.json,yes,fa2560f7de3f01405c695c7ce4f91827cf56624b7b4cb53d462f83ba92860f66,1974,historical,paper_coap/ or docs/archive/,git_mv_archive,docs/archive/predecessor_manuscripts/paper_legacy_pre_coap/notes/final_submission_audit/upload_download_match.json,Separate stale EJCO/legacy from COAP canonical,git checkout 6c04ff1 -- path,"README, docs/INDEX.md"
paper/notes/final_submission_package_checklist.md,yes,9e33bde5b055fa2a1f297adca0788151705a6fb3654fbff876a18148f0007697,2229,historical,paper_coap/ or docs/archive/,git_mv_archive,docs/archive/predecessor_manuscripts/paper_legacy_pre_coap/notes/final_submission_package_checklist.md,Separate stale EJCO/legacy from COAP canonical,git checkout 6c04ff1 -- path,"README, docs/INDEX.md"
paper/notes/final_upload_audit/abstract_highlights_check.json,yes,4958c749488026d1ee60fe17f4e89619a2b866b0a9772374a6b375b7b43ef2cf,531,historical,paper_coap/ or docs/archive/,git_mv_archive,docs/archive/predecessor_manuscripts/paper_legacy_pre_coap/notes/final_upload_audit/abstract_highlights_check.json,Separate stale EJCO/legacy from COAP canonical,git checkout 6c04ff1 -- path,"README, docs/INDEX.md"
paper/notes/final_upload_audit/abstract_highlights_check.md,yes,52b949fc91107c5abf50a084a48d7ec943d7d1e092ce31fbb0a225f80e7a861b,450,historical,paper_coap/ or docs/archive/,git_mv_archive,docs/archive/predecessor_manuscripts/paper_legacy_pre_coap/notes/final_upload_audit/abstract_highlights_check.md,Separate stale EJCO/legacy from COAP canonical,git checkout 6c04ff1 -- path,"README, docs/INDEX.md"
paper/notes/final_upload_audit/artifact_rescan.json,yes,819a031c039a4da2fdc20a459a08ba78e2295e881fbc047bbecf4ab7e8b3672a,96,historical,paper_coap/ or docs/archive/,git_mv_archive,docs/archive/predecessor_manuscripts/paper_legacy_pre_coap/notes/final_upload_audit/artifact_rescan.json,Separate stale EJCO/legacy from COAP canonical,git checkout 6c04ff1 -- path,"README, docs/INDEX.md"
paper/notes/final_upload_audit/artifact_rescan.md,yes,c7d7ed585d3d1bba74fe4ecb94dadcccf3037f0e39242449546e2fb3f0a0a0f6,109,historical,paper_coap/ or docs/archive/,git_mv_archive,docs/archive/predecessor_manuscripts/paper_legacy_pre_coap/notes/final_upload_audit/artifact_rescan.md,Separate stale EJCO/legacy from COAP canonical,git checkout 6c04ff1 -- path,"README, docs/INDEX.md"
paper/notes/final_upload_audit/cover_letter_draft_text.txt,yes,2f3d3b155cb2b3277174efcbb5338317bb2f119c3143cd5166c8ceae3c5485e2,1617,historical,paper_coap/ or docs/archive/,git_mv_archive,docs/archive/predecessor_manuscripts/paper_legacy_pre_coap/notes/final_upload_audit/cover_letter_draft_text.txt,Separate stale EJCO/legacy from COAP canonical,git checkout 6c04ff1 -- path,"README, docs/INDEX.md"
paper/notes/final_upload_audit/final_no_edit_sanity_check.md,yes,71e428e27f0350c167e959d1fb721e4bb2c579d1ab8924b21d318100eb3bafb3,3485,historical,paper_coap/ or docs/archive/,git_mv_archive,docs/archive/predecessor_manuscripts/paper_legacy_pre_coap/notes/final_upload_audit/final_no_edit_sanity_check.md,Separate stale EJCO/legacy from COAP canonical,git checkout 6c04ff1 -- path,"README, docs/INDEX.md"
paper/notes/final_upload_audit/final_upload_readiness_report.md,yes,9a5e1961031117bd46ecf68bf7401a9dfd0082647fbbecaadc0d4fb1b8070a21,3530,historical,paper_coap/ or docs/archive/,git_mv_archive,docs/archive/predecessor_manuscripts/paper_legacy_pre_coap/notes/final_upload_audit/final_upload_readiness_report.md,Separate stale EJCO/legacy from COAP canonical,git checkout 6c04ff1 -- path,"README, docs/INDEX.md"
paper/notes/final_upload_audit/main_anonymized_text.txt,yes,bf10bee78e189ce9a071bd63253520a7732211ed9c2267c078e6b66c1927531e,80918,historical,paper_coap/ or docs/archive/,git_mv_archive,docs/archive/predecessor_manuscripts/paper_legacy_pre_coap/notes/final_upload_audit/main_anonymized_text.txt,Separate stale EJCO/legacy from COAP canonical,git checkout 6c04ff1 -- path,"README, docs/INDEX.md"
paper/notes/final_upload_audit/manual_submission_actions.md,yes,df0a71c89730eb36ba11d1e6878623129cab62f41414248d4feaea36bb3be929,2321,historical,paper_coap/ or docs/archive/,git_mv_archive,docs/archive/predecessor_manuscripts/paper_legacy_pre_coap/notes/final_upload_audit/manual_submission_actions.md,Separate stale EJCO/legacy from COAP canonical,git checkout 6c04ff1 -- path,"README, docs/INDEX.md"
paper/notes/final_upload_audit/pdf_text_scan.json,yes,ca28ac6f8dd993baa2517a6a8a54ddb682fd73d2c610a53523219ebec48ecc5a,685,historical,paper_coap/ or docs/archive/,git_mv_archive,docs/archive/predecessor_manuscripts/paper_legacy_pre_coap/notes/final_upload_audit/pdf_text_scan.json,Separate stale EJCO/legacy from COAP canonical,git checkout 6c04ff1 -- path,"README, docs/INDEX.md"
paper/notes/final_upload_audit/pdf_text_scan.md,yes,30fd0137da435882233cef997fa06cc1933b6e895ba422a9e6aaa579be65226e,584,historical,paper_coap/ or docs/archive/,git_mv_archive,docs/archive/predecessor_manuscripts/paper_legacy_pre_coap/notes/final_upload_audit/pdf_text_scan.md,Separate stale EJCO/legacy from COAP canonical,git checkout 6c04ff1 -- path,"README, docs/INDEX.md"
paper/notes/final_upload_audit/source_placeholder_scan.json,yes,ceb7a673afa52c02d40fdab706377a6d6df607eee8f43254f32c00dc3e9109f2,600,historical,paper_coap/ or docs/archive/,git_mv_archive,docs/archive/predecessor_manuscripts/paper_legacy_pre_coap/notes/final_upload_audit/source_placeholder_scan.json,Separate stale EJCO/legacy from COAP canonical,git checkout 6c04ff1 -- path,"README, docs/INDEX.md"
paper/notes/final_upload_audit/source_placeholder_scan.md,yes,34c160c60a3be8f55eb23b34ea5c8086051a22e32116593d83298229f89fe89f,430,historical,paper_coap/ or docs/archive/,git_mv_archive,docs/archive/predecessor_manuscripts/paper_legacy_pre_coap/notes/final_upload_audit/source_placeholder_scan.md,Separate stale EJCO/legacy from COAP canonical,git checkout 6c04ff1 -- path,"README, docs/INDEX.md"
paper/notes/final_upload_audit/title_page_text.txt,yes,bc6599bc8e3ab929fbe5a68ff574a55668d6bf945258ece80e668c2098631c70,1138,historical,paper_coap/ or docs/archive/,git_mv_archive,docs/archive/predecessor_manuscripts/paper_legacy_pre_coap/notes/final_upload_audit/title_page_text.txt,Separate stale EJCO/legacy from COAP canonical,git checkout 6c04ff1 -- path,"README, docs/INDEX.md"
paper/notes/final_upload_audit/upload_inventory.json,yes,2febac92bf730c1f9dbe8fc9f8baa295f00bf1a9640e01ae11e9d52e2d12adc7,1116,historical,paper_coap/ or docs/archive/,git_mv_archive,docs/archive/predecessor_manuscripts/paper_legacy_pre_coap/notes/final_upload_audit/upload_inventory.json,Separate stale EJCO/legacy from COAP canonical,git checkout 6c04ff1 -- path,"README, docs/INDEX.md"
paper/notes/final_upload_audit/upload_inventory.md,yes,3b95bc2f6ef225e21fcc107b349580e316af57587509461c2e4eb26cf088d14a,1038,historical,paper_coap/ or docs/archive/,git_mv_archive,docs/archive/predecessor_manuscripts/paper_legacy_pre_coap/notes/final_upload_audit/upload_inventory.md,Separate stale EJCO/legacy from COAP canonical,git checkout 6c04ff1 -- path,"README, docs/INDEX.md"
paper/notes/final_warning_pass/contact_sheet_report.md,yes,b60df98d293e1e0c97f1484726dea09b9683cc4e24eb9ac59b318b8ed6028b3a,595,historical,paper_coap/ or docs/archive/,git_mv_archive,docs/archive/predecessor_manuscripts/paper_legacy_pre_coap/notes/final_warning_pass/contact_sheet_report.md,Separate stale EJCO/legacy from COAP canonical,git checkout 6c04ff1 -- path,"README, docs/INDEX.md"
paper/notes/final_warning_pass/main_anonymized_text_after.txt,yes,bf10bee78e189ce9a071bd63253520a7732211ed9c2267c078e6b66c1927531e,80918,historical,paper_coap/ or docs/archive/,git_mv_archive,docs/archive/predecessor_manuscripts/paper_legacy_pre_coap/notes/final_warning_pass/main_anonymized_text_after.txt,Separate stale EJCO/legacy from COAP canonical,git checkout 6c04ff1 -- path,"README, docs/INDEX.md"
paper/notes/final_warning_pass/pdf_text_scan_after.json,yes,ab6258bc99da6541520819a6b31ecd9ac1ef22dd28a049a09fd7f7e1b66ae71c,81,historical,paper_coap/ or docs/archive/,git_mv_archive,docs/archive/predecessor_manuscripts/paper_legacy_pre_coap/notes/final_warning_pass/pdf_text_scan_after.json,Separate stale EJCO/legacy from COAP canonical,git checkout 6c04ff1 -- path,"README, docs/INDEX.md"
paper/notes/final_warning_pass/pdf_text_scan_after.md,yes,e9a90adb595e9cb5ddce8ddad3018c770d76a0e28f273a9eca551973f24f23a0,106,historical,paper_coap/ or docs/archive/,git_mv_archive,docs/archive/predecessor_manuscripts/paper_legacy_pre_coap/notes/final_warning_pass/pdf_text_scan_after.md,Separate stale EJCO/legacy from COAP canonical,git checkout 6c04ff1 -- path,"README, docs/INDEX.md"
paper/notes/final_warning_pass/upload_staleness_check.txt,yes,963cbdece039d1dc689e5cbc0b53502e93cdb7bacbe79183b0d36d43ea29d296,27,historical,paper_coap/ or docs/archive/,git_mv_archive,docs/archive/predecessor_manuscripts/paper_legacy_pre_coap/notes/final_warning_pass/upload_staleness_check.txt,Separate stale EJCO/legacy from COAP canonical,git checkout 6c04ff1 -- path,"README, docs/INDEX.md"
paper/notes/final_warning_pass/warning_analysis_after.json,yes,0a9addaa220dec0064e6b1246867f20408618a7b1237b2b5b4174599d73d60b7,1916,historical,paper_coap/ or docs/archive/,git_mv_archive,docs/archive/predecessor_manuscripts/paper_legacy_pre_coap/notes/final_warning_pass/warning_analysis_after.json,Separate stale EJCO/legacy from COAP canonical,git checkout 6c04ff1 -- path,"README, docs/INDEX.md"
paper/notes/final_warning_pass/warning_analysis_after.md,yes,a74da04e408de718a0be8405e5f113d2191594e0d722ef280cae04a19c3111a5,849,historical,paper_coap/ or docs/archive/,git_mv_archive,docs/archive/predecessor_manuscripts/paper_legacy_pre_coap/notes/final_warning_pass/warning_analysis_after.md,Separate stale EJCO/legacy from COAP canonical,git checkout 6c04ff1 -- path,"README, docs/INDEX.md"
paper/notes/final_warning_pass/warning_analysis_before.json,yes,9a1c1d2d92814607633cc8202e60a66a555e5687f535cc89486b1e22e8d98fe9,11567,historical,paper_coap/ or docs/archive/,git_mv_archive,docs/archive/predecessor_manuscripts/paper_legacy_pre_coap/notes/final_warning_pass/warning_analysis_before.json,Separate stale EJCO/legacy from COAP canonical,git checkout 6c04ff1 -- path,"README, docs/INDEX.md"
paper/notes/final_warning_pass/warning_analysis_before.md,yes,e92181e8357e0ca1f14651462034c93fe714f625611573002127d1368c186fb6,4175,historical,paper_coap/ or docs/archive/,git_mv_archive,docs/archive/predecessor_manuscripts/paper_legacy_pre_coap/notes/final_warning_pass/warning_analysis_before.md,Separate stale EJCO/legacy from COAP canonical,git checkout 6c04ff1 -- path,"README, docs/INDEX.md"
paper/notes/final_warning_pass/warning_resolution_report.md,yes,fe04ede4f6e3dd2a4436b97fce608b4d69ed2b472374892c88771ec41ca81d89,4663,historical,paper_coap/ or docs/archive/,git_mv_archive,docs/archive/predecessor_manuscripts/paper_legacy_pre_coap/notes/final_warning_pass/warning_resolution_report.md,Separate stale EJCO/legacy from COAP canonical,git checkout 6c04ff1 -- path,"README, docs/INDEX.md"
paper/notes/final_warning_pass/warning_to_section_map.md,yes,82f461b92cb295ac59295829d294eaabbc22d68f6e1091a5820cca9bc78b8cd1,2720,historical,paper_coap/ or docs/archive/,git_mv_archive,docs/archive/predecessor_manuscripts/paper_legacy_pre_coap/notes/final_warning_pass/warning_to_section_map.md,Separate stale EJCO/legacy from COAP canonical,git checkout 6c04ff1 -- path,"README, docs/INDEX.md"
paper/notes/full_manuscript_audit.json,yes,11157180181c62dbb1ecec5a9cb7af702ad0d64fa70f00d99912cfbb2fa65948,30260,historical,paper_coap/ or docs/archive/,git_mv_archive,docs/archive/predecessor_manuscripts/paper_legacy_pre_coap/notes/full_manuscript_audit.json,Separate stale EJCO/legacy from COAP canonical,git checkout 6c04ff1 -- path,"README, docs/INDEX.md"
paper/notes/full_manuscript_audit.md,yes,d83073c784d56f6cf5d205d7886483ed3619c3cde6630d7bd347ca026f15c212,27897,historical,paper_coap/ or docs/archive/,git_mv_archive,docs/archive/predecessor_manuscripts/paper_legacy_pre_coap/notes/full_manuscript_audit.md,Separate stale EJCO/legacy from COAP canonical,git checkout 6c04ff1 -- path,"README, docs/INDEX.md"
paper/notes/latex_template_audit.json,yes,e0af7ba49d62cb67f2f400c09ddbd79fd92b13a8ffacec7fe0c239c94e6af331,4229,historical,paper_coap/ or docs/archive/,git_mv_archive,docs/archive/predecessor_manuscripts/paper_legacy_pre_coap/notes/latex_template_audit.json,Separate stale EJCO/legacy from COAP canonical,git checkout 6c04ff1 -- path,"README, docs/INDEX.md"
paper/notes/latex_template_audit.md,yes,7014ee3d1af8bb413151ffb241837255a03923a755469101f93afdda6709adce,3509,historical,paper_coap/ or docs/archive/,git_mv_archive,docs/archive/predecessor_manuscripts/paper_legacy_pre_coap/notes/latex_template_audit.md,Separate stale EJCO/legacy from COAP canonical,git checkout 6c04ff1 -- path,"README, docs/INDEX.md"
paper/notes/manuscript_writing_plan.md,yes,ece1515bd3f1bcc12147b797b8fa2edf2f4d58ad8ee60cac9e9731879c719bcc,5337,historical,paper_coap/ or docs/archive/,git_mv_archive,docs/archive/predecessor_manuscripts/paper_legacy_pre_coap/notes/manuscript_writing_plan.md,Separate stale EJCO/legacy from COAP canonical,git checkout 6c04ff1 -- path,"README, docs/INDEX.md"
paper/notes/pre_submission_status.md,yes,71af899b18ed6863e44eb0a39196424622e7cebd82ca0c0840456f50beb13177,1655,historical,paper_coap/ or docs/archive/,git_mv_archive,docs/archive/predecessor_manuscripts/paper_legacy_pre_coap/notes/pre_submission_status.md,Separate stale EJCO/legacy from COAP canonical,git checkout 6c04ff1 -- path,"README, docs/INDEX.md"
paper/notes/predecessor_archive_extraction_manifest.md,yes,d29cb5bb6966041482d8b043ebd1d0580469f1fc5c5c17770c4742ab30215d65,591,historical,paper_coap/ or docs/archive/,git_mv_archive,docs/archive/predecessor_manuscripts/paper_legacy_pre_coap/notes/predecessor_archive_extraction_manifest.md,Separate stale EJCO/legacy from COAP canonical,git checkout 6c04ff1 -- path,"README, docs/INDEX.md"
paper/notes/reference_count_after_strengthening.json,yes,7014051b233e5360e1a566fa420d854c9439fa57f8c9aac61c3dcc03b8b44de4,681,historical,paper_coap/ or docs/archive/,git_mv_archive,docs/archive/predecessor_manuscripts/paper_legacy_pre_coap/notes/reference_count_after_strengthening.json,Separate stale EJCO/legacy from COAP canonical,git checkout 6c04ff1 -- path,"README, docs/INDEX.md"
paper/notes/reference_gap_report.md,yes,71814fe1489c2fc8df594592a828af6e81c2189ff7e0452286d366bd003858e3,1769,historical,paper_coap/ or docs/archive/,git_mv_archive,docs/archive/predecessor_manuscripts/paper_legacy_pre_coap/notes/reference_gap_report.md,Separate stale EJCO/legacy from COAP canonical,git checkout 6c04ff1 -- path,"README, docs/INDEX.md"
paper/notes/reference_strengthening_report.md,yes,059b081d479a97fca576817b008f55914da88693e3112e0b7688d65f664d637f,3077,historical,paper_coap/ or docs/archive/,git_mv_archive,docs/archive/predecessor_manuscripts/paper_legacy_pre_coap/notes/reference_strengthening_report.md,Separate stale EJCO/legacy from COAP canonical,git checkout 6c04ff1 -- path,"README, docs/INDEX.md"
paper/notes/reference_verification_report.md,yes,58c6e2f2a837b94cdcb42ac514757a7d5c096ad81a626cc161ee22c4448936cf,2810,historical,paper_coap/ or docs/archive/,git_mv_archive,docs/archive/predecessor_manuscripts/paper_legacy_pre_coap/notes/reference_verification_report.md,Separate stale EJCO/legacy from COAP canonical,git checkout 6c04ff1 -- path,"README, docs/INDEX.md"
paper/notes/rejection_audit/extracted_review_text/README.txt,yes,36222e879d8106e129d80e2fe4aa89a37b23f99f4f1e13a7553ed7cb41b58268,311,historical,paper_coap/ or docs/archive/,git_mv_archive,docs/archive/predecessor_manuscripts/paper_legacy_pre_coap/notes/rejection_audit/extracted_review_text/README.txt,Separate stale EJCO/legacy from COAP canonical,git checkout 6c04ff1 -- path,"README, docs/INDEX.md"
paper/notes/rejection_audit/search_hits.md,yes,ecfae774420f50af97d29cf06e4dd9264881f4a01d143920a72e6d0b954ecd16,2894,historical,paper_coap/ or docs/archive/,git_mv_archive,docs/archive/predecessor_manuscripts/paper_legacy_pre_coap/notes/rejection_audit/search_hits.md,Separate stale EJCO/legacy from COAP canonical,git checkout 6c04ff1 -- path,"README, docs/INDEX.md"
paper/notes/rejection_audit/source_file_scan.txt,yes,a95bc1b15b28aa0d71fe969e5a58858b4968f1a287ca37d8e3a17a8bd5039d50,16664,historical,paper_coap/ or docs/archive/,git_mv_archive,docs/archive/predecessor_manuscripts/paper_legacy_pre_coap/notes/rejection_audit/source_file_scan.txt,Separate stale EJCO/legacy from COAP canonical,git checkout 6c04ff1 -- path,"README, docs/INDEX.md"
paper/notes/rejection_concern_action_items.md,yes,91d49f747964654ce005a4dc462a99de6c7ca0a8853b982583d4f6727a39d140,2737,historical,paper_coap/ or docs/archive/,git_mv_archive,docs/archive/predecessor_manuscripts/paper_legacy_pre_coap/notes/rejection_concern_action_items.md,Separate stale EJCO/legacy from COAP canonical,git checkout 6c04ff1 -- path,"README, docs/INDEX.md"
paper/notes/rejection_response_matrix.md,yes,585fc7501b4e0b6c99fb575ce1963eebb36f67753c9d4a7199b22270ac8baf29,12805,historical,paper_coap/ or docs/archive/,git_mv_archive,docs/archive/predecessor_manuscripts/paper_legacy_pre_coap/notes/rejection_response_matrix.md,Separate stale EJCO/legacy from COAP canonical,git checkout 6c04ff1 -- path,"README, docs/INDEX.md"
paper/notes/repository_cleanup_after_submission_prep.md,yes,2bcdda9e3575fda62a1d022d5681c6b279f5f4676ce7b7c50a7f9220f34c0848,3059,historical,paper_coap/ or docs/archive/,git_mv_archive,docs/archive/predecessor_manuscripts/paper_legacy_pre_coap/notes/repository_cleanup_after_submission_prep.md,Separate stale EJCO/legacy from COAP canonical,git checkout 6c04ff1 -- path,"README, docs/INDEX.md"
paper/notes/repository_final_audit/artifact_scan.json,yes,3aee3c9007436b5e0259298caa52a57f800603b2bb61c994c2cd18676630a2ed,96,historical,paper_coap/ or docs/archive/,git_mv_archive,docs/archive/predecessor_manuscripts/paper_legacy_pre_coap/notes/repository_final_audit/artifact_scan.json,Separate stale EJCO/legacy from COAP canonical,git checkout 6c04ff1 -- path,"README, docs/INDEX.md"
paper/notes/repository_final_audit/artifact_scan.md,yes,ce3f497b3cdc83d97711899bc13a2e7d268412dd0bfe5a335ee6a48bd60f95d1,115,historical,paper_coap/ or docs/archive/,git_mv_archive,docs/archive/predecessor_manuscripts/paper_legacy_pre_coap/notes/repository_final_audit/artifact_scan.md,Separate stale EJCO/legacy from COAP canonical,git checkout 6c04ff1 -- path,"README, docs/INDEX.md"
paper/notes/repository_final_audit/cover_letter_draft_text.txt,yes,0bb3412d82622910afe3d4ddf13daeefb9ab9d40d438e27a8bc289ef7d8bd0ae,1586,historical,paper_coap/ or docs/archive/,git_mv_archive,docs/archive/predecessor_manuscripts/paper_legacy_pre_coap/notes/repository_final_audit/cover_letter_draft_text.txt,Separate stale EJCO/legacy from COAP canonical,git checkout 6c04ff1 -- path,"README, docs/INDEX.md"
paper/notes/repository_final_audit/full_branch_repository_audit.md,yes,b6a1f99575abb15113a810260912ca6cfb344bc73af299dde1af1f8f8a1c5de0,6792,historical,paper_coap/ or docs/archive/,git_mv_archive,docs/archive/predecessor_manuscripts/paper_legacy_pre_coap/notes/repository_final_audit/full_branch_repository_audit.md,Separate stale EJCO/legacy from COAP canonical,git checkout 6c04ff1 -- path,"README, docs/INDEX.md"
paper/notes/repository_final_audit/latex_warning_status.md,yes,ab91bf65ef30184b2a193a9867b23a6a6c64ca4ddc7f031aa1bdb12b4a4c0009,1647,historical,paper_coap/ or docs/archive/,git_mv_archive,docs/archive/predecessor_manuscripts/paper_legacy_pre_coap/notes/repository_final_audit/latex_warning_status.md,Separate stale EJCO/legacy from COAP canonical,git checkout 6c04ff1 -- path,"README, docs/INDEX.md"
paper/notes/repository_final_audit/main_anonymized_text.txt,yes,bf10bee78e189ce9a071bd63253520a7732211ed9c2267c078e6b66c1927531e,80918,historical,paper_coap/ or docs/archive/,git_mv_archive,docs/archive/predecessor_manuscripts/paper_legacy_pre_coap/notes/repository_final_audit/main_anonymized_text.txt,Separate stale EJCO/legacy from COAP canonical,git checkout 6c04ff1 -- path,"README, docs/INDEX.md"
paper/notes/repository_final_audit/manuscript_metrics.json,yes,2fd6ee1ce4c406787e8701968bc7548018698ce7571d51e3a953f5305a13016c,226,historical,paper_coap/ or docs/archive/,git_mv_archive,docs/archive/predecessor_manuscripts/paper_legacy_pre_coap/notes/repository_final_audit/manuscript_metrics.json,Separate stale EJCO/legacy from COAP canonical,git checkout 6c04ff1 -- path,"README, docs/INDEX.md"
paper/notes/repository_final_audit/manuscript_metrics.md,yes,926ca33902b8f219553097f62d5bd08bdb76eaee1b575d52105232919376684c,215,historical,paper_coap/ or docs/archive/,git_mv_archive,docs/archive/predecessor_manuscripts/paper_legacy_pre_coap/notes/repository_final_audit/manuscript_metrics.md,Separate stale EJCO/legacy from COAP canonical,git checkout 6c04ff1 -- path,"README, docs/INDEX.md"
paper/notes/repository_final_audit/pdf_text_scan.json,yes,df31ff1693aed24cf69c564ee831eb65f181d1edc263f2e96840147a41f64da1,887,historical,paper_coap/ or docs/archive/,git_mv_archive,docs/archive/predecessor_manuscripts/paper_legacy_pre_coap/notes/repository_final_audit/pdf_text_scan.json,Separate stale EJCO/legacy from COAP canonical,git checkout 6c04ff1 -- path,"README, docs/INDEX.md"
paper/notes/repository_final_audit/pdf_text_scan.md,yes,d3249f55da0d5ec232506956f4a7fec7649fedd0dbfac61e364f18c6a0d7ffb0,538,historical,paper_coap/ or docs/archive/,git_mv_archive,docs/archive/predecessor_manuscripts/paper_legacy_pre_coap/notes/repository_final_audit/pdf_text_scan.md,Separate stale EJCO/legacy from COAP canonical,git checkout 6c04ff1 -- path,"README, docs/INDEX.md"
paper/notes/repository_final_audit/result_provenance_check.json,yes,79ef80a5ebc1d5f222d0edb2ff9eb7a849feee0891099ed3ec53231d95cab7b6,1262,historical,paper_coap/ or docs/archive/,git_mv_archive,docs/archive/predecessor_manuscripts/paper_legacy_pre_coap/notes/repository_final_audit/result_provenance_check.json,Separate stale EJCO/legacy from COAP canonical,git checkout 6c04ff1 -- path,"README, docs/INDEX.md"
paper/notes/repository_final_audit/result_provenance_check.md,yes,1bb5122fa46fc1f805138e017b9ea7029d7619420136c2c44eb3410a93a3533e,1108,historical,paper_coap/ or docs/archive/,git_mv_archive,docs/archive/predecessor_manuscripts/paper_legacy_pre_coap/notes/repository_final_audit/result_provenance_check.md,Separate stale EJCO/legacy from COAP canonical,git checkout 6c04ff1 -- path,"README, docs/INDEX.md"
paper/notes/repository_final_audit/source_scan.json,yes,6f38ef4d16fcd68eed77c8c5acd13f146e1fa6989920219d297d928cb5a4323c,74,historical,paper_coap/ or docs/archive/,git_mv_archive,docs/archive/predecessor_manuscripts/paper_legacy_pre_coap/notes/repository_final_audit/source_scan.json,Separate stale EJCO/legacy from COAP canonical,git checkout 6c04ff1 -- path,"README, docs/INDEX.md"
paper/notes/repository_final_audit/source_scan.md,yes,86c3e81c3c2a3c05051b75398cd7ab564aabcb78613a861b91e9c95367efe22b,85,historical,paper_coap/ or docs/archive/,git_mv_archive,docs/archive/predecessor_manuscripts/paper_legacy_pre_coap/notes/repository_final_audit/source_scan.md,Separate stale EJCO/legacy from COAP canonical,git checkout 6c04ff1 -- path,"README, docs/INDEX.md"
paper/notes/repository_final_audit/title_page_text.txt,yes,ddaf6ec05c2df69c95b7fbd4b71ce604a4f1a8b8e10cfdde7d7ac5274695af31,1121,historical,paper_coap/ or docs/archive/,git_mv_archive,docs/archive/predecessor_manuscripts/paper_legacy_pre_coap/notes/repository_final_audit/title_page_text.txt,Separate stale EJCO/legacy from COAP canonical,git checkout 6c04ff1 -- path,"README, docs/INDEX.md"
paper/notes/repository_final_audit/upload_file_inventory.json,yes,ee34bb787d5afb4ccb04dcb0e4a90e8e042163aa704871551bac6c54f413c164,1226,historical,paper_coap/ or docs/archive/,git_mv_archive,docs/archive/predecessor_manuscripts/paper_legacy_pre_coap/notes/repository_final_audit/upload_file_inventory.json,Separate stale EJCO/legacy from COAP canonical,git checkout 6c04ff1 -- path,"README, docs/INDEX.md"
paper/notes/repository_final_audit/upload_file_inventory.md,yes,dd60ad9ad276d529b7236906029279cc24a305b833c55ecd721157bf2800089f,1132,historical,paper_coap/ or docs/archive/,git_mv_archive,docs/archive/predecessor_manuscripts/paper_legacy_pre_coap/notes/repository_final_audit/upload_file_inventory.md,Separate stale EJCO/legacy from COAP canonical,git checkout 6c04ff1 -- path,"README, docs/INDEX.md"
paper/notes/repository_final_audit/upload_staleness_audit.json,yes,3a332a654e58e9d9566cf1b155e9fde14af1b6382ac1e9a191d2ddbb79bf673f,800,historical,paper_coap/ or docs/archive/,git_mv_archive,docs/archive/predecessor_manuscripts/paper_legacy_pre_coap/notes/repository_final_audit/upload_staleness_audit.json,Separate stale EJCO/legacy from COAP canonical,git checkout 6c04ff1 -- path,"README, docs/INDEX.md"
paper/notes/repository_final_audit/upload_staleness_audit.md,yes,81390e2ce4c5b99a71b57f694abefb363b872b9e5ebb746cd26e62dbcb291a7f,688,historical,paper_coap/ or docs/archive/,git_mv_archive,docs/archive/predecessor_manuscripts/paper_legacy_pre_coap/notes/repository_final_audit/upload_staleness_audit.md,Separate stale EJCO/legacy from COAP canonical,git checkout 6c04ff1 -- path,"README, docs/INDEX.md"
paper/notes/results_asset_provenance.json,yes,a186e57e8d42d042f921308dc7dc0290b71a3ed0ce1247b9cc083171d99a721b,3747,historical,paper_coap/ or docs/archive/,git_mv_archive,docs/archive/predecessor_manuscripts/paper_legacy_pre_coap/notes/results_asset_provenance.json,Separate stale EJCO/legacy from COAP canonical,git checkout 6c04ff1 -- path,"README, docs/INDEX.md"
paper/notes/results_asset_provenance.md,yes,61de5a2cd62a8da4c4ae4549da537ab4fba8da08f6b4553cc686d3de72b2f27c,2588,historical,paper_coap/ or docs/archive/,git_mv_archive,docs/archive/predecessor_manuscripts/paper_legacy_pre_coap/notes/results_asset_provenance.md,Separate stale EJCO/legacy from COAP canonical,git checkout 6c04ff1 -- path,"README, docs/INDEX.md"
paper/notes/reusable_material_audit.json,yes,f4b6c74cc1741f93de51639794d40dbd1388f38a37021f3bff2af2cca969b3d4,85194,historical,paper_coap/ or docs/archive/,git_mv_archive,docs/archive/predecessor_manuscripts/paper_legacy_pre_coap/notes/reusable_material_audit.json,Separate stale EJCO/legacy from COAP canonical,git checkout 6c04ff1 -- path,"README, docs/INDEX.md"
paper/notes/reusable_material_audit.md,yes,df6f27516d5eda34c8f3b8310e82384c179544cff5c210ce72365d92d4575a50,81595,historical,paper_coap/ or docs/archive/,git_mv_archive,docs/archive/predecessor_manuscripts/paper_legacy_pre_coap/notes/reusable_material_audit.md,Separate stale EJCO/legacy from COAP canonical,git checkout 6c04ff1 -- path,"README, docs/INDEX.md"
paper/notes/reuse_risk_report.md,yes,cd22348f9c5dccaf72de498a73d201e6ef84e3c5503b860fe94f823d1885792a,1540,historical,paper_coap/ or docs/archive/,git_mv_archive,docs/archive/predecessor_manuscripts/paper_legacy_pre_coap/notes/reuse_risk_report.md,Separate stale EJCO/legacy from COAP canonical,git checkout 6c04ff1 -- path,"README, docs/INDEX.md"
paper/notes/second_reference_count_report.json,yes,112821042b416648f8849c9ffd961826dfae3df0ec4d73b2644e42a56a82a901,605,historical,paper_coap/ or docs/archive/,git_mv_archive,docs/archive/predecessor_manuscripts/paper_legacy_pre_coap/notes/second_reference_count_report.json,Separate stale EJCO/legacy from COAP canonical,git checkout 6c04ff1 -- path,"README, docs/INDEX.md"
paper/notes/second_reference_pass_pdf_scan/anonymity_scan.json,yes,6ee47be9246a68961bf81c54b5f6444a339e3a10e20b64185a77f6ecf81894a6,100,historical,paper_coap/ or docs/archive/,git_mv_archive,docs/archive/predecessor_manuscripts/paper_legacy_pre_coap/notes/second_reference_pass_pdf_scan/anonymity_scan.json,Separate stale EJCO/legacy from COAP canonical,git checkout 6c04ff1 -- path,"README, docs/INDEX.md"
paper/notes/second_reference_pass_pdf_scan/main_anonymized_text.txt,yes,fbe54c8f09c4eb68cb65274fcf9d284c7d2da573988edfdfbb5b29f6b7dc6a99,85505,historical,paper_coap/ or docs/archive/,git_mv_archive,docs/archive/predecessor_manuscripts/paper_legacy_pre_coap/notes/second_reference_pass_pdf_scan/main_anonymized_text.txt,Separate stale EJCO/legacy from COAP canonical,git checkout 6c04ff1 -- path,"README, docs/INDEX.md"
paper/notes/second_reference_pass_report.md,yes,4b3bc14ddef51971c996f475d16aa251e013abd6f1db7e97a2645fb59ec0702d,2713,historical,paper_coap/ or docs/archive/,git_mv_archive,docs/archive/predecessor_manuscripts/paper_legacy_pre_coap/notes/second_reference_pass_report.md,Separate stale EJCO/legacy from COAP canonical,git checkout 6c04ff1 -- path,"README, docs/INDEX.md"
paper/notes/structural_risk_reduction/README.md,yes,06ccbd7b316df1a3b8ee75c3896a433e0c98cc05deac2d6ae3a87569ee3c4325,1344,historical,paper_coap/ or docs/archive/,git_mv_archive,docs/archive/predecessor_manuscripts/paper_legacy_pre_coap/notes/structural_risk_reduction/README.md,Separate stale EJCO/legacy from COAP canonical,git checkout 6c04ff1 -- path,"README, docs/INDEX.md"
paper/notes/structural_risk_reduction/anonymity_style_scan.json,yes,512930ea96f3e97824d7a6dfe79acdd262805ed72b2c47b5fd5c69b5f8806b25,140,historical,paper_coap/ or docs/archive/,git_mv_archive,docs/archive/predecessor_manuscripts/paper_legacy_pre_coap/notes/structural_risk_reduction/anonymity_style_scan.json,Separate stale EJCO/legacy from COAP canonical,git checkout 6c04ff1 -- path,"README, docs/INDEX.md"
paper/notes/structural_risk_reduction/available_files_for_structural_analysis.txt,yes,18b01279cebd4383278e141b997b4acafb488b7622b60b12f11a31ad40e9307c,364883,historical,paper_coap/ or docs/archive/,git_mv_archive,docs/archive/predecessor_manuscripts/paper_legacy_pre_coap/notes/structural_risk_reduction/available_files_for_structural_analysis.txt,Separate stale EJCO/legacy from COAP canonical,git checkout 6c04ff1 -- path,"README, docs/INDEX.md"
paper/notes/structural_risk_reduction/ipsns_gain_feature_correlation.json,yes,d65640151e48d46c49804ab3ee7efdff4c5c2d0c4a334e9a1542381f046bb336,2580,historical,paper_coap/ or docs/archive/,git_mv_archive,docs/archive/predecessor_manuscripts/paper_legacy_pre_coap/notes/structural_risk_reduction/ipsns_gain_feature_correlation.json,Separate stale EJCO/legacy from COAP canonical,git checkout 6c04ff1 -- path,"README, docs/INDEX.md"
paper/notes/structural_risk_reduction/ipsns_gain_feature_correlation.md,yes,6aa3e5c2cb497020d5504af03751f13aaf04be578ea00223808700a338c0561a,1454,historical,paper_coap/ or docs/archive/,git_mv_archive,docs/archive/predecessor_manuscripts/paper_legacy_pre_coap/notes/structural_risk_reduction/ipsns_gain_feature_correlation.md,Separate stale EJCO/legacy from COAP canonical,git checkout 6c04ff1 -- path,"README, docs/INDEX.md"
paper/notes/structural_risk_reduction/main_anonymized_text_after_structural_pass.txt,yes,f022077dc32196ce38cdb09f73e838f43c9c53a8a946d2aa949cd5a439ebcb38,86859,historical,paper_coap/ or docs/archive/,git_mv_archive,docs/archive/predecessor_manuscripts/paper_legacy_pre_coap/notes/structural_risk_reduction/main_anonymized_text_after_structural_pass.txt,Separate stale EJCO/legacy from COAP canonical,git checkout 6c04ff1 -- path,"README, docs/INDEX.md"
paper/notes/structural_risk_reduction/sparse_dense_structural_diagnostic.json,yes,28be287b1705c0f2e69d5bc336280fccef1668589f9c88b139bacbefb31fa98e,1182,historical,paper_coap/ or docs/archive/,git_mv_archive,docs/archive/predecessor_manuscripts/paper_legacy_pre_coap/notes/structural_risk_reduction/sparse_dense_structural_diagnostic.json,Separate stale EJCO/legacy from COAP canonical,git checkout 6c04ff1 -- path,"README, docs/INDEX.md"
paper/notes/structural_risk_reduction/sparse_dense_structural_diagnostic.md,yes,9e4791462767a4dab656375e90518d8b0ab29aac1f1376e31487d79785aa7832,1189,historical,paper_coap/ or docs/archive/,git_mv_archive,docs/archive/predecessor_manuscripts/paper_legacy_pre_coap/notes/structural_risk_reduction/sparse_dense_structural_diagnostic.md,Separate stale EJCO/legacy from COAP canonical,git checkout 6c04ff1 -- path,"README, docs/INDEX.md"
paper/notes/structure_cleanup_report.md,yes,600161a21763496b320fabed0f00b36d89370f6b6b3f8f0565888a12829e6866,3518,historical,paper_coap/ or docs/archive/,git_mv_archive,docs/archive/predecessor_manuscripts/paper_legacy_pre_coap/notes/structure_cleanup_report.md,Separate stale EJCO/legacy from COAP canonical,git checkout 6c04ff1 -- path,"README, docs/INDEX.md"
paper/references.bib,yes,a2cccec5a5e6a4bd19ce2143e3450d70c54ae331bfca37a4b3d2d48cd032c709,10122,historical,paper_coap/ or docs/archive/,git_mv_archive,docs/archive/predecessor_manuscripts/paper_legacy_pre_coap/references.bib,Separate stale EJCO/legacy from COAP canonical,git checkout 6c04ff1 -- path,"README, docs/INDEX.md"
paper/scripts/analyze_experiment_risk_reduction.py,yes,d2505bd081eba7bb524af7aadb4dde9bbf6e98e9a1c10c412c1caf3db30d5c0b,27753,historical,paper_coap/ or docs/archive/,git_mv_archive,docs/archive/predecessor_manuscripts/paper_legacy_pre_coap/scripts/analyze_experiment_risk_reduction.py,Separate stale EJCO/legacy from COAP canonical,git checkout 6c04ff1 -- path,"README, docs/INDEX.md"
paper/scripts/analyze_latex_warnings.py,yes,793f71b4efd9c5b31d04045461f6867ac78519e574880cc778cce6b39d08c55c,11872,historical,paper_coap/ or docs/archive/,git_mv_archive,docs/archive/predecessor_manuscripts/paper_legacy_pre_coap/scripts/analyze_latex_warnings.py,Separate stale EJCO/legacy from COAP canonical,git checkout 6c04ff1 -- path,"README, docs/INDEX.md"
paper/scripts/analyze_structural_risk_reduction.py,yes,bee1ba130f8a0da4b337291fe3ee0354a5f504853e50d1815cfeefe91a1b88f7,26585,historical,paper_coap/ or docs/archive/,git_mv_archive,docs/archive/predecessor_manuscripts/paper_legacy_pre_coap/scripts/analyze_structural_risk_reduction.py,Separate stale EJCO/legacy from COAP canonical,git checkout 6c04ff1 -- path,"README, docs/INDEX.md"
paper/scripts/audit_abstract_keywords_length.py,yes,ba29cdd2c31fb30caaffaef5711e68f1652a8c4fd4584aac51b800648bdadc10,16304,historical,paper_coap/ or docs/archive/,git_mv_archive,docs/archive/predecessor_manuscripts/paper_legacy_pre_coap/scripts/audit_abstract_keywords_length.py,Separate stale EJCO/legacy from COAP canonical,git checkout 6c04ff1 -- path,"README, docs/INDEX.md"
paper/scripts/audit_manuscript_text.py,yes,58bf6702abd7bba782d48f010cf3af8ecae2f9de00fd7b0c1f43e7bb39ab5c33,7907,historical,paper_coap/ or docs/archive/,git_mv_archive,docs/archive/predecessor_manuscripts/paper_legacy_pre_coap/scripts/audit_manuscript_text.py,Separate stale EJCO/legacy from COAP canonical,git checkout 6c04ff1 -- path,"README, docs/INDEX.md"
paper/scripts/build_anonymous_artifact.py,yes,93363b1ea187d1649474d84c9cfb43cf29c4e37aaf2c8bdbb06e22e75201ed12,19659,historical,paper_coap/ or docs/archive/,git_mv_archive,docs/archive/predecessor_manuscripts/paper_legacy_pre_coap/scripts/build_anonymous_artifact.py,Separate stale EJCO/legacy from COAP canonical,git checkout 6c04ff1 -- path,"README, docs/INDEX.md"
paper/scripts/build_paper_results_assets.py,yes,59179471bbc05b7df3d2fca69f4d581e475e6ba4796eca0f4385f5bea6c410ff,21366,historical,paper_coap/ or docs/archive/,git_mv_archive,docs/archive/predecessor_manuscripts/paper_legacy_pre_coap/scripts/build_paper_results_assets.py,Separate stale EJCO/legacy from COAP canonical,git checkout 6c04ff1 -- path,"README, docs/INDEX.md"
paper/scripts/final_layout_readability_audit.py,yes,8fbf74f6f80e69e5ba938db08e063dab5caa20e0618ac6cec97bbcf1a5789092,8840,historical,paper_coap/ or docs/archive/,git_mv_archive,docs/archive/predecessor_manuscripts/paper_legacy_pre_coap/scripts/final_layout_readability_audit.py,Separate stale EJCO/legacy from COAP canonical,git checkout 6c04ff1 -- path,"README, docs/INDEX.md"
paper/scripts/make_pdf_contact_sheets.py,yes,4408412cf2c023dea943c1c8432cfe58437b00a92603c02deece8522f92835f8,2864,historical,paper_coap/ or docs/archive/,git_mv_archive,docs/archive/predecessor_manuscripts/paper_legacy_pre_coap/scripts/make_pdf_contact_sheets.py,Separate stale EJCO/legacy from COAP canonical,git checkout 6c04ff1 -- path,"README, docs/INDEX.md"
submission_package/ejco_source/sections/01_introduction.tex,yes,5cd31277d10f19f027a5fecaf387d7dd4a5ebf9b1decb6e2639d57a90c6a5605,9532,historical,paper_coap/ or docs/archive/,git_mv_archive,docs/archive/predecessor_manuscripts/paper_legacy_pre_coap/sections/01_introduction.tex,Separate stale EJCO/legacy from COAP canonical,git checkout 6c04ff1 -- path,"README, docs/INDEX.md"
submission_package/ejco_source/sections/02_related_work.tex,yes,dd32c1328c68dc37b81d54b19c5c49cf9683308a976e18308b5357530834f2f6,15713,historical,paper_coap/ or docs/archive/,git_mv_archive,docs/archive/predecessor_manuscripts/paper_legacy_pre_coap/sections/02_related_work.tex,Separate stale EJCO/legacy from COAP canonical,git checkout 6c04ff1 -- path,"README, docs/INDEX.md"
submission_package/ejco_source/sections/03_problem_definition.tex,yes,4dcc166255af3f12f5afa4482668c8d295ad15ae209e726a5dd18eb7a9cc2864,2036,historical,paper_coap/ or docs/archive/,git_mv_archive,docs/archive/predecessor_manuscripts/paper_legacy_pre_coap/sections/03_problem_definition.tex,Separate stale EJCO/legacy from COAP canonical,git checkout 6c04ff1 -- path,"README, docs/INDEX.md"
submission_package/ejco_source/sections/04_algorithmic_framework.tex,yes,012a4758efddc572bc50012fef1fec46b845eda2bffc7c5a18d4537259301fed,12721,historical,paper_coap/ or docs/archive/,git_mv_archive,docs/archive/predecessor_manuscripts/paper_legacy_pre_coap/sections/04_algorithmic_framework.tex,Separate stale EJCO/legacy from COAP canonical,git checkout 6c04ff1 -- path,"README, docs/INDEX.md"
submission_package/ejco_source/sections/05_experimental_design.tex,yes,459059ee9e554cbb4360ed2629c9e68aa3262de48e514638e97b302c50ac65fa,13657,historical,paper_coap/ or docs/archive/,git_mv_archive,docs/archive/predecessor_manuscripts/paper_legacy_pre_coap/sections/05_experimental_design.tex,Separate stale EJCO/legacy from COAP canonical,git checkout 6c04ff1 -- path,"README, docs/INDEX.md"
submission_package/ejco_source/sections/06_results.tex,yes,7b4476cfca14951d0d8afd1bc4e3a3d61e10c94e6e003dd656927bf97086570e,15591,historical,paper_coap/ or docs/archive/,git_mv_archive,docs/archive/predecessor_manuscripts/paper_legacy_pre_coap/sections/06_results.tex,Separate stale EJCO/legacy from COAP canonical,git checkout 6c04ff1 -- path,"README, docs/INDEX.md"
submission_package/ejco_source/sections/07_discussion.tex,yes,312916d8701a966be5e92ac5587ebd17cbf08eb28e309b6f3cb0271c1cfcfc84,11025,historical,paper_coap/ or docs/archive/,git_mv_archive,docs/archive/predecessor_manuscripts/paper_legacy_pre_coap/sections/07_discussion.tex,Separate stale EJCO/legacy from COAP canonical,git checkout 6c04ff1 -- path,"README, docs/INDEX.md"
submission_package/ejco_source/sections/08_conclusion.tex,yes,3791d6d5cfb1f8daeced06b81811e3be6d92da587783f9c62430750afc1f2288,3127,historical,paper_coap/ or docs/archive/,git_mv_archive,docs/archive/predecessor_manuscripts/paper_legacy_pre_coap/sections/08_conclusion.tex,Separate stale EJCO/legacy from COAP canonical,git checkout 6c04ff1 -- path,"README, docs/INDEX.md"
paper/source_material/README.md,yes,7bc18813ac2e0e167c920ad55c1682c2035d1988e607de02907a24e7b5f58acc,630,historical,paper_coap/ or docs/archive/,git_mv_archive,docs/archive/predecessor_manuscripts/paper_legacy_pre_coap/source_material/README.md,Separate stale EJCO/legacy from COAP canonical,git checkout 6c04ff1 -- path,"README, docs/INDEX.md"
paper/source_material/bibtex/paper__source_material__extracted_archives__Fast_Local_Ratio_Cycle_Reduction_with_Topological_Add_Back_for_Weighted_Feedback_Arc_Sets_JOCO__references.bib,yes,c1010939ba2cf4f432ed6bd418485f67b5606fc77ff3e1352f22b31b359f7068,6850,historical,paper_coap/ or docs/archive/,git_mv_archive,docs/archive/predecessor_manuscripts/paper_legacy_pre_coap/source_material/bibtex/paper__source_material__extracted_archives__Fast_Local_Ratio_Cycle_Reduction_with_Topological_Add_Back_for_Weighted_Feedback_Arc_Sets_JOCO__references.bib,Separate stale EJCO/legacy from COAP canonical,git checkout 6c04ff1 -- path,"README, docs/INDEX.md"
paper/source_material/bibtex/paper__source_material__extracted_archives__Incumbent_Protected_SCC_Neighborhood_Search_for_the_Weighted_Feedback_Arc_Set_Problem__cas-refs.bib,yes,80ba456b81b78416761e8cb09b91f4e960aa8f1a589da8ad4dc451ae80dd09a8,8263,historical,paper_coap/ or docs/archive/,git_mv_archive,docs/archive/predecessor_manuscripts/paper_legacy_pre_coap/source_material/bibtex/paper__source_material__extracted_archives__Incumbent_Protected_SCC_Neighborhood_Search_for_the_Weighted_Feedback_Arc_Set_Problem__cas-refs.bib,Separate stale EJCO/legacy from COAP canonical,git checkout 6c04ff1 -- path,"README, docs/INDEX.md"
paper/source_material/bibtex/paper__source_material__extracted_archives__Incumbent_Protected_SCC_Neighborhood_Search_for_the_Weighted_Feedback_Arc_Set_Problem__references.bib,yes,805b9739ec24ce246a2a682cbfc0dd3a55dfdf38d71d38a766c025a28345887a,7890,historical,paper_coap/ or docs/archive/,git_mv_archive,docs/archive/predecessor_manuscripts/paper_legacy_pre_coap/source_material/bibtex/paper__source_material__extracted_archives__Incumbent_Protected_SCC_Neighborhood_Search_for_the_Weighted_Feedback_Arc_Set_Problem__references.bib,Separate stale EJCO/legacy from COAP canonical,git checkout 6c04ff1 -- path,"README, docs/INDEX.md"
paper/submission_checklist_caie.md,yes,f6a5101b14f6eac4a1f953ab00e1dbc25743ac0670eaf758e0179ebe178a5a14,1084,historical,paper_coap/ or docs/archive/,git_mv_archive,docs/archive/predecessor_manuscripts/paper_legacy_pre_coap/submission_checklist_caie.md,Separate stale EJCO/legacy from COAP canonical,git checkout 6c04ff1 -- path,"README, docs/INDEX.md"
submission_package/ejco_source/tables/table_ablation.tex,yes,9f967515cdc98b8712d1cef8327d137f0a3689eab7e1ac45b3d4a78050cad768,1003,historical,paper_coap/ or docs/archive/,git_mv_archive,docs/archive/predecessor_manuscripts/paper_legacy_pre_coap/tables/table_ablation.tex,Separate stale EJCO/legacy from COAP canonical,git checkout 6c04ff1 -- path,"README, docs/INDEX.md"
submission_package/ejco_source/tables/table_algorithm_components.tex,yes,aeffa418080cf2b8652b46bae525579dcf2707cb893316ad2bdd58375651e7c7,917,historical,paper_coap/ or docs/archive/,git_mv_archive,docs/archive/predecessor_manuscripts/paper_legacy_pre_coap/tables/table_algorithm_components.tex,Separate stale EJCO/legacy from COAP canonical,git checkout 6c04ff1 -- path,"README, docs/INDEX.md"
submission_package/ejco_source/tables/table_algorithm_invariants.tex,yes,e43b49621e88f568d0427bee26d00714411c20f67a5e1a32d23ce6e426d69df1,971,historical,paper_coap/ or docs/archive/,git_mv_archive,docs/archive/predecessor_manuscripts/paper_legacy_pre_coap/tables/table_algorithm_invariants.tex,Separate stale EJCO/legacy from COAP canonical,git checkout 6c04ff1 -- path,"README, docs/INDEX.md"
submission_package/ejco_source/tables/table_application_case.tex,yes,97c6ea7da18403eb540f26ef1313d4cadd76418dc4966057e09844f54ad8392b,671,historical,paper_coap/ or docs/archive/,git_mv_archive,docs/archive/predecessor_manuscripts/paper_legacy_pre_coap/tables/table_application_case.tex,Separate stale EJCO/legacy from COAP canonical,git checkout 6c04ff1 -- path,"README, docs/INDEX.md"
submission_package/ejco_source/tables/table_exact_validation.tex,yes,5218827a8f01f36c5a2bffd55e7922d42e910d2550e6dedd6839cd95d822563b,713,historical,paper_coap/ or docs/archive/,git_mv_archive,docs/archive/predecessor_manuscripts/paper_legacy_pre_coap/tables/table_exact_validation.tex,Separate stale EJCO/legacy from COAP canonical,git checkout 6c04ff1 -- path,"README, docs/INDEX.md"
submission_package/ejco_source/tables/table_experiment_overview.tex,yes,1c285e538d0c1b011fe68991befce5d1b5a34b4c1b9f477e28d0f9d6c71b02e1,1187,historical,paper_coap/ or docs/archive/,git_mv_archive,docs/archive/predecessor_manuscripts/paper_legacy_pre_coap/tables/table_experiment_overview.tex,Separate stale EJCO/legacy from COAP canonical,git checkout 6c04ff1 -- path,"README, docs/INDEX.md"
submission_package/ejco_source/tables/table_ipsns_budget_curve.tex,yes,e9eeb2c0026f60de6dceb288f1f08a6ce35c59b14a3fb6b89da70062b83b53d0,1492,historical,paper_coap/ or docs/archive/,git_mv_archive,docs/archive/predecessor_manuscripts/paper_legacy_pre_coap/tables/table_ipsns_budget_curve.tex,Separate stale EJCO/legacy from COAP canonical,git checkout 6c04ff1 -- path,"README, docs/INDEX.md"
submission_package/ejco_source/tables/table_lolib_scope.tex,yes,2b798d554c7b87bd2546e0f42e63b640567943c842fb3c08aa9ca17130a91328,1423,historical,paper_coap/ or docs/archive/,git_mv_archive,docs/archive/predecessor_manuscripts/paper_legacy_pre_coap/tables/table_lolib_scope.tex,Separate stale EJCO/legacy from COAP canonical,git checkout 6c04ff1 -- path,"README, docs/INDEX.md"
submission_package/ejco_source/tables/table_medium_mip_baseline.tex,yes,3180d582376b4e9bef664f18d2a21d57a3c1e30760fc95aac1429e631c3b89e2,747,historical,paper_coap/ or docs/archive/,git_mv_archive,docs/archive/predecessor_manuscripts/paper_legacy_pre_coap/tables/table_medium_mip_baseline.tex,Separate stale EJCO/legacy from COAP canonical,git checkout 6c04ff1 -- path,"README, docs/INDEX.md"
submission_package/ejco_source/tables/table_paired_sparse_tests.tex,yes,1cd145ab014e9d696d3ae49d3a4e37df8130bad6678ad24c6f39452093ae58ac,1509,historical,paper_coap/ or docs/archive/,git_mv_archive,docs/archive/predecessor_manuscripts/paper_legacy_pre_coap/tables/table_paired_sparse_tests.tex,Separate stale EJCO/legacy from COAP canonical,git checkout 6c04ff1 -- path,"README, docs/INDEX.md"
submission_package/ejco_source/tables/table_plain_local_search.tex,yes,f8f1cd5da5c1f1b2e7d2fb63fc65a690f6ddb74229caec35f84873de7b7542c2,1319,historical,paper_coap/ or docs/archive/,git_mv_archive,docs/archive/predecessor_manuscripts/paper_legacy_pre_coap/tables/table_plain_local_search.tex,Separate stale EJCO/legacy from COAP canonical,git checkout 6c04ff1 -- path,"README, docs/INDEX.md"
paper/tables/table_runtime_quality_tradeoff.tex,yes,8dcbfbd878d3e83c8c01a8d2364a2aca6d09a817b52332ac5bebed961ee30690,799,historical,paper_coap/ or docs/archive/,git_mv_archive,docs/archive/predecessor_manuscripts/paper_legacy_pre_coap/tables/table_runtime_quality_tradeoff.tex,Separate stale EJCO/legacy from COAP canonical,git checkout 6c04ff1 -- path,"README, docs/INDEX.md"
submission_package/ejco_source/tables/table_sparse_external_baselines.tex,yes,6239258bdcfba406fb4aa00dfb4076bdcc18dee7fa4f3f7e85d9915184097f11,1267,historical,paper_coap/ or docs/archive/,git_mv_archive,docs/archive/predecessor_manuscripts/paper_legacy_pre_coap/tables/table_sparse_external_baselines.tex,Separate stale EJCO/legacy from COAP canonical,git checkout 6c04ff1 -- path,"README, docs/INDEX.md"
submission_package/ejco_source/tables/table_structural_diagnostic.tex,yes,5dc6ab0a28bfbd84a9d6060136ad9687ef8155914b0c4e84659d3555648009e9,1213,historical,paper_coap/ or docs/archive/,git_mv_archive,docs/archive/predecessor_manuscripts/paper_legacy_pre_coap/tables/table_structural_diagnostic.tex,Separate stale EJCO/legacy from COAP canonical,git checkout 6c04ff1 -- path,"README, docs/INDEX.md"
submission_package/ejco_files_for_upload/title_page.pdf,yes,dc2d7ed339ac04862c18b8b8fefd65d3be110ee07b9dfec34e4a0e0d3c232730,16056,historical,paper_coap/ or docs/archive/,git_mv_archive,docs/archive/predecessor_manuscripts/paper_legacy_pre_coap/title_page.pdf,Separate stale EJCO/legacy from COAP canonical,git checkout 6c04ff1 -- path,"README, docs/INDEX.md"
submission_package/ejco_source/title_page.tex,yes,f11ee8839fab2b32a405df083c281752e8a4ce81a1896a9fd1e7d9fd10c5befe,1379,historical,paper_coap/ or docs/archive/,git_mv_archive,docs/archive/predecessor_manuscripts/paper_legacy_pre_coap/title_page.tex,Separate stale EJCO/legacy from COAP canonical,git checkout 6c04ff1 -- path,"README, docs/INDEX.md"
