instance_id,seed,objective_bw,lr_seed_bw,wmsf_seed_bw,initial_incumbent_bw,improved_over_seed,improvement_abs,improvement_pct,accepted_moves,rejected_moves,best_iteration,runtime_seconds,time_to_best_seconds
bad,0,1.0,1.0,1.0,1.0,False,0.0,0.0,0,400,0,0.17088925500002006,0.0
bad,1,1.0,1.0,1.0,1.0,False,0.0,0.0,0,400,0,0.004275922000033461,0.0
bad,2,1.0,1.0,1.0,1.0,False,0.0,0.0,0,400,0,0.003770008999708807,0.0
bad,3,1.0,1.0,1.0,1.0,False,0.0,0.0,0,400,0,0.00373641799978941,0.0
bad,4,1.0,1.0,1.0,1.0,False,0.0,0.0,0,400,0,0.0037745129998256743,0.0
bad,5,1.0,1.0,1.0,1.0,False,0.0,0.0,0,400,0,0.0037905720000708243,0.0
bad,6,1.0,1.0,1.0,1.0,False,0.0,0.0,0,400,0,0.003745242999684706,0.0
bad,7,1.0,1.0,1.0,1.0,False,0.0,0.0,0,400,0,0.003788983000049484,0.0
bad,8,1.0,1.0,1.0,1.0,False,0.0,0.0,0,400,0,0.004091450000032637,0.0
bad,9,1.0,1.0,1.0,1.0,False,0.0,0.0,0,400,0,0.0036724429996866093,0.0
bad,10,1.0,1.0,1.0,1.0,False,0.0,0.0,0,400,0,0.003809541000009631,0.0
bad,11,1.0,1.0,1.0,1.0,False,0.0,0.0,0,400,0,0.0037471330001608294,0.0
bad,12,1.0,1.0,1.0,1.0,False,0.0,0.0,0,400,0,0.0037522739999076293,0.0
bad,13,1.0,1.0,1.0,1.0,False,0.0,0.0,0,400,0,0.0038492909998240066,0.0
bad,14,1.0,1.0,1.0,1.0,False,0.0,0.0,0,400,0,0.003740296999694692,0.0
bad,15,1.0,1.0,1.0,1.0,False,0.0,0.0,0,400,0,0.003980065000178001,0.0
bad,16,1.0,1.0,1.0,1.0,False,0.0,0.0,0,400,0,0.0038870749999659893,0.0
bad,17,1.0,1.0,1.0,1.0,False,0.0,0.0,0,400,0,0.003823986000043078,0.0
bad,18,1.0,1.0,1.0,1.0,False,0.0,0.0,0,400,0,0.0037453110003298207,0.0
bad,19,1.0,1.0,1.0,1.0,False,0.0,0.0,0,400,0,0.0037735649998467125,0.0
bad1,0,94.0,94.0,94.0,94.0,False,0.0,0.0,0,400,0,0.009895214999687596,0.0
bad1,1,94.0,94.0,94.0,94.0,False,0.0,0.0,0,400,0,0.009914910999668791,0.0
bad1,2,94.0,94.0,94.0,94.0,False,0.0,0.0,0,400,0,0.009891488999983267,0.0
bad1,3,94.0,94.0,94.0,94.0,False,0.0,0.0,0,400,0,0.009943473999555863,0.0
bad1,4,94.0,94.0,94.0,94.0,False,0.0,0.0,0,400,0,0.010007522000250901,0.0
bad1,5,94.0,94.0,94.0,94.0,False,0.0,0.0,0,400,0,0.009993290999773308,0.0
bad1,6,94.0,94.0,94.0,94.0,False,0.0,0.0,0,400,0,0.009979579000173544,0.0
bad1,7,94.0,94.0,94.0,94.0,False,0.0,0.0,0,400,0,0.009902810000312456,0.0
bad1,8,94.0,94.0,94.0,94.0,False,0.0,0.0,0,400,0,0.010022912000295037,0.0
bad1,9,94.0,94.0,94.0,94.0,False,0.0,0.0,0,400,0,0.009911210000154824,0.0
bad1,10,94.0,94.0,94.0,94.0,False,0.0,0.0,0,400,0,0.009926494999945135,0.0
bad1,11,94.0,94.0,94.0,94.0,False,0.0,0.0,0,400,0,0.009940459000063129,0.0
bad1,12,94.0,94.0,94.0,94.0,False,0.0,0.0,0,400,0,0.009857573000317643,0.0
bad1,13,94.0,94.0,94.0,94.0,False,0.0,0.0,0,400,0,0.009887622999940504,0.0
bad1,14,94.0,94.0,94.0,94.0,False,0.0,0.0,0,400,0,0.009877601999960461,0.0
bad1,15,94.0,94.0,94.0,94.0,False,0.0,0.0,0,400,0,0.010014301999945019,0.0
bad1,16,94.0,94.0,94.0,94.0,False,0.0,0.0,0,400,0,0.0098062380002375,0.0
bad1,17,94.0,94.0,94.0,94.0,False,0.0,0.0,0,400,0,0.01029088099994624,0.0
bad1,18,94.0,94.0,94.0,94.0,False,0.0,0.0,0,400,0,0.010153898999760713,0.0
bad1,19,94.0,94.0,94.0,94.0,False,0.0,0.0,0,400,0,0.009702018000098178,0.0
bad2,0,180.0,180.0,180.0,180.0,False,0.0,0.0,0,400,0,0.008889737000117748,0.0
bad2,1,180.0,180.0,180.0,180.0,False,0.0,0.0,0,400,0,0.008930068999688956,0.0
bad2,2,180.0,180.0,180.0,180.0,False,0.0,0.0,0,400,0,0.008901989000150934,0.0
bad2,3,180.0,180.0,180.0,180.0,False,0.0,0.0,0,400,0,0.008904546999929153,0.0
bad2,4,180.0,180.0,180.0,180.0,False,0.0,0.0,0,400,0,0.009061057000053552,0.0
bad2,5,180.0,180.0,180.0,180.0,False,0.0,0.0,0,400,0,0.008920769999804179,0.0
bad2,6,180.0,180.0,180.0,180.0,False,0.0,0.0,0,400,0,0.008898502999727498,0.0
bad2,7,180.0,180.0,180.0,180.0,False,0.0,0.0,0,400,0,0.008960389000094438,0.0
bad2,8,180.0,180.0,180.0,180.0,False,0.0,0.0,0,400,0,0.008964925999862317,0.0
bad2,9,180.0,180.0,180.0,180.0,False,0.0,0.0,0,400,0,0.008963993000179471,0.0
bad2,10,180.0,180.0,180.0,180.0,False,0.0,0.0,0,400,0,0.008988529999896855,0.0
bad2,11,180.0,180.0,180.0,180.0,False,0.0,0.0,0,400,0,0.00897561500005395,0.0
bad2,12,180.0,180.0,180.0,180.0,False,0.0,0.0,0,400,0,0.008925638000164327,0.0
bad2,13,180.0,180.0,180.0,180.0,False,0.0,0.0,0,400,0,0.009082613999908062,0.0
bad2,14,180.0,180.0,180.0,180.0,False,0.0,0.0,0,400,0,0.008782985999914672,0.0
bad2,15,180.0,180.0,180.0,180.0,False,0.0,0.0,0,400,0,0.009062224999979662,0.0
bad2,16,180.0,180.0,180.0,180.0,False,0.0,0.0,0,400,0,0.009028621999732422,0.0
bad2,17,180.0,180.0,180.0,180.0,False,0.0,0.0,0,400,0,0.00893772799963699,0.0
bad2,18,180.0,180.0,180.0,180.0,False,0.0,0.0,0,400,0,0.008985820000361855,0.0
bad2,19,180.0,180.0,180.0,180.0,False,0.0,0.0,0,400,0,0.009092675999909261,0.0
bad3,0,1519.0,1519.0,1632.0,1519.0,False,0.0,0.0,0,400,0,0.0051436889998512925,0.0
bad3,1,1519.0,1519.0,1632.0,1519.0,False,0.0,0.0,0,400,0,0.0050878990000455815,0.0
bad3,2,1519.0,1519.0,1632.0,1519.0,False,0.0,0.0,0,400,0,0.005062540000380977,0.0
bad3,3,1519.0,1519.0,1632.0,1519.0,False,0.0,0.0,0,400,0,0.005119553999975324,0.0
bad3,4,1519.0,1519.0,1632.0,1519.0,False,0.0,0.0,0,400,0,0.005145984999671782,0.0
bad3,5,1519.0,1519.0,1632.0,1519.0,False,0.0,0.0,0,400,0,0.005051582000305643,0.0
bad3,6,1519.0,1519.0,1632.0,1519.0,False,0.0,0.0,0,400,0,0.005087146000278153,0.0
bad3,7,1519.0,1519.0,1632.0,1519.0,False,0.0,0.0,0,400,0,0.005197272999794222,0.0
bad3,8,1519.0,1519.0,1632.0,1519.0,False,0.0,0.0,0,400,0,0.0053345119999903545,0.0
bad3,9,1519.0,1519.0,1632.0,1519.0,False,0.0,0.0,0,400,0,0.0051227700000708865,0.0
bad3,10,1519.0,1519.0,1632.0,1519.0,False,0.0,0.0,0,400,0,0.005146068000158266,0.0
bad3,11,1519.0,1519.0,1632.0,1519.0,False,0.0,0.0,0,400,0,0.005527696999706677,0.0
bad3,12,1519.0,1519.0,1632.0,1519.0,False,0.0,0.0,0,400,0,0.005210443000123632,0.0
bad3,13,1519.0,1519.0,1632.0,1519.0,False,0.0,0.0,0,400,0,0.005074161000266031,0.0
bad3,14,1519.0,1519.0,1632.0,1519.0,False,0.0,0.0,0,400,0,0.005211426000187203,0.0
bad3,15,1519.0,1519.0,1632.0,1519.0,False,0.0,0.0,0,400,0,0.005217349000304239,0.0
bad3,16,1519.0,1519.0,1632.0,1519.0,False,0.0,0.0,0,400,0,0.005161093999959121,0.0
bad3,17,1519.0,1519.0,1632.0,1519.0,False,0.0,0.0,0,400,0,0.005134454999733862,0.0
bad3,18,1519.0,1519.0,1632.0,1519.0,False,0.0,0.0,0,400,0,0.005084212999918236,0.0
bad3,19,1519.0,1519.0,1632.0,1519.0,False,0.0,0.0,0,400,0,0.005062726000232942,0.0
bad4,0,877.0,877.0,877.0,877.0,False,0.0,0.0,0,400,0,0.00840103900009126,0.0
bad4,1,877.0,877.0,877.0,877.0,False,0.0,0.0,0,400,0,0.008538980000139418,0.0
bad4,2,877.0,877.0,877.0,877.0,False,0.0,0.0,0,400,0,0.008410521000314475,0.0
bad4,3,877.0,877.0,877.0,877.0,False,0.0,0.0,0,400,0,0.008501720999902318,0.0
bad4,4,877.0,877.0,877.0,877.0,False,0.0,0.0,0,400,0,0.008382945999983349,0.0
bad4,5,877.0,877.0,877.0,877.0,False,0.0,0.0,0,400,0,0.008359364000170899,0.0
bad4,6,877.0,877.0,877.0,877.0,False,0.0,0.0,0,400,0,0.008460001999992528,0.0
bad4,7,877.0,877.0,877.0,877.0,False,0.0,0.0,0,400,0,0.00840279499971075,0.0
bad4,8,877.0,877.0,877.0,877.0,False,0.0,0.0,0,400,0,0.008391469999878609,0.0
bad4,9,877.0,877.0,877.0,877.0,False,0.0,0.0,0,400,0,0.008453124999959982,0.0
bad4,10,877.0,877.0,877.0,877.0,False,0.0,0.0,0,400,0,0.008582124999975349,0.0
bad4,11,877.0,877.0,877.0,877.0,False,0.0,0.0,0,400,0,0.009366607000174554,0.0
bad4,12,877.0,877.0,877.0,877.0,False,0.0,0.0,0,400,0,0.008562618999803817,0.0
bad4,13,877.0,877.0,877.0,877.0,False,0.0,0.0,0,400,0,0.00867542100013452,0.0
bad4,14,877.0,877.0,877.0,877.0,False,0.0,0.0,0,400,0,0.008459758000299189,0.0
bad4,15,877.0,877.0,877.0,877.0,False,0.0,0.0,0,400,0,0.008406637999996747,0.0
bad4,16,877.0,877.0,877.0,877.0,False,0.0,0.0,0,400,0,0.008528272000148718,0.0
bad4,17,877.0,877.0,877.0,877.0,False,0.0,0.0,0,400,0,0.00849715100002868,0.0
bad4,18,877.0,877.0,877.0,877.0,False,0.0,0.0,0,400,0,0.008470552999824577,0.0
bad4,19,877.0,877.0,877.0,877.0,False,0.0,0.0,0,400,0,0.008507300000019313,0.0
bad5,0,770.0,770.0,770.0,770.0,False,0.0,0.0,0,400,0,0.008453942999949504,0.0
bad5,1,770.0,770.0,770.0,770.0,False,0.0,0.0,0,400,0,0.008478917000047659,0.0
bad5,2,770.0,770.0,770.0,770.0,False,0.0,0.0,0,400,0,0.008510375999776443,0.0
bad5,3,770.0,770.0,770.0,770.0,False,0.0,0.0,0,400,0,0.00846777300012036,0.0
bad5,4,770.0,770.0,770.0,770.0,False,0.0,0.0,0,400,0,0.008451282999885734,0.0
bad5,5,770.0,770.0,770.0,770.0,False,0.0,0.0,0,400,0,0.008497100999647955,0.0
bad5,6,770.0,770.0,770.0,770.0,False,0.0,0.0,0,400,0,0.008496460000060324,0.0
bad5,7,770.0,770.0,770.0,770.0,False,0.0,0.0,0,400,0,0.008571452000069257,0.0
bad5,8,770.0,770.0,770.0,770.0,False,0.0,0.0,0,400,0,0.008605711000200245,0.0
bad5,9,770.0,770.0,770.0,770.0,False,0.0,0.0,0,400,0,0.008639883000341797,0.0
bad5,10,770.0,770.0,770.0,770.0,False,0.0,0.0,0,400,0,0.008665474000281392,0.0
bad5,11,770.0,770.0,770.0,770.0,False,0.0,0.0,0,400,0,0.009038000999680662,0.0
bad5,12,770.0,770.0,770.0,770.0,False,0.0,0.0,0,400,0,0.008633220000319852,0.0
bad5,13,770.0,770.0,770.0,770.0,False,0.0,0.0,0,400,0,0.00870808500030762,0.0
bad5,14,770.0,770.0,770.0,770.0,False,0.0,0.0,0,400,0,0.008535075000054348,0.0
bad5,15,770.0,770.0,770.0,770.0,False,0.0,0.0,0,400,0,0.00852195200013739,0.0
bad5,16,770.0,770.0,770.0,770.0,False,0.0,0.0,0,400,0,0.008519391999925574,0.0
bad5,17,770.0,770.0,770.0,770.0,False,0.0,0.0,0,400,0,0.008513195999967138,0.0
bad5,18,770.0,770.0,770.0,770.0,False,0.0,0.0,0,400,0,0.008540687000277103,0.0
bad5,19,770.0,770.0,770.0,770.0,False,0.0,0.0,0,400,0,0.008546133999971062,0.0
bad6,0,218.0,218.0,218.0,218.0,False,0.0,0.0,0,400,0,0.008136381999975129,0.0
bad6,1,218.0,218.0,218.0,218.0,False,0.0,0.0,0,400,0,0.008347758999661892,0.0
bad6,2,218.0,218.0,218.0,218.0,False,0.0,0.0,0,400,0,0.008268573000350443,0.0
bad6,3,218.0,218.0,218.0,218.0,False,0.0,0.0,0,400,0,0.008085053999820957,0.0
bad6,4,218.0,218.0,218.0,218.0,False,0.0,0.0,0,400,0,0.008393592000174976,0.0
bad6,5,218.0,218.0,218.0,218.0,False,0.0,0.0,0,400,0,0.008054721999997128,0.0
bad6,6,218.0,218.0,218.0,218.0,False,0.0,0.0,0,400,0,0.008092472000043927,0.0
bad6,7,218.0,218.0,218.0,218.0,False,0.0,0.0,0,400,0,0.00806102499973349,0.0
bad6,8,218.0,218.0,218.0,218.0,False,0.0,0.0,0,400,0,0.008024597999792604,0.0
bad6,9,218.0,218.0,218.0,218.0,False,0.0,0.0,0,400,0,0.008045255000070028,0.0
bad6,10,218.0,218.0,218.0,218.0,False,0.0,0.0,0,400,0,0.008074939999914932,0.0
bad6,11,218.0,218.0,218.0,218.0,False,0.0,0.0,0,400,0,0.008078793999629852,0.0
bad6,12,218.0,218.0,218.0,218.0,False,0.0,0.0,0,400,0,0.008055819999754021,0.0
bad6,13,218.0,218.0,218.0,218.0,False,0.0,0.0,0,400,0,0.008076785999946878,0.0
bad6,14,218.0,218.0,218.0,218.0,False,0.0,0.0,0,400,0,0.008049024999763787,0.0
bad6,15,218.0,218.0,218.0,218.0,False,0.0,0.0,0,400,0,0.0081535869999243,0.0
bad6,16,218.0,218.0,218.0,218.0,False,0.0,0.0,0,400,0,0.008064634999755071,0.0
bad6,17,218.0,218.0,218.0,218.0,False,0.0,0.0,0,400,0,0.008200748000035674,0.0
bad6,18,218.0,218.0,218.0,218.0,False,0.0,0.0,0,400,0,0.008105879000140703,0.0
bad6,19,218.0,218.0,218.0,218.0,False,0.0,0.0,0,400,0,0.0080586740000399,0.0
bad7,0,1724.0,1724.0,1724.0,1724.0,False,0.0,0.0,0,400,0,0.013309548000052018,0.0
bad7,1,1724.0,1724.0,1724.0,1724.0,False,0.0,0.0,0,400,0,0.013154443000075844,0.0
bad7,2,1724.0,1724.0,1724.0,1724.0,False,0.0,0.0,0,400,0,0.013171476000024995,0.0
bad7,3,1724.0,1724.0,1724.0,1724.0,False,0.0,0.0,0,400,0,0.013155884999832779,0.0
bad7,4,1724.0,1724.0,1724.0,1724.0,False,0.0,0.0,0,400,0,0.013249246000214043,0.0
bad7,5,1724.0,1724.0,1724.0,1724.0,False,0.0,0.0,0,400,0,0.013378781000028539,0.0
bad7,6,1724.0,1724.0,1724.0,1724.0,False,0.0,0.0,0,400,0,0.013255733999812946,0.0
bad7,7,1724.0,1724.0,1724.0,1724.0,False,0.0,0.0,0,400,0,0.013292604000071151,0.0
bad7,8,1724.0,1724.0,1724.0,1724.0,False,0.0,0.0,0,400,0,0.013334801999917545,0.0
bad7,9,1724.0,1724.0,1724.0,1724.0,False,0.0,0.0,0,400,0,0.012918787999751657,0.0
bad7,10,1724.0,1724.0,1724.0,1724.0,False,0.0,0.0,0,400,0,0.01304386300034821,0.0
bad7,11,1724.0,1724.0,1724.0,1724.0,False,0.0,0.0,0,400,0,0.013078076000056171,0.0
bad7,12,1724.0,1724.0,1724.0,1724.0,False,0.0,0.0,0,400,0,0.01309434799986775,0.0
bad7,13,1724.0,1724.0,1724.0,1724.0,False,0.0,0.0,0,400,0,0.013316623999799049,0.0
bad7,14,1724.0,1724.0,1724.0,1724.0,False,0.0,0.0,0,400,0,0.013326094000149169,0.0
bad7,15,1724.0,1724.0,1724.0,1724.0,False,0.0,0.0,0,400,0,0.013512177999928099,0.0
bad7,16,1724.0,1724.0,1724.0,1724.0,False,0.0,0.0,0,400,0,0.013289141000313975,0.0
bad7,17,1724.0,1724.0,1724.0,1724.0,False,0.0,0.0,0,400,0,0.013275520999741275,0.0
bad7,18,1724.0,1724.0,1724.0,1724.0,False,0.0,0.0,0,400,0,0.013370667999879515,0.0
bad7,19,1724.0,1724.0,1724.0,1724.0,False,0.0,0.0,0,400,0,0.013424632999885944,0.0
bigkey,0,346181.0,346181.0,347690.0,346181.0,False,0.0,0.0,0,400,0,1.2509520390003672,0.0
bigkey,1,346181.0,346181.0,347690.0,346181.0,False,0.0,0.0,0,400,0,1.2440449119999357,0.0
bigkey,2,346181.0,346181.0,347690.0,346181.0,False,0.0,0.0,0,400,0,1.2621281759998055,0.0
bigkey,3,346181.0,346181.0,347690.0,346181.0,False,0.0,0.0,0,400,0,1.2467891360001886,0.0
bigkey,4,346181.0,346181.0,347690.0,346181.0,False,0.0,0.0,0,400,0,1.261963168999955,0.0
bigkey,5,346181.0,346181.0,347690.0,346181.0,False,0.0,0.0,0,400,0,1.3348591240001042,0.0
bigkey,6,346181.0,346181.0,347690.0,346181.0,False,0.0,0.0,0,400,0,1.2631920120002178,0.0
bigkey,7,346181.0,346181.0,347690.0,346181.0,False,0.0,0.0,0,400,0,1.2625653139998576,0.0
bigkey,8,346181.0,346181.0,347690.0,346181.0,False,0.0,0.0,0,400,0,1.3059442250000757,0.0
bigkey,9,346181.0,346181.0,347690.0,346181.0,False,0.0,0.0,0,400,0,1.2545814100003554,0.0
bigkey,10,346181.0,346181.0,347690.0,346181.0,False,0.0,0.0,0,400,0,1.2694469070002015,0.0
bigkey,11,346181.0,346181.0,347690.0,346181.0,False,0.0,0.0,0,400,0,1.2599206689997118,0.0
bigkey,12,346181.0,346181.0,347690.0,346181.0,False,0.0,0.0,0,400,0,1.2580169890002253,0.0
bigkey,13,346181.0,346181.0,347690.0,346181.0,False,0.0,0.0,0,400,0,1.251228016999903,0.0
bigkey,14,346181.0,346181.0,347690.0,346181.0,False,0.0,0.0,0,400,0,1.2706618320003145,0.0
bigkey,15,346181.0,346181.0,347690.0,346181.0,False,0.0,0.0,0,400,0,1.2593989740003053,0.0
bigkey,16,346181.0,346181.0,347690.0,346181.0,False,0.0,0.0,0,400,0,1.2626431170001524,0.0
bigkey,17,346181.0,346181.0,347690.0,346181.0,False,0.0,0.0,0,400,0,1.2609520270002577,0.0
bigkey,18,346181.0,346181.0,347690.0,346181.0,False,0.0,0.0,0,400,0,1.283698037999784,0.0
bigkey,19,346181.0,346181.0,347690.0,346181.0,False,0.0,0.0,0,400,0,1.2634209869997903,0.0
complete2,0,1.0,1.0,1.0,1.0,False,0.0,0.0,0,400,0,0.003685961000428506,0.0
complete2,1,1.0,1.0,1.0,1.0,False,0.0,0.0,0,400,0,0.0034362579999651643,0.0
complete2,2,1.0,1.0,1.0,1.0,False,0.0,0.0,0,400,0,0.003436186000271846,0.0
complete2,3,1.0,1.0,1.0,1.0,False,0.0,0.0,0,400,0,0.0034547719997135573,0.0
complete2,4,1.0,1.0,1.0,1.0,False,0.0,0.0,0,400,0,0.0036993029998484417,0.0
complete2,5,1.0,1.0,1.0,1.0,False,0.0,0.0,0,400,0,0.00345638599992526,0.0
complete2,6,1.0,1.0,1.0,1.0,False,0.0,0.0,0,400,0,0.0034656709999580926,0.0
complete2,7,1.0,1.0,1.0,1.0,False,0.0,0.0,0,400,0,0.0034241739999743004,0.0
complete2,8,1.0,1.0,1.0,1.0,False,0.0,0.0,0,400,0,0.0034757550001813797,0.0
complete2,9,1.0,1.0,1.0,1.0,False,0.0,0.0,0,400,0,0.003457727000295563,0.0
complete2,10,1.0,1.0,1.0,1.0,False,0.0,0.0,0,400,0,0.0034960770003635844,0.0
complete2,11,1.0,1.0,1.0,1.0,False,0.0,0.0,0,400,0,0.0035700110001926078,0.0
complete2,12,1.0,1.0,1.0,1.0,False,0.0,0.0,0,400,0,0.003538793000188889,0.0
complete2,13,1.0,1.0,1.0,1.0,False,0.0,0.0,0,400,0,0.003463038000063534,0.0
complete2,14,1.0,1.0,1.0,1.0,False,0.0,0.0,0,400,0,0.003419299000142928,0.0
complete2,15,1.0,1.0,1.0,1.0,False,0.0,0.0,0,400,0,0.003454283999872132,0.0
complete2,16,1.0,1.0,1.0,1.0,False,0.0,0.0,0,400,0,0.003497370999866689,0.0
complete2,17,1.0,1.0,1.0,1.0,False,0.0,0.0,0,400,0,0.003468376000000717,0.0
complete2,18,1.0,1.0,1.0,1.0,False,0.0,0.0,0,400,0,0.0034073050001097727,0.0
complete2,19,1.0,1.0,1.0,1.0,False,0.0,0.0,0,400,0,0.003362204000040947,0.0
complete3,0,3.0,3.0,3.0,3.0,False,0.0,0.0,0,400,0,0.0054192669999793,0.0
complete3,1,3.0,3.0,3.0,3.0,False,0.0,0.0,0,400,0,0.005358704999707697,0.0
complete3,2,3.0,3.0,3.0,3.0,False,0.0,0.0,0,400,0,0.005391484000028868,0.0
complete3,3,3.0,3.0,3.0,3.0,False,0.0,0.0,0,400,0,0.005478614000367088,0.0
complete3,4,3.0,3.0,3.0,3.0,False,0.0,0.0,0,400,0,0.005323281000073621,0.0
complete3,5,3.0,3.0,3.0,3.0,False,0.0,0.0,0,400,0,0.0053156839999246586,0.0
complete3,6,3.0,3.0,3.0,3.0,False,0.0,0.0,0,400,0,0.005380421000154456,0.0
complete3,7,3.0,3.0,3.0,3.0,False,0.0,0.0,0,400,0,0.005305268000029173,0.0
complete3,8,3.0,3.0,3.0,3.0,False,0.0,0.0,0,400,0,0.005208293000123376,0.0
complete3,9,3.0,3.0,3.0,3.0,False,0.0,0.0,0,400,0,0.005355984999823704,0.0
complete3,10,3.0,3.0,3.0,3.0,False,0.0,0.0,0,400,0,0.0052415909999581345,0.0
complete3,11,3.0,3.0,3.0,3.0,False,0.0,0.0,0,400,0,0.005274720000215893,0.0
complete3,12,3.0,3.0,3.0,3.0,False,0.0,0.0,0,400,0,0.0053156160001890385,0.0
complete3,13,3.0,3.0,3.0,3.0,False,0.0,0.0,0,400,0,0.005284685999868088,0.0
complete3,14,3.0,3.0,3.0,3.0,False,0.0,0.0,0,400,0,0.005339098000149534,0.0
complete3,15,3.0,3.0,3.0,3.0,False,0.0,0.0,0,400,0,0.0052455300001383875,0.0
complete3,16,3.0,3.0,3.0,3.0,False,0.0,0.0,0,400,0,0.005285915000058594,0.0
complete3,17,3.0,3.0,3.0,3.0,False,0.0,0.0,0,400,0,0.0053343340000537864,0.0
complete3,18,3.0,3.0,3.0,3.0,False,0.0,0.0,0,400,0,0.005273648999718716,0.0
complete3,19,3.0,3.0,3.0,3.0,False,0.0,0.0,0,400,0,0.005348878999939188,0.0
complete4,0,6.0,6.0,6.0,6.0,False,0.0,0.0,0,400,0,0.00920522600017648,0.0
complete4,1,6.0,6.0,6.0,6.0,False,0.0,0.0,0,400,0,0.009095058000184508,0.0
complete4,2,6.0,6.0,6.0,6.0,False,0.0,0.0,0,400,0,0.009061371999905532,0.0
complete4,3,6.0,6.0,6.0,6.0,False,0.0,0.0,0,400,0,0.009128117999807728,0.0
complete4,4,6.0,6.0,6.0,6.0,False,0.0,0.0,0,400,0,0.009244831000160048,0.0
complete4,5,6.0,6.0,6.0,6.0,False,0.0,0.0,0,400,0,0.009735171000102127,0.0
complete4,6,6.0,6.0,6.0,6.0,False,0.0,0.0,0,400,0,0.00938664700015579,0.0
complete4,7,6.0,6.0,6.0,6.0,False,0.0,0.0,0,400,0,0.009357335000004241,0.0
complete4,8,6.0,6.0,6.0,6.0,False,0.0,0.0,0,400,0,0.009216256999934558,0.0
complete4,9,6.0,6.0,6.0,6.0,False,0.0,0.0,0,400,0,0.009541578999687772,0.0
complete4,10,6.0,6.0,6.0,6.0,False,0.0,0.0,0,400,0,0.009259970000130124,0.0
complete4,11,6.0,6.0,6.0,6.0,False,0.0,0.0,0,400,0,0.009266071000183729,0.0
complete4,12,6.0,6.0,6.0,6.0,False,0.0,0.0,0,400,0,0.009337092000350822,0.0
complete4,13,6.0,6.0,6.0,6.0,False,0.0,0.0,0,400,0,0.009277063999888924,0.0
complete4,14,6.0,6.0,6.0,6.0,False,0.0,0.0,0,400,0,0.009240672000032646,0.0
complete4,15,6.0,6.0,6.0,6.0,False,0.0,0.0,0,400,0,0.009124698000050557,0.0
complete4,16,6.0,6.0,6.0,6.0,False,0.0,0.0,0,400,0,0.009093334000226605,0.0
complete4,17,6.0,6.0,6.0,6.0,False,0.0,0.0,0,400,0,0.009098725000058039,0.0
complete4,18,6.0,6.0,6.0,6.0,False,0.0,0.0,0,400,0,0.009070662999874912,0.0
complete4,19,6.0,6.0,6.0,6.0,False,0.0,0.0,0,400,0,0.009085434000098758,0.0
complete5,0,10.0,10.0,10.0,10.0,False,0.0,0.0,0,400,0,0.013191427000037947,0.0
complete5,1,10.0,10.0,10.0,10.0,False,0.0,0.0,0,400,0,0.013103437000154372,0.0
complete5,2,10.0,10.0,10.0,10.0,False,0.0,0.0,0,400,0,0.013181819999772415,0.0
complete5,3,10.0,10.0,10.0,10.0,False,0.0,0.0,0,400,0,0.013300595000146131,0.0
complete5,4,10.0,10.0,10.0,10.0,False,0.0,0.0,0,400,0,0.013189761999910843,0.0
complete5,5,10.0,10.0,10.0,10.0,False,0.0,0.0,0,400,0,0.013579181999830325,0.0
complete5,6,10.0,10.0,10.0,10.0,False,0.0,0.0,0,400,0,0.013390764999712701,0.0
complete5,7,10.0,10.0,10.0,10.0,False,0.0,0.0,0,400,0,0.013354464999792981,0.0
complete5,8,10.0,10.0,10.0,10.0,False,0.0,0.0,0,400,0,0.01344216300003609,0.0
complete5,9,10.0,10.0,10.0,10.0,False,0.0,0.0,0,400,0,0.013146381999831647,0.0
complete5,10,10.0,10.0,10.0,10.0,False,0.0,0.0,0,400,0,0.013251098000182537,0.0
complete5,11,10.0,10.0,10.0,10.0,False,0.0,0.0,0,400,0,0.013189931999932014,0.0
complete5,12,10.0,10.0,10.0,10.0,False,0.0,0.0,0,400,0,0.013221180000073218,0.0
complete5,13,10.0,10.0,10.0,10.0,False,0.0,0.0,0,400,0,0.013241707000361203,0.0
complete5,14,10.0,10.0,10.0,10.0,False,0.0,0.0,0,400,0,0.013188326000090456,0.0
complete5,15,10.0,10.0,10.0,10.0,False,0.0,0.0,0,400,0,0.013151742000445665,0.0
complete5,16,10.0,10.0,10.0,10.0,False,0.0,0.0,0,400,0,0.013237376999768458,0.0
complete5,17,10.0,10.0,10.0,10.0,False,0.0,0.0,0,400,0,0.013098910000280739,0.0
complete5,18,10.0,10.0,10.0,10.0,False,0.0,0.0,0,400,0,0.01317049900035272,0.0
complete5,19,10.0,10.0,10.0,10.0,False,0.0,0.0,0,400,0,0.013181735000216577,0.0
complete6,0,15.0,15.0,15.0,15.0,False,0.0,0.0,0,400,0,0.016637797999919712,0.0
complete6,1,15.0,15.0,15.0,15.0,False,0.0,0.0,0,400,0,0.01657285300007061,0.0
complete6,2,15.0,15.0,15.0,15.0,False,0.0,0.0,0,400,0,0.016595455999777187,0.0
complete6,3,15.0,15.0,15.0,15.0,False,0.0,0.0,0,400,0,0.01669889000004332,0.0
complete6,4,15.0,15.0,15.0,15.0,False,0.0,0.0,0,400,0,0.01718118400003732,0.0
complete6,5,15.0,15.0,15.0,15.0,False,0.0,0.0,0,400,0,0.017419613000129175,0.0
complete6,6,15.0,15.0,15.0,15.0,False,0.0,0.0,0,400,0,0.016596166999988782,0.0
complete6,7,15.0,15.0,15.0,15.0,False,0.0,0.0,0,400,0,0.016575751000345917,0.0
complete6,8,15.0,15.0,15.0,15.0,False,0.0,0.0,0,400,0,0.01665630399975271,0.0
complete6,9,15.0,15.0,15.0,15.0,False,0.0,0.0,0,400,0,0.01659135999989303,0.0
complete6,10,15.0,15.0,15.0,15.0,False,0.0,0.0,0,400,0,0.016494912000325712,0.0
complete6,11,15.0,15.0,15.0,15.0,False,0.0,0.0,0,400,0,0.0166437699999733,0.0
complete6,12,15.0,15.0,15.0,15.0,False,0.0,0.0,0,400,0,0.017092752000280598,0.0
complete6,13,15.0,15.0,15.0,15.0,False,0.0,0.0,0,400,0,0.01707029999988663,0.0
complete6,14,15.0,15.0,15.0,15.0,False,0.0,0.0,0,400,0,0.016846456000166654,0.0
complete6,15,15.0,15.0,15.0,15.0,False,0.0,0.0,0,400,0,0.01660789199968349,0.0
complete6,16,15.0,15.0,15.0,15.0,False,0.0,0.0,0,400,0,0.016579969999838795,0.0
complete6,17,15.0,15.0,15.0,15.0,False,0.0,0.0,0,400,0,0.016534825999769964,0.0
complete6,18,15.0,15.0,15.0,15.0,False,0.0,0.0,0,400,0,0.016631488000257377,0.0
complete6,19,15.0,15.0,15.0,15.0,False,0.0,0.0,0,400,0,0.01650790000030611,0.0
complete7,0,21.0,21.0,21.0,21.0,False,0.0,0.0,0,400,0,0.021331868000288523,0.0
complete7,1,21.0,21.0,21.0,21.0,False,0.0,0.0,0,400,0,0.021305705000031594,0.0
complete7,2,21.0,21.0,21.0,21.0,False,0.0,0.0,0,400,0,0.02149247400029708,0.0
complete7,3,21.0,21.0,21.0,21.0,False,0.0,0.0,0,400,0,0.021395339000264357,0.0
complete7,4,21.0,21.0,21.0,21.0,False,0.0,0.0,0,400,0,0.021280689999912283,0.0
complete7,5,21.0,21.0,21.0,21.0,False,0.0,0.0,0,400,0,0.021348117000343336,0.0
complete7,6,21.0,21.0,21.0,21.0,False,0.0,0.0,0,400,0,0.02132833199993911,0.0
complete7,7,21.0,21.0,21.0,21.0,False,0.0,0.0,0,400,0,0.021327115000076446,0.0
complete7,8,21.0,21.0,21.0,21.0,False,0.0,0.0,0,400,0,0.02134397000008903,0.0
complete7,9,21.0,21.0,21.0,21.0,False,0.0,0.0,0,400,0,0.02128874399977576,0.0
complete7,10,21.0,21.0,21.0,21.0,False,0.0,0.0,0,400,0,0.021298990000104823,0.0
complete7,11,21.0,21.0,21.0,21.0,False,0.0,0.0,0,400,0,0.02128890499989211,0.0
complete7,12,21.0,21.0,21.0,21.0,False,0.0,0.0,0,400,0,0.021438661000047432,0.0
complete7,13,21.0,21.0,21.0,21.0,False,0.0,0.0,0,400,0,0.021268955999858008,0.0
complete7,14,21.0,21.0,21.0,21.0,False,0.0,0.0,0,400,0,0.021248979999654694,0.0
complete7,15,21.0,21.0,21.0,21.0,False,0.0,0.0,0,400,0,0.021365779000007024,0.0
complete7,16,21.0,21.0,21.0,21.0,False,0.0,0.0,0,400,0,0.021411481000086496,0.0
complete7,17,21.0,21.0,21.0,21.0,False,0.0,0.0,0,400,0,0.021346411999729753,0.0
complete7,18,21.0,21.0,21.0,21.0,False,0.0,0.0,0,400,0,0.02126086899988877,0.0
complete7,19,21.0,21.0,21.0,21.0,False,0.0,0.0,0,400,0,0.021274901000197133,0.0
complete8,0,28.0,28.0,28.0,28.0,False,0.0,0.0,0,400,0,0.02683911900021485,0.0
complete8,1,28.0,28.0,28.0,28.0,False,0.0,0.0,0,400,0,0.026881554999818036,0.0
complete8,2,28.0,28.0,28.0,28.0,False,0.0,0.0,0,400,0,0.026596257999699446,0.0
complete8,3,28.0,28.0,28.0,28.0,False,0.0,0.0,0,400,0,0.02686745199980578,0.0
complete8,4,28.0,28.0,28.0,28.0,False,0.0,0.0,0,400,0,0.027331116999903315,0.0
complete8,5,28.0,28.0,28.0,28.0,False,0.0,0.0,0,400,0,0.02684820399963428,0.0
complete8,6,28.0,28.0,28.0,28.0,False,0.0,0.0,0,400,0,0.026474890999907075,0.0
complete8,7,28.0,28.0,28.0,28.0,False,0.0,0.0,0,400,0,0.026476994999939052,0.0
complete8,8,28.0,28.0,28.0,28.0,False,0.0,0.0,0,400,0,0.026469527000244852,0.0
complete8,9,28.0,28.0,28.0,28.0,False,0.0,0.0,0,400,0,0.02645844099970418,0.0
complete8,10,28.0,28.0,28.0,28.0,False,0.0,0.0,0,400,0,0.027154913999765995,0.0
complete8,11,28.0,28.0,28.0,28.0,False,0.0,0.0,0,400,0,0.02655849999973725,0.0
complete8,12,28.0,28.0,28.0,28.0,False,0.0,0.0,0,400,0,0.02654116499979864,0.0
complete8,13,28.0,28.0,28.0,28.0,False,0.0,0.0,0,400,0,0.02669995599990216,0.0
complete8,14,28.0,28.0,28.0,28.0,False,0.0,0.0,0,400,0,0.026472989000012603,0.0
complete8,15,28.0,28.0,28.0,28.0,False,0.0,0.0,0,400,0,0.026451790000010078,0.0
complete8,16,28.0,28.0,28.0,28.0,False,0.0,0.0,0,400,0,0.026512194000133604,0.0
complete8,17,28.0,28.0,28.0,28.0,False,0.0,0.0,0,400,0,0.026428885999848717,0.0
complete8,18,28.0,28.0,28.0,28.0,False,0.0,0.0,0,400,0,0.02649407600029008,0.0
complete8,19,28.0,28.0,28.0,28.0,False,0.0,0.0,0,400,0,0.026406229000258463,0.0
complete9,0,36.0,36.0,36.0,36.0,False,0.0,0.0,0,400,0,0.033345048999763094,0.0
complete9,1,36.0,36.0,36.0,36.0,False,0.0,0.0,0,400,0,0.03351820100033365,0.0
complete9,2,36.0,36.0,36.0,36.0,False,0.0,0.0,0,400,0,0.03351447699969867,0.0
complete9,3,36.0,36.0,36.0,36.0,False,0.0,0.0,0,400,0,0.033729771000253095,0.0
complete9,4,36.0,36.0,36.0,36.0,False,0.0,0.0,0,400,0,0.033297206000042934,0.0
complete9,5,36.0,36.0,36.0,36.0,False,0.0,0.0,0,400,0,0.033619941000324616,0.0
complete9,6,36.0,36.0,36.0,36.0,False,0.0,0.0,0,400,0,0.03346853299990471,0.0
complete9,7,36.0,36.0,36.0,36.0,False,0.0,0.0,0,400,0,0.03354103899982874,0.0
complete9,8,36.0,36.0,36.0,36.0,False,0.0,0.0,0,400,0,0.03460500500023045,0.0
complete9,9,36.0,36.0,36.0,36.0,False,0.0,0.0,0,400,0,0.034210959000120056,0.0
complete9,10,36.0,36.0,36.0,36.0,False,0.0,0.0,0,400,0,0.03350721500009968,0.0
complete9,11,36.0,36.0,36.0,36.0,False,0.0,0.0,0,400,0,0.03352738800003863,0.0
complete9,12,36.0,36.0,36.0,36.0,False,0.0,0.0,0,400,0,0.03367794799987678,0.0
complete9,13,36.0,36.0,36.0,36.0,False,0.0,0.0,0,400,0,0.03479816099979871,0.0
complete9,14,36.0,36.0,36.0,36.0,False,0.0,0.0,0,400,0,0.03537349299995185,0.0
complete9,15,36.0,36.0,36.0,36.0,False,0.0,0.0,0,400,0,0.034510094999859575,0.0
complete9,16,36.0,36.0,36.0,36.0,False,0.0,0.0,0,400,0,0.033497340000394615,0.0
complete9,17,36.0,36.0,36.0,36.0,False,0.0,0.0,0,400,0,0.03345599600015703,0.0
complete9,18,36.0,36.0,36.0,36.0,False,0.0,0.0,0,400,0,0.03330597000012858,0.0
complete9,19,36.0,36.0,36.0,36.0,False,0.0,0.0,0,400,0,0.03424328400024024,0.0
daio_receiver,0,63398.0,63509.0,68910.0,63509.0,True,111.0,0.17477837786770378,1,399,2,5.2216150609997385,0.015484904999993887
daio_receiver,1,63398.0,63509.0,68910.0,63509.0,True,111.0,0.17477837786770378,1,399,1,5.331726462999995,0.014166473999921436
daio_receiver,2,63398.0,63509.0,68910.0,63509.0,True,111.0,0.17477837786770378,1,399,3,5.405710891000126,0.017297839000093518
daio_receiver,3,63398.0,63509.0,68910.0,63509.0,True,111.0,0.17477837786770378,1,399,1,5.417847401000017,0.014650773000084882
daio_receiver,4,63398.0,63509.0,68910.0,63509.0,True,111.0,0.17477837786770378,1,399,1,5.175396655999975,0.014471707999746286
daio_receiver,5,63398.0,63509.0,68910.0,63509.0,True,111.0,0.17477837786770378,1,399,1,5.328500393000013,0.014631966999786528
daio_receiver,6,63398.0,63509.0,68910.0,63509.0,True,111.0,0.17477837786770378,1,399,1,5.373708009999973,0.014402002000224456
daio_receiver,7,63398.0,63509.0,68910.0,63509.0,True,111.0,0.17477837786770378,1,399,1,5.474094320999939,0.014492557999801647
daio_receiver,8,63398.0,63509.0,68910.0,63509.0,True,111.0,0.17477837786770378,1,399,1,5.336220662999949,0.014547619000040868
daio_receiver,9,63398.0,63509.0,68910.0,63509.0,True,111.0,0.17477837786770378,1,399,1,5.359785041000123,0.014295942999979161
daio_receiver,10,63398.0,63509.0,68910.0,63509.0,True,111.0,0.17477837786770378,1,399,1,5.441951171000255,0.014360156999828178
daio_receiver,11,63398.0,63509.0,68910.0,63509.0,True,111.0,0.17477837786770378,1,399,1,5.296175928000139,0.014356147999933455
daio_receiver,12,63398.0,63509.0,68910.0,63509.0,True,111.0,0.17477837786770378,1,399,1,5.4155800960002125,0.014326982000056887
daio_receiver,13,63398.0,63509.0,68910.0,63509.0,True,111.0,0.17477837786770378,1,399,1,5.498480663000009,0.014389860999926896
daio_receiver,14,63398.0,63509.0,68910.0,63509.0,True,111.0,0.17477837786770378,1,399,1,5.304504851000274,0.014650093000000197
daio_receiver,15,63398.0,63509.0,68910.0,63509.0,True,111.0,0.17477837786770378,1,399,2,5.200324718000047,0.015556789000129356
daio_receiver,16,63398.0,63509.0,68910.0,63509.0,True,111.0,0.17477837786770378,1,399,1,5.379962247000094,0.01467478700033098
daio_receiver,17,63398.0,63509.0,68910.0,63509.0,True,111.0,0.17477837786770378,1,399,1,5.377425508000215,0.01480241700028273
daio_receiver,18,63398.0,63509.0,68910.0,63509.0,True,111.0,0.17477837786770378,1,399,1,5.322280847999991,0.014358012999764469
daio_receiver,19,63398.0,63509.0,68910.0,63509.0,True,111.0,0.17477837786770378,1,399,1,5.412671619000321,0.014605432999815093
dene,0,2.0,2.0,2.0,2.0,False,0.0,0.0,0,400,0,0.0037660789998881228,0.0
dene,1,2.0,2.0,2.0,2.0,False,0.0,0.0,0,400,0,0.0036285160003899364,0.0
dene,2,2.0,2.0,2.0,2.0,False,0.0,0.0,0,400,0,0.003510515000016312,0.0
dene,3,2.0,2.0,2.0,2.0,False,0.0,0.0,0,400,0,0.003342163000070286,0.0
dene,4,2.0,2.0,2.0,2.0,False,0.0,0.0,0,400,0,0.0034017579996543645,0.0
dene,5,2.0,2.0,2.0,2.0,False,0.0,0.0,0,400,0,0.0034630489999472047,0.0
dene,6,2.0,2.0,2.0,2.0,False,0.0,0.0,0,400,0,0.0034551170001577702,0.0
dene,7,2.0,2.0,2.0,2.0,False,0.0,0.0,0,400,0,0.003531487999680394,0.0
dene,8,2.0,2.0,2.0,2.0,False,0.0,0.0,0,400,0,0.003569162000076176,0.0
dene,9,2.0,2.0,2.0,2.0,False,0.0,0.0,0,400,0,0.003548845999830519,0.0
dene,10,2.0,2.0,2.0,2.0,False,0.0,0.0,0,400,0,0.0035445229996184935,0.0
dene,11,2.0,2.0,2.0,2.0,False,0.0,0.0,0,400,0,0.0033446160000494274,0.0
dene,12,2.0,2.0,2.0,2.0,False,0.0,0.0,0,400,0,0.0034084700000676094,0.0
dene,13,2.0,2.0,2.0,2.0,False,0.0,0.0,0,400,0,0.003435279999848717,0.0
dene,14,2.0,2.0,2.0,2.0,False,0.0,0.0,0,400,0,0.0033492140000817017,0.0
dene,15,2.0,2.0,2.0,2.0,False,0.0,0.0,0,400,0,0.003413892000025953,0.0
dene,16,2.0,2.0,2.0,2.0,False,0.0,0.0,0,400,0,0.003474030000234052,0.0
dene,17,2.0,2.0,2.0,2.0,False,0.0,0.0,0,400,0,0.0034157019999838667,0.0
dene,18,2.0,2.0,2.0,2.0,False,0.0,0.0,0,400,0,0.0033528649996696913,0.0
dene,19,2.0,2.0,2.0,2.0,False,0.0,0.0,0,400,0,0.003411954000057449,0.0
dsip,0,62462.0,66206.0,64675.0,64675.0,True,2213.0,3.4217240046385773,3,397,4,8.213113614000122,0.07678295400000934
dsip,1,62462.0,66206.0,64675.0,64675.0,True,2213.0,3.4217240046385773,3,397,4,8.271983811000155,0.07590750400004254
dsip,2,62462.0,66206.0,64675.0,64675.0,True,2213.0,3.4217240046385773,3,397,4,8.23786648899977,0.07572410800003126
dsip,3,62462.0,66206.0,64675.0,64675.0,True,2213.0,3.4217240046385773,3,397,4,8.313284749000104,0.08243271499986804
dsip,4,62462.0,66206.0,64675.0,64675.0,True,2213.0,3.4217240046385773,3,397,7,8.270750233999934,0.14517249799973797
dsip,5,62462.0,66206.0,64675.0,64675.0,True,2213.0,3.4217240046385773,3,397,8,8.26008226399972,0.15136126999959743
dsip,6,62462.0,66206.0,64675.0,64675.0,True,2213.0,3.4217240046385773,3,397,4,8.296051163999891,0.07580632399958631
dsip,7,62462.0,66206.0,64675.0,64675.0,True,2213.0,3.4217240046385773,3,397,3,8.326070723000157,0.05807580800001233
dsip,8,62462.0,66206.0,64675.0,64675.0,True,2213.0,3.4217240046385773,3,397,3,8.279335904000163,0.0592904200002522
dsip,9,62462.0,66206.0,64675.0,64675.0,True,2213.0,3.4217240046385773,3,397,4,8.247077572000308,0.07813067000006413
dsip,10,62462.0,66206.0,64675.0,64675.0,True,2213.0,3.4217240046385773,3,397,4,8.218896438999764,0.07566591199974937
dsip,11,62462.0,66206.0,64675.0,64675.0,True,2213.0,3.4217240046385773,3,397,4,8.191230742000698,0.07593819100020482
dsip,12,62462.0,66206.0,64675.0,64675.0,True,2213.0,3.4217240046385773,3,397,4,8.229206129999511,0.07580375999987155
dsip,13,62462.0,66206.0,64675.0,64675.0,True,2213.0,3.4217240046385773,3,397,5,8.209397078999245,0.09346216799985996
dsip,14,62462.0,66206.0,64675.0,64675.0,True,2213.0,3.4217240046385773,3,397,5,8.24898540400045,0.09409379200042167
dsip,15,62462.0,66206.0,64675.0,64675.0,True,2213.0,3.4217240046385773,3,397,4,8.20656491599948,0.07614429199929873
dsip,16,62462.0,66206.0,64675.0,64675.0,True,2213.0,3.4217240046385773,3,397,6,8.233040322000306,0.11958390499967209
dsip,17,62462.0,66206.0,64675.0,64675.0,True,2213.0,3.4217240046385773,3,397,4,8.280856681999467,0.07640087100025994
dsip,18,62462.0,66206.0,64675.0,64675.0,True,2213.0,3.4217240046385773,3,397,3,8.164345137000055,0.057356024000000616
dsip,19,62462.0,66206.0,64675.0,64675.0,True,2213.0,3.4217240046385773,3,397,4,8.242617281000093,0.0755442209992907
ecc,0,96836.0,96836.0,98377.0,96836.0,False,0.0,0.0,0,400,0,0.838638730000639,0.0
ecc,1,96836.0,96836.0,98377.0,96836.0,False,0.0,0.0,0,400,0,0.8530879959998856,0.0
ecc,2,96836.0,96836.0,98377.0,96836.0,False,0.0,0.0,0,400,0,0.8626833280004575,0.0
ecc,3,96836.0,96836.0,98377.0,96836.0,False,0.0,0.0,0,400,0,0.8450054989998534,0.0
ecc,4,96836.0,96836.0,98377.0,96836.0,False,0.0,0.0,0,400,0,0.8244085549995361,0.0
ecc,5,96836.0,96836.0,98377.0,96836.0,False,0.0,0.0,0,400,0,0.876321968999946,0.0
ecc,6,96836.0,96836.0,98377.0,96836.0,False,0.0,0.0,0,400,0,0.8483579639996606,0.0
ecc,7,96836.0,96836.0,98377.0,96836.0,False,0.0,0.0,0,400,0,0.855117871999937,0.0
ecc,8,96836.0,96836.0,98377.0,96836.0,False,0.0,0.0,0,400,0,0.9273799510001481,0.0
ecc,9,96836.0,96836.0,98377.0,96836.0,False,0.0,0.0,0,400,0,0.8685382339999705,0.0
ecc,10,96836.0,96836.0,98377.0,96836.0,False,0.0,0.0,0,400,0,0.86585010699946,0.0
ecc,11,96836.0,96836.0,98377.0,96836.0,False,0.0,0.0,0,400,0,0.8624153550008486,0.0
ecc,12,96836.0,96836.0,98377.0,96836.0,False,0.0,0.0,0,400,0,0.8713467790003051,0.0
ecc,13,96836.0,96836.0,98377.0,96836.0,False,0.0,0.0,0,400,0,0.8570533889997023,0.0
ecc,14,96836.0,96836.0,98377.0,96836.0,False,0.0,0.0,0,400,0,0.8541790079998464,0.0
ecc,15,96836.0,96836.0,98377.0,96836.0,False,0.0,0.0,0,400,0,0.8432856589997755,0.0
ecc,16,96836.0,96836.0,98377.0,96836.0,False,0.0,0.0,0,400,0,0.8603627000002234,0.0
ecc,17,96836.0,96836.0,98377.0,96836.0,False,0.0,0.0,0,400,0,0.8709943700005169,0.0
ecc,18,96836.0,96836.0,98377.0,96836.0,False,0.0,0.0,0,400,0,0.8431090289996064,0.0
ecc,19,96836.0,96836.0,98377.0,96836.0,False,0.0,0.0,0,400,0,0.872382884000217,0.0
example,0,32173.0,32173.0,32703.0,32173.0,False,0.0,0.0,0,400,0,0.01081655299913109,0.0
example,1,32173.0,32173.0,32703.0,32173.0,False,0.0,0.0,0,400,0,0.01038910199986276,0.0
example,2,32173.0,32173.0,32703.0,32173.0,False,0.0,0.0,0,400,0,0.010315773000002082,0.0
example,3,32173.0,32173.0,32703.0,32173.0,False,0.0,0.0,0,400,0,0.010325267999178322,0.0
example,4,32173.0,32173.0,32703.0,32173.0,False,0.0,0.0,0,400,0,0.010274725999806833,0.0
example,5,32173.0,32173.0,32703.0,32173.0,False,0.0,0.0,0,400,0,0.010385061999841128,0.0
example,6,32173.0,32173.0,32703.0,32173.0,False,0.0,0.0,0,400,0,0.010252985999613884,0.0
example,7,32173.0,32173.0,32703.0,32173.0,False,0.0,0.0,0,400,0,0.010379794000073161,0.0
example,8,32173.0,32173.0,32703.0,32173.0,False,0.0,0.0,0,400,0,0.010302514000613883,0.0
example,9,32173.0,32173.0,32703.0,32173.0,False,0.0,0.0,0,400,0,0.010437571999318607,0.0
example,10,32173.0,32173.0,32703.0,32173.0,False,0.0,0.0,0,400,0,0.010393812999609509,0.0
example,11,32173.0,32173.0,32703.0,32173.0,False,0.0,0.0,0,400,0,0.010281480000230658,0.0
example,12,32173.0,32173.0,32703.0,32173.0,False,0.0,0.0,0,400,0,0.010432852000121784,0.0
example,13,32173.0,32173.0,32703.0,32173.0,False,0.0,0.0,0,400,0,0.010469494000062696,0.0
example,14,32173.0,32173.0,32703.0,32173.0,False,0.0,0.0,0,400,0,0.010356664999562781,0.0
example,15,32173.0,32173.0,32703.0,32173.0,False,0.0,0.0,0,400,0,0.010386216999904718,0.0
example,16,32173.0,32173.0,32703.0,32173.0,False,0.0,0.0,0,400,0,0.010478431000592536,0.0
example,17,32173.0,32173.0,32703.0,32173.0,False,0.0,0.0,0,400,0,0.0103519120002602,0.0
example,18,32173.0,32173.0,32703.0,32173.0,False,0.0,0.0,0,400,0,0.010271750999891083,0.0
example,19,32173.0,32173.0,32703.0,32173.0,False,0.0,0.0,0,400,0,0.010350882999773603,0.0
example-bad1,0,4494.0,4494.0,4494.0,4494.0,False,0.0,0.0,0,400,0,0.00597715200001403,0.0
example-bad1,1,4494.0,4494.0,4494.0,4494.0,False,0.0,0.0,0,400,0,0.006011067000144976,0.0
example-bad1,2,4494.0,4494.0,4494.0,4494.0,False,0.0,0.0,0,400,0,0.005956925000646152,0.0
example-bad1,3,4494.0,4494.0,4494.0,4494.0,False,0.0,0.0,0,400,0,0.0059470650003277115,0.0
example-bad1,4,4494.0,4494.0,4494.0,4494.0,False,0.0,0.0,0,400,0,0.006073075000131212,0.0
example-bad1,5,4494.0,4494.0,4494.0,4494.0,False,0.0,0.0,0,400,0,0.0059727900006691925,0.0
example-bad1,6,4494.0,4494.0,4494.0,4494.0,False,0.0,0.0,0,400,0,0.005975926000246545,0.0
example-bad1,7,4494.0,4494.0,4494.0,4494.0,False,0.0,0.0,0,400,0,0.006066668999665126,0.0
example-bad1,8,4494.0,4494.0,4494.0,4494.0,False,0.0,0.0,0,400,0,0.005963211000562296,0.0
example-bad1,9,4494.0,4494.0,4494.0,4494.0,False,0.0,0.0,0,400,0,0.006028408999554813,0.0
example-bad1,10,4494.0,4494.0,4494.0,4494.0,False,0.0,0.0,0,400,0,0.006022493999807921,0.0
example-bad1,11,4494.0,4494.0,4494.0,4494.0,False,0.0,0.0,0,400,0,0.0060079640006733825,0.0
example-bad1,12,4494.0,4494.0,4494.0,4494.0,False,0.0,0.0,0,400,0,0.005981464000797132,0.0
example-bad1,13,4494.0,4494.0,4494.0,4494.0,False,0.0,0.0,0,400,0,0.0060618569996222504,0.0
example-bad1,14,4494.0,4494.0,4494.0,4494.0,False,0.0,0.0,0,400,0,0.00636316899999656,0.0
example-bad1,15,4494.0,4494.0,4494.0,4494.0,False,0.0,0.0,0,400,0,0.006024831999638991,0.0
example-bad1,16,4494.0,4494.0,4494.0,4494.0,False,0.0,0.0,0,400,0,0.006012265999743249,0.0
example-bad1,17,4494.0,4494.0,4494.0,4494.0,False,0.0,0.0,0,400,0,0.0059901340000578784,0.0
example-bad1,18,4494.0,4494.0,4494.0,4494.0,False,0.0,0.0,0,400,0,0.005961687000308302,0.0
example-bad1,19,4494.0,4494.0,4494.0,4494.0,False,0.0,0.0,0,400,0,0.006007590999615786,0.0
example-bad2,0,15205.0,15205.0,15205.0,15205.0,False,0.0,0.0,0,400,0,0.007465943999704905,0.0
example-bad2,1,15205.0,15205.0,15205.0,15205.0,False,0.0,0.0,0,400,0,0.007436389999384119,0.0
example-bad2,2,15205.0,15205.0,15205.0,15205.0,False,0.0,0.0,0,400,0,0.007504259999222995,0.0
example-bad2,3,15205.0,15205.0,15205.0,15205.0,False,0.0,0.0,0,400,0,0.007498762999603059,0.0
example-bad2,4,15205.0,15205.0,15205.0,15205.0,False,0.0,0.0,0,400,0,0.007448321000083524,0.0
example-bad2,5,15205.0,15205.0,15205.0,15205.0,False,0.0,0.0,0,400,0,0.0075985079993188265,0.0
example-bad2,6,15205.0,15205.0,15205.0,15205.0,False,0.0,0.0,0,400,0,0.00748832399949606,0.0
example-bad2,7,15205.0,15205.0,15205.0,15205.0,False,0.0,0.0,0,400,0,0.007387534000372398,0.0
example-bad2,8,15205.0,15205.0,15205.0,15205.0,False,0.0,0.0,0,400,0,0.007479333999981463,0.0
example-bad2,9,15205.0,15205.0,15205.0,15205.0,False,0.0,0.0,0,400,0,0.007421842999974615,0.0
example-bad2,10,15205.0,15205.0,15205.0,15205.0,False,0.0,0.0,0,400,0,0.007447545000104583,0.0
example-bad2,11,15205.0,15205.0,15205.0,15205.0,False,0.0,0.0,0,400,0,0.007520201000261295,0.0
example-bad2,12,15205.0,15205.0,15205.0,15205.0,False,0.0,0.0,0,400,0,0.007474050000382704,0.0
example-bad2,13,15205.0,15205.0,15205.0,15205.0,False,0.0,0.0,0,400,0,0.007447260999470018,0.0
example-bad2,14,15205.0,15205.0,15205.0,15205.0,False,0.0,0.0,0,400,0,0.0074667019998742035,0.0
example-bad2,15,15205.0,15205.0,15205.0,15205.0,False,0.0,0.0,0,400,0,0.007519130999753543,0.0
example-bad2,16,15205.0,15205.0,15205.0,15205.0,False,0.0,0.0,0,400,0,0.0074414529999558,0.0
example-bad2,17,15205.0,15205.0,15205.0,15205.0,False,0.0,0.0,0,400,0,0.0075298519996067625,0.0
example-bad2,18,15205.0,15205.0,15205.0,15205.0,False,0.0,0.0,0,400,0,0.007552791999842157,0.0
example-bad2,19,15205.0,15205.0,15205.0,15205.0,False,0.0,0.0,0,400,0,0.007505110000238346,0.0
example-bad3,0,1165.0,1165.0,1165.0,1165.0,False,0.0,0.0,0,400,0,0.006140170000435319,0.0
example-bad3,1,1165.0,1165.0,1165.0,1165.0,False,0.0,0.0,0,400,0,0.006052226999599952,0.0
example-bad3,2,1165.0,1165.0,1165.0,1165.0,False,0.0,0.0,0,400,0,0.006272915999943507,0.0
example-bad3,3,1165.0,1165.0,1165.0,1165.0,False,0.0,0.0,0,400,0,0.006176846000016667,0.0
example-bad3,4,1165.0,1165.0,1165.0,1165.0,False,0.0,0.0,0,400,0,0.006120691999967676,0.0
example-bad3,5,1165.0,1165.0,1165.0,1165.0,False,0.0,0.0,0,400,0,0.006122096000581223,0.0
example-bad3,6,1165.0,1165.0,1165.0,1165.0,False,0.0,0.0,0,400,0,0.006123881000348774,0.0
example-bad3,7,1165.0,1165.0,1165.0,1165.0,False,0.0,0.0,0,400,0,0.0061749639999106876,0.0
example-bad3,8,1165.0,1165.0,1165.0,1165.0,False,0.0,0.0,0,400,0,0.00608106600066094,0.0
example-bad3,9,1165.0,1165.0,1165.0,1165.0,False,0.0,0.0,0,400,0,0.006175265000820218,0.0
example-bad3,10,1165.0,1165.0,1165.0,1165.0,False,0.0,0.0,0,400,0,0.006290695999268792,0.0
example-bad3,11,1165.0,1165.0,1165.0,1165.0,False,0.0,0.0,0,400,0,0.0061226709995025885,0.0
example-bad3,12,1165.0,1165.0,1165.0,1165.0,False,0.0,0.0,0,400,0,0.006014741999933904,0.0
example-bad3,13,1165.0,1165.0,1165.0,1165.0,False,0.0,0.0,0,400,0,0.006014196999785781,0.0
example-bad3,14,1165.0,1165.0,1165.0,1165.0,False,0.0,0.0,0,400,0,0.006022255000061705,0.0
example-bad3,15,1165.0,1165.0,1165.0,1165.0,False,0.0,0.0,0,400,0,0.005979537999337481,0.0
example-bad3,16,1165.0,1165.0,1165.0,1165.0,False,0.0,0.0,0,400,0,0.0059880070002691355,0.0
example-bad3,17,1165.0,1165.0,1165.0,1165.0,False,0.0,0.0,0,400,0,0.005979548999675899,0.0
example-bad3,18,1165.0,1165.0,1165.0,1165.0,False,0.0,0.0,0,400,0,0.0060877569994772784,0.0
example-bad3,19,1165.0,1165.0,1165.0,1165.0,False,0.0,0.0,0,400,0,0.006063808000362769,0.0
example-rev,0,118.0,118.0,118.0,118.0,False,0.0,0.0,0,400,0,0.009939189000760962,0.0
example-rev,1,118.0,118.0,118.0,118.0,False,0.0,0.0,0,400,0,0.009921814999870548,0.0
example-rev,2,118.0,118.0,118.0,118.0,False,0.0,0.0,0,400,0,0.009906741000122565,0.0
example-rev,3,118.0,118.0,118.0,118.0,False,0.0,0.0,0,400,0,0.009929840000040713,0.0
example-rev,4,118.0,118.0,118.0,118.0,False,0.0,0.0,0,400,0,0.010068399000374484,0.0
example-rev,5,118.0,118.0,118.0,118.0,False,0.0,0.0,0,400,0,0.009984282000004896,0.0
example-rev,6,118.0,118.0,118.0,118.0,False,0.0,0.0,0,400,0,0.010075412999867694,0.0
example-rev,7,118.0,118.0,118.0,118.0,False,0.0,0.0,0,400,0,0.009931284000231244,0.0
example-rev,8,118.0,118.0,118.0,118.0,False,0.0,0.0,0,400,0,0.009995057000196539,0.0
example-rev,9,118.0,118.0,118.0,118.0,False,0.0,0.0,0,400,0,0.009926503000315279,0.0
example-rev,10,118.0,118.0,118.0,118.0,False,0.0,0.0,0,400,0,0.009804109000469907,0.0
example-rev,11,118.0,118.0,118.0,118.0,False,0.0,0.0,0,400,0,0.009867168999335263,0.0
example-rev,12,118.0,118.0,118.0,118.0,False,0.0,0.0,0,400,0,0.009899497000333213,0.0
example-rev,13,118.0,118.0,118.0,118.0,False,0.0,0.0,0,400,0,0.010030379999989236,0.0
example-rev,14,118.0,118.0,118.0,118.0,False,0.0,0.0,0,400,0,0.009991625000111526,0.0
example-rev,15,118.0,118.0,118.0,118.0,False,0.0,0.0,0,400,0,0.009932064000167884,0.0
example-rev,16,118.0,118.0,118.0,118.0,False,0.0,0.0,0,400,0,0.01001215299947944,0.0
example-rev,17,118.0,118.0,118.0,118.0,False,0.0,0.0,0,400,0,0.010044595000181289,0.0
example-rev,18,118.0,118.0,118.0,118.0,False,0.0,0.0,0,400,0,0.00991008100027102,0.0
example-rev,19,118.0,118.0,118.0,118.0,False,0.0,0.0,0,400,0,0.009982960000343155,0.0
example.new,0,18638.0,18638.0,19736.0,18638.0,False,0.0,0.0,0,400,0,0.009180809000099543,0.0
example.new,1,18638.0,18638.0,19736.0,18638.0,False,0.0,0.0,0,400,0,0.009159998000541236,0.0
example.new,2,18638.0,18638.0,19736.0,18638.0,False,0.0,0.0,0,400,0,0.009175862999654782,0.0
example.new,3,18638.0,18638.0,19736.0,18638.0,False,0.0,0.0,0,400,0,0.009891139000501425,0.0
example.new,4,18638.0,18638.0,19736.0,18638.0,False,0.0,0.0,0,400,0,0.009225528999195376,0.0
example.new,5,18638.0,18638.0,19736.0,18638.0,False,0.0,0.0,0,400,0,0.009156469999652472,0.0
example.new,6,18638.0,18638.0,19736.0,18638.0,False,0.0,0.0,0,400,0,0.009054557999661483,0.0
example.new,7,18638.0,18638.0,19736.0,18638.0,False,0.0,0.0,0,400,0,0.009102416000132507,0.0
example.new,8,18638.0,18638.0,19736.0,18638.0,False,0.0,0.0,0,400,0,0.009250672000234772,0.0
example.new,9,18638.0,18638.0,19736.0,18638.0,False,0.0,0.0,0,400,0,0.009326747999693907,0.0
example.new,10,18638.0,18638.0,19736.0,18638.0,False,0.0,0.0,0,400,0,0.009318735000306333,0.0
example.new,11,18638.0,18638.0,19736.0,18638.0,False,0.0,0.0,0,400,0,0.009218641999723332,0.0
example.new,12,18638.0,18638.0,19736.0,18638.0,False,0.0,0.0,0,400,0,0.009338922000097227,0.0
example.new,13,18638.0,18638.0,19736.0,18638.0,False,0.0,0.0,0,400,0,0.009126433999881556,0.0
example.new,14,18638.0,18638.0,19736.0,18638.0,False,0.0,0.0,0,400,0,0.009165280999695824,0.0
example.new,15,18638.0,18638.0,19736.0,18638.0,False,0.0,0.0,0,400,0,0.009114526000303158,0.0
example.new,16,18638.0,18638.0,19736.0,18638.0,False,0.0,0.0,0,400,0,0.009230779000063194,0.0
example.new,17,18638.0,18638.0,19736.0,18638.0,False,0.0,0.0,0,400,0,0.009223840000231576,0.0
example.new,18,18638.0,18638.0,19736.0,18638.0,False,0.0,0.0,0,400,0,0.009150371000032465,0.0
example.new,19,18638.0,18638.0,19736.0,18638.0,False,0.0,0.0,0,400,0,0.009204407999277464,0.0
good,0,1.0,1.0,1.0,1.0,False,0.0,0.0,0,400,0,0.0037142049995964044,0.0
good,1,1.0,1.0,1.0,1.0,False,0.0,0.0,0,400,0,0.003782836999562278,0.0
good,2,1.0,1.0,1.0,1.0,False,0.0,0.0,0,400,0,0.003722299000401108,0.0
good,3,1.0,1.0,1.0,1.0,False,0.0,0.0,0,400,0,0.0037504259998968337,0.0
good,4,1.0,1.0,1.0,1.0,False,0.0,0.0,0,400,0,0.00376395799958118,0.0
good,5,1.0,1.0,1.0,1.0,False,0.0,0.0,0,400,0,0.0037800509999215137,0.0
good,6,1.0,1.0,1.0,1.0,False,0.0,0.0,0,400,0,0.003763407999940682,0.0
good,7,1.0,1.0,1.0,1.0,False,0.0,0.0,0,400,0,0.0037736550002591684,0.0
good,8,1.0,1.0,1.0,1.0,False,0.0,0.0,0,400,0,0.003821348999736074,0.0
good,9,1.0,1.0,1.0,1.0,False,0.0,0.0,0,400,0,0.004491631999371748,0.0
good,10,1.0,1.0,1.0,1.0,False,0.0,0.0,0,400,0,0.003943728999729501,0.0
good,11,1.0,1.0,1.0,1.0,False,0.0,0.0,0,400,0,0.003770711000470328,0.0
good,12,1.0,1.0,1.0,1.0,False,0.0,0.0,0,400,0,0.0038090990001364844,0.0
good,13,1.0,1.0,1.0,1.0,False,0.0,0.0,0,400,0,0.003707787999701395,0.0
good,14,1.0,1.0,1.0,1.0,False,0.0,0.0,0,400,0,0.003783047000069928,0.0
good,15,1.0,1.0,1.0,1.0,False,0.0,0.0,0,400,0,0.003749550999600615,0.0
good,16,1.0,1.0,1.0,1.0,False,0.0,0.0,0,400,0,0.003734362999239238,0.0
good,17,1.0,1.0,1.0,1.0,False,0.0,0.0,0,400,0,0.0037888819997533574,0.0
good,18,1.0,1.0,1.0,1.0,False,0.0,0.0,0,400,0,0.0037637370005541015,0.0
good,19,1.0,1.0,1.0,1.0,False,0.0,0.0,0,400,0,0.003806517999692005,0.0
gr-paper,0,5.0,5.0,5.0,5.0,False,0.0,0.0,0,400,0,0.007046810999781883,0.0
gr-paper,1,5.0,5.0,5.0,5.0,False,0.0,0.0,0,400,0,0.007012088000010408,0.0
gr-paper,2,5.0,5.0,5.0,5.0,False,0.0,0.0,0,400,0,0.006953383999643847,0.0
gr-paper,3,5.0,5.0,5.0,5.0,False,0.0,0.0,0,400,0,0.006912621999617841,0.0
gr-paper,4,5.0,5.0,5.0,5.0,False,0.0,0.0,0,400,0,0.007002024999565037,0.0
gr-paper,5,5.0,5.0,5.0,5.0,False,0.0,0.0,0,400,0,0.006982045999393449,0.0
gr-paper,6,5.0,5.0,5.0,5.0,False,0.0,0.0,0,400,0,0.007146777999878395,0.0
gr-paper,7,5.0,5.0,5.0,5.0,False,0.0,0.0,0,400,0,0.007352395000452816,0.0
gr-paper,8,5.0,5.0,5.0,5.0,False,0.0,0.0,0,400,0,0.0074665019992607995,0.0
gr-paper,9,5.0,5.0,5.0,5.0,False,0.0,0.0,0,400,0,0.007169322999288852,0.0
gr-paper,10,5.0,5.0,5.0,5.0,False,0.0,0.0,0,400,0,0.007186107000052289,0.0
gr-paper,11,5.0,5.0,5.0,5.0,False,0.0,0.0,0,400,0,0.007089737999194767,0.0
gr-paper,12,5.0,5.0,5.0,5.0,False,0.0,0.0,0,400,0,0.0070328709998648264,0.0
gr-paper,13,5.0,5.0,5.0,5.0,False,0.0,0.0,0,400,0,0.007059280000248691,0.0
gr-paper,14,5.0,5.0,5.0,5.0,False,0.0,0.0,0,400,0,0.007094108000273991,0.0
gr-paper,15,5.0,5.0,5.0,5.0,False,0.0,0.0,0,400,0,0.007175212000220199,0.0
gr-paper,16,5.0,5.0,5.0,5.0,False,0.0,0.0,0,400,0,0.00715501300055621,0.0
gr-paper,17,5.0,5.0,5.0,5.0,False,0.0,0.0,0,400,0,0.007126342999981716,0.0
gr-paper,18,5.0,5.0,5.0,5.0,False,0.0,0.0,0,400,0,0.007076254999446974,0.0
gr-paper,19,5.0,5.0,5.0,5.0,False,0.0,0.0,0,400,0,0.007025484000223514,0.0
gr0,0,6410.0,6410.0,6410.0,6410.0,False,0.0,0.0,0,0,0,0.00043241900038992753,0.0
gr0,1,6410.0,6410.0,6410.0,6410.0,False,0.0,0.0,0,0,0,0.0004321979995438596,0.0
gr0,2,6410.0,6410.0,6410.0,6410.0,False,0.0,0.0,0,0,0,0.0004245039999659639,0.0
gr0,3,6410.0,6410.0,6410.0,6410.0,False,0.0,0.0,0,0,0,0.00043992799965053564,0.0
gr0,4,6410.0,6410.0,6410.0,6410.0,False,0.0,0.0,0,0,0,0.00044272800005273893,0.0
gr0,5,6410.0,6410.0,6410.0,6410.0,False,0.0,0.0,0,0,0,0.0004391570000734646,0.0
gr0,6,6410.0,6410.0,6410.0,6410.0,False,0.0,0.0,0,0,0,0.00044032700043317163,0.0
gr0,7,6410.0,6410.0,6410.0,6410.0,False,0.0,0.0,0,0,0,0.0004207859992675367,0.0
gr0,8,6410.0,6410.0,6410.0,6410.0,False,0.0,0.0,0,0,0,0.00044148999950266443,0.0
gr0,9,6410.0,6410.0,6410.0,6410.0,False,0.0,0.0,0,0,0,0.0004104830004507676,0.0
gr0,10,6410.0,6410.0,6410.0,6410.0,False,0.0,0.0,0,0,0,0.0004595320006046677,0.0
gr0,11,6410.0,6410.0,6410.0,6410.0,False,0.0,0.0,0,0,0,0.00044026700015820097,0.0
gr0,12,6410.0,6410.0,6410.0,6410.0,False,0.0,0.0,0,0,0,0.0004420990007929504,0.0
gr0,13,6410.0,6410.0,6410.0,6410.0,False,0.0,0.0,0,0,0,0.00042975499945896445,0.0
gr0,14,6410.0,6410.0,6410.0,6410.0,False,0.0,0.0,0,0,0,0.0004448930003491114,0.0
gr0,15,6410.0,6410.0,6410.0,6410.0,False,0.0,0.0,0,0,0,0.0004995970002710237,0.0
gr0,16,6410.0,6410.0,6410.0,6410.0,False,0.0,0.0,0,0,0,0.00042672200015658746,0.0
gr0,17,6410.0,6410.0,6410.0,6410.0,False,0.0,0.0,0,0,0,0.0004513359999691602,0.0
gr0,18,6410.0,6410.0,6410.0,6410.0,False,0.0,0.0,0,0,0,0.000437234000855824,0.0
gr0,19,6410.0,6410.0,6410.0,6410.0,False,0.0,0.0,0,0,0,0.00043319100041117053,0.0
gr1,0,15969.0,15969.0,16491.0,15969.0,False,0.0,0.0,0,400,0,0.013295261000166647,0.0
gr1,1,15969.0,15969.0,16491.0,15969.0,False,0.0,0.0,0,400,0,0.013284632999784662,0.0
gr1,2,15969.0,15969.0,16491.0,15969.0,False,0.0,0.0,0,400,0,0.01342169899999135,0.0
gr1,3,15969.0,15969.0,16491.0,15969.0,False,0.0,0.0,0,400,0,0.01312383000004047,0.0
gr1,4,15969.0,15969.0,16491.0,15969.0,False,0.0,0.0,0,400,0,0.01309435300026962,0.0
gr1,5,15969.0,15969.0,16491.0,15969.0,False,0.0,0.0,0,400,0,0.013142828999662015,0.0
gr1,6,15969.0,15969.0,16491.0,15969.0,False,0.0,0.0,0,400,0,0.013185232999603613,0.0
gr1,7,15969.0,15969.0,16491.0,15969.0,False,0.0,0.0,0,400,0,0.01300995099973079,0.0
gr1,8,15969.0,15969.0,16491.0,15969.0,False,0.0,0.0,0,400,0,0.013122688000294147,0.0
gr1,9,15969.0,15969.0,16491.0,15969.0,False,0.0,0.0,0,400,0,0.013142304999746557,0.0
gr1,10,15969.0,15969.0,16491.0,15969.0,False,0.0,0.0,0,400,0,0.013054146000285982,0.0
gr1,11,15969.0,15969.0,16491.0,15969.0,False,0.0,0.0,0,400,0,0.013030236999838962,0.0
gr1,12,15969.0,15969.0,16491.0,15969.0,False,0.0,0.0,0,400,0,0.013040229000580439,0.0
gr1,13,15969.0,15969.0,16491.0,15969.0,False,0.0,0.0,0,400,0,0.013124199999765551,0.0
gr1,14,15969.0,15969.0,16491.0,15969.0,False,0.0,0.0,0,400,0,0.013108468999234901,0.0
gr1,15,15969.0,15969.0,16491.0,15969.0,False,0.0,0.0,0,400,0,0.013126518999342807,0.0
gr1,16,15969.0,15969.0,16491.0,15969.0,False,0.0,0.0,0,400,0,0.013072267999632459,0.0
gr1,17,15969.0,15969.0,16491.0,15969.0,False,0.0,0.0,0,400,0,0.013010577999921225,0.0
gr1,18,15969.0,15969.0,16491.0,15969.0,False,0.0,0.0,0,400,0,0.01316127000063716,0.0
gr1,19,15969.0,15969.0,16491.0,15969.0,False,0.0,0.0,0,400,0,0.013184855999497813,0.0
gr1-acyclic,0,0.0,0.0,0.0,0.0,False,0.0,0.0,0,0,0,0.0004774039998665103,0.0
gr1-acyclic,1,0.0,0.0,0.0,0.0,False,0.0,0.0,0,0,0,0.0004964419995303615,0.0
gr1-acyclic,2,0.0,0.0,0.0,0.0,False,0.0,0.0,0,0,0,0.0004910729994662688,0.0
gr1-acyclic,3,0.0,0.0,0.0,0.0,False,0.0,0.0,0,0,0,0.00047797099978197366,0.0
gr1-acyclic,4,0.0,0.0,0.0,0.0,False,0.0,0.0,0,0,0,0.00048111099931702483,0.0
gr1-acyclic,5,0.0,0.0,0.0,0.0,False,0.0,0.0,0,0,0,0.0004792809995706193,0.0
gr1-acyclic,6,0.0,0.0,0.0,0.0,False,0.0,0.0,0,0,0,0.000498870000228635,0.0
gr1-acyclic,7,0.0,0.0,0.0,0.0,False,0.0,0.0,0,0,0,0.00048349000007874565,0.0
gr1-acyclic,8,0.0,0.0,0.0,0.0,False,0.0,0.0,0,0,0,0.0004638720001821639,0.0
gr1-acyclic,9,0.0,0.0,0.0,0.0,False,0.0,0.0,0,0,0,0.0004891620001217234,0.0
gr1-acyclic,10,0.0,0.0,0.0,0.0,False,0.0,0.0,0,0,0,0.00048002899984567193,0.0
gr1-acyclic,11,0.0,0.0,0.0,0.0,False,0.0,0.0,0,0,0,0.0005543810002563987,0.0
gr1-acyclic,12,0.0,0.0,0.0,0.0,False,0.0,0.0,0,0,0,0.0004943109997839201,0.0
gr1-acyclic,13,0.0,0.0,0.0,0.0,False,0.0,0.0,0,0,0,0.00048455199976160657,0.0
gr1-acyclic,14,0.0,0.0,0.0,0.0,False,0.0,0.0,0,0,0,0.00048238799990940606,0.0
gr1-acyclic,15,0.0,0.0,0.0,0.0,False,0.0,0.0,0,0,0,0.0004864270003963611,0.0
gr1-acyclic,16,0.0,0.0,0.0,0.0,False,0.0,0.0,0,0,0,0.0004892540000582812,0.0
gr1-acyclic,17,0.0,0.0,0.0,0.0,False,0.0,0.0,0,0,0,0.0004785940000147093,0.0
gr1-acyclic,18,0.0,0.0,0.0,0.0,False,0.0,0.0,0,0,0,0.0004726780007331399,0.0
gr1-acyclic,19,0.0,0.0,0.0,0.0,False,0.0,0.0,0,0,0,0.0004932830006509903,0.0
gr10,0,58481.0,62435.0,58481.0,58481.0,False,0.0,0.0,0,400,0,0.01648752900018735,0.0
gr10,1,58481.0,62435.0,58481.0,58481.0,False,0.0,0.0,0,400,0,0.016030478999709885,0.0
gr10,2,58481.0,62435.0,58481.0,58481.0,False,0.0,0.0,0,400,0,0.01604631300051551,0.0
gr10,3,58481.0,62435.0,58481.0,58481.0,False,0.0,0.0,0,400,0,0.016142249000040465,0.0
gr10,4,58481.0,62435.0,58481.0,58481.0,False,0.0,0.0,0,400,0,0.015951580000546528,0.0
gr10,5,58481.0,62435.0,58481.0,58481.0,False,0.0,0.0,0,400,0,0.016026035000322736,0.0
gr10,6,58481.0,62435.0,58481.0,58481.0,False,0.0,0.0,0,400,0,0.016037358000176027,0.0
gr10,7,58481.0,62435.0,58481.0,58481.0,False,0.0,0.0,0,400,0,0.01600130499991792,0.0
gr10,8,58481.0,62435.0,58481.0,58481.0,False,0.0,0.0,0,400,0,0.016410340000220458,0.0
gr10,9,58481.0,62435.0,58481.0,58481.0,False,0.0,0.0,0,400,0,0.01602764900053444,0.0
gr10,10,58481.0,62435.0,58481.0,58481.0,False,0.0,0.0,0,400,0,0.015991260999726364,0.0
gr10,11,58481.0,62435.0,58481.0,58481.0,False,0.0,0.0,0,400,0,0.016053919999649224,0.0
gr10,12,58481.0,62435.0,58481.0,58481.0,False,0.0,0.0,0,400,0,0.01581954500034044,0.0
gr10,13,58481.0,62435.0,58481.0,58481.0,False,0.0,0.0,0,400,0,0.015894612000010966,0.0
gr10,14,58481.0,62435.0,58481.0,58481.0,False,0.0,0.0,0,400,0,0.015936437000164005,0.0
gr10,15,58481.0,62435.0,58481.0,58481.0,False,0.0,0.0,0,400,0,0.015935561999867787,0.0
gr10,16,58481.0,62435.0,58481.0,58481.0,False,0.0,0.0,0,400,0,0.015988906000529823,0.0
gr10,17,58481.0,62435.0,58481.0,58481.0,False,0.0,0.0,0,400,0,0.015957880000314617,0.0
gr10,18,58481.0,62435.0,58481.0,58481.0,False,0.0,0.0,0,400,0,0.016172765000192157,0.0
gr10,19,58481.0,62435.0,58481.0,58481.0,False,0.0,0.0,0,400,0,0.01608624399977998,0.0
gr11,0,12414.0,12414.0,12414.0,12414.0,False,0.0,0.0,0,400,0,0.004322782999224728,0.0
gr11,1,12414.0,12414.0,12414.0,12414.0,False,0.0,0.0,0,400,0,0.004250050999871746,0.0
gr11,2,12414.0,12414.0,12414.0,12414.0,False,0.0,0.0,0,400,0,0.004367863999505062,0.0
gr11,3,12414.0,12414.0,12414.0,12414.0,False,0.0,0.0,0,400,0,0.004305332000512863,0.0
gr11,4,12414.0,12414.0,12414.0,12414.0,False,0.0,0.0,0,400,0,0.004356628000095952,0.0
gr11,5,12414.0,12414.0,12414.0,12414.0,False,0.0,0.0,0,400,0,0.004313346999879286,0.0
gr11,6,12414.0,12414.0,12414.0,12414.0,False,0.0,0.0,0,400,0,0.0043004059998565936,0.0
gr11,7,12414.0,12414.0,12414.0,12414.0,False,0.0,0.0,0,400,0,0.004328038000494416,0.0
gr11,8,12414.0,12414.0,12414.0,12414.0,False,0.0,0.0,0,400,0,0.0044446740002968,0.0
gr11,9,12414.0,12414.0,12414.0,12414.0,False,0.0,0.0,0,400,0,0.004513068000051135,0.0
gr11,10,12414.0,12414.0,12414.0,12414.0,False,0.0,0.0,0,400,0,0.004769509999277943,0.0
gr11,11,12414.0,12414.0,12414.0,12414.0,False,0.0,0.0,0,400,0,0.004320097000345413,0.0
gr11,12,12414.0,12414.0,12414.0,12414.0,False,0.0,0.0,0,400,0,0.0043707550003091455,0.0
gr11,13,12414.0,12414.0,12414.0,12414.0,False,0.0,0.0,0,400,0,0.004238630000145349,0.0
gr11,14,12414.0,12414.0,12414.0,12414.0,False,0.0,0.0,0,400,0,0.004229594000207726,0.0
gr11,15,12414.0,12414.0,12414.0,12414.0,False,0.0,0.0,0,400,0,0.004290986000341945,0.0
gr11,16,12414.0,12414.0,12414.0,12414.0,False,0.0,0.0,0,400,0,0.004360038999948301,0.0
gr11,17,12414.0,12414.0,12414.0,12414.0,False,0.0,0.0,0,400,0,0.004263730000275245,0.0
gr11,18,12414.0,12414.0,12414.0,12414.0,False,0.0,0.0,0,400,0,0.004301873999793315,0.0
gr11,19,12414.0,12414.0,12414.0,12414.0,False,0.0,0.0,0,400,0,0.004270837999683863,0.0
gr11d,0,12414.0,12414.0,12414.0,12414.0,False,0.0,0.0,0,400,0,0.004296991000046546,0.0
gr11d,1,12414.0,12414.0,12414.0,12414.0,False,0.0,0.0,0,400,0,0.004287606000616506,0.0
gr11d,2,12414.0,12414.0,12414.0,12414.0,False,0.0,0.0,0,400,0,0.004317781000281684,0.0
gr11d,3,12414.0,12414.0,12414.0,12414.0,False,0.0,0.0,0,400,0,0.004301527000279748,0.0
gr11d,4,12414.0,12414.0,12414.0,12414.0,False,0.0,0.0,0,400,0,0.0043290710000292165,0.0
gr11d,5,12414.0,12414.0,12414.0,12414.0,False,0.0,0.0,0,400,0,0.004297694999877422,0.0
gr11d,6,12414.0,12414.0,12414.0,12414.0,False,0.0,0.0,0,400,0,0.004435320000084175,0.0
gr11d,7,12414.0,12414.0,12414.0,12414.0,False,0.0,0.0,0,400,0,0.004412604999743053,0.0
gr11d,8,12414.0,12414.0,12414.0,12414.0,False,0.0,0.0,0,400,0,0.004344511999988754,0.0
gr11d,9,12414.0,12414.0,12414.0,12414.0,False,0.0,0.0,0,400,0,0.004294883000511618,0.0
gr11d,10,12414.0,12414.0,12414.0,12414.0,False,0.0,0.0,0,400,0,0.004321536999668751,0.0
gr11d,11,12414.0,12414.0,12414.0,12414.0,False,0.0,0.0,0,400,0,0.004228067999974883,0.0
gr11d,12,12414.0,12414.0,12414.0,12414.0,False,0.0,0.0,0,400,0,0.0043775639996965765,0.0
gr11d,13,12414.0,12414.0,12414.0,12414.0,False,0.0,0.0,0,400,0,0.004302948000258766,0.0
gr11d,14,12414.0,12414.0,12414.0,12414.0,False,0.0,0.0,0,400,0,0.004354736000095727,0.0
gr11d,15,12414.0,12414.0,12414.0,12414.0,False,0.0,0.0,0,400,0,0.004351502999270451,0.0
gr11d,16,12414.0,12414.0,12414.0,12414.0,False,0.0,0.0,0,400,0,0.00426617500033899,0.0
gr11d,17,12414.0,12414.0,12414.0,12414.0,False,0.0,0.0,0,400,0,0.004333302000304684,0.0
gr11d,18,12414.0,12414.0,12414.0,12414.0,False,0.0,0.0,0,400,0,0.004369336999843654,0.0
gr11d,19,12414.0,12414.0,12414.0,12414.0,False,0.0,0.0,0,400,0,0.0043244100006631925,0.0
gr12,0,2133.0,2133.0,2133.0,2133.0,False,0.0,0.0,0,400,0,0.005872103000001516,0.0
gr12,1,2133.0,2133.0,2133.0,2133.0,False,0.0,0.0,0,400,0,0.005899950999264547,0.0
gr12,2,2133.0,2133.0,2133.0,2133.0,False,0.0,0.0,0,400,0,0.005783503000202472,0.0
gr12,3,2133.0,2133.0,2133.0,2133.0,False,0.0,0.0,0,400,0,0.005844739000167465,0.0
gr12,4,2133.0,2133.0,2133.0,2133.0,False,0.0,0.0,0,400,0,0.005957201999990502,0.0
gr12,5,2133.0,2133.0,2133.0,2133.0,False,0.0,0.0,0,400,0,0.00590630799979408,0.0
gr12,6,2133.0,2133.0,2133.0,2133.0,False,0.0,0.0,0,400,0,0.005894736000300327,0.0
gr12,7,2133.0,2133.0,2133.0,2133.0,False,0.0,0.0,0,400,0,0.005823858999974618,0.0
gr12,8,2133.0,2133.0,2133.0,2133.0,False,0.0,0.0,0,400,0,0.005784625000160304,0.0
gr12,9,2133.0,2133.0,2133.0,2133.0,False,0.0,0.0,0,400,0,0.005884361000425997,0.0
gr12,10,2133.0,2133.0,2133.0,2133.0,False,0.0,0.0,0,400,0,0.005780168999990565,0.0
gr12,11,2133.0,2133.0,2133.0,2133.0,False,0.0,0.0,0,400,0,0.005811147999338573,0.0
gr12,12,2133.0,2133.0,2133.0,2133.0,False,0.0,0.0,0,400,0,0.00598497699957079,0.0
gr12,13,2133.0,2133.0,2133.0,2133.0,False,0.0,0.0,0,400,0,0.005850722000104724,0.0
gr12,14,2133.0,2133.0,2133.0,2133.0,False,0.0,0.0,0,400,0,0.005804534999697353,0.0
gr12,15,2133.0,2133.0,2133.0,2133.0,False,0.0,0.0,0,400,0,0.005958455999461876,0.0
gr12,16,2133.0,2133.0,2133.0,2133.0,False,0.0,0.0,0,400,0,0.0058259159995941445,0.0
gr12,17,2133.0,2133.0,2133.0,2133.0,False,0.0,0.0,0,400,0,0.005858565000380622,0.0
gr12,18,2133.0,2133.0,2133.0,2133.0,False,0.0,0.0,0,400,0,0.006289850000030128,0.0
gr12,19,2133.0,2133.0,2133.0,2133.0,False,0.0,0.0,0,400,0,0.006045199000254797,0.0
gr13,0,3987.0,3987.0,3987.0,3987.0,False,0.0,0.0,0,400,0,0.005603349000011804,0.0
gr13,1,3987.0,3987.0,3987.0,3987.0,False,0.0,0.0,0,400,0,0.005784745000710245,0.0
gr13,2,3987.0,3987.0,3987.0,3987.0,False,0.0,0.0,0,400,0,0.005750520999754372,0.0
gr13,3,3987.0,3987.0,3987.0,3987.0,False,0.0,0.0,0,400,0,0.005723423999370425,0.0
gr13,4,3987.0,3987.0,3987.0,3987.0,False,0.0,0.0,0,400,0,0.0056191000003309455,0.0
gr13,5,3987.0,3987.0,3987.0,3987.0,False,0.0,0.0,0,400,0,0.005623127000035311,0.0
gr13,6,3987.0,3987.0,3987.0,3987.0,False,0.0,0.0,0,400,0,0.005541780999919865,0.0
gr13,7,3987.0,3987.0,3987.0,3987.0,False,0.0,0.0,0,400,0,0.0055578249994141515,0.0
gr13,8,3987.0,3987.0,3987.0,3987.0,False,0.0,0.0,0,400,0,0.005438967000372941,0.0
gr13,9,3987.0,3987.0,3987.0,3987.0,False,0.0,0.0,0,400,0,0.005374081000809383,0.0
gr13,10,3987.0,3987.0,3987.0,3987.0,False,0.0,0.0,0,400,0,0.0056242199998450815,0.0
gr13,11,3987.0,3987.0,3987.0,3987.0,False,0.0,0.0,0,400,0,0.005669311999554338,0.0
gr13,12,3987.0,3987.0,3987.0,3987.0,False,0.0,0.0,0,400,0,0.005439434999971127,0.0
gr13,13,3987.0,3987.0,3987.0,3987.0,False,0.0,0.0,0,400,0,0.005279679000523174,0.0
gr13,14,3987.0,3987.0,3987.0,3987.0,False,0.0,0.0,0,400,0,0.005256720000033965,0.0
gr13,15,3987.0,3987.0,3987.0,3987.0,False,0.0,0.0,0,400,0,0.005324853000274743,0.0
gr13,16,3987.0,3987.0,3987.0,3987.0,False,0.0,0.0,0,400,0,0.005438187999970978,0.0
gr13,17,3987.0,3987.0,3987.0,3987.0,False,0.0,0.0,0,400,0,0.005191285999899264,0.0
gr13,18,3987.0,3987.0,3987.0,3987.0,False,0.0,0.0,0,400,0,0.005230652000136615,0.0
gr13,19,3987.0,3987.0,3987.0,3987.0,False,0.0,0.0,0,400,0,0.005737490999308648,0.0
gr14,0,14651.0,14651.0,14651.0,14651.0,False,0.0,0.0,0,400,0,0.004549418999886257,0.0
gr14,1,14651.0,14651.0,14651.0,14651.0,False,0.0,0.0,0,400,0,0.004019272999357781,0.0
gr14,2,14651.0,14651.0,14651.0,14651.0,False,0.0,0.0,0,400,0,0.004056785000102536,0.0
gr14,3,14651.0,14651.0,14651.0,14651.0,False,0.0,0.0,0,400,0,0.00401244500062603,0.0
gr14,4,14651.0,14651.0,14651.0,14651.0,False,0.0,0.0,0,400,0,0.004076410999914515,0.0
gr14,5,14651.0,14651.0,14651.0,14651.0,False,0.0,0.0,0,400,0,0.004232457000398426,0.0
gr14,6,14651.0,14651.0,14651.0,14651.0,False,0.0,0.0,0,400,0,0.004031534999739961,0.0
gr14,7,14651.0,14651.0,14651.0,14651.0,False,0.0,0.0,0,400,0,0.003996775999439706,0.0
gr14,8,14651.0,14651.0,14651.0,14651.0,False,0.0,0.0,0,400,0,0.004146991999732563,0.0
gr14,9,14651.0,14651.0,14651.0,14651.0,False,0.0,0.0,0,400,0,0.004053331999784859,0.0
gr14,10,14651.0,14651.0,14651.0,14651.0,False,0.0,0.0,0,400,0,0.0040063520000330755,0.0
gr14,11,14651.0,14651.0,14651.0,14651.0,False,0.0,0.0,0,400,0,0.004122327000004589,0.0
gr14,12,14651.0,14651.0,14651.0,14651.0,False,0.0,0.0,0,400,0,0.004009964999568183,0.0
gr14,13,14651.0,14651.0,14651.0,14651.0,False,0.0,0.0,0,400,0,0.003973473999394628,0.0
gr14,14,14651.0,14651.0,14651.0,14651.0,False,0.0,0.0,0,400,0,0.004043095999804791,0.0
gr14,15,14651.0,14651.0,14651.0,14651.0,False,0.0,0.0,0,400,0,0.0040098769995893235,0.0
gr14,16,14651.0,14651.0,14651.0,14651.0,False,0.0,0.0,0,400,0,0.003944348000004538,0.0
gr14,17,14651.0,14651.0,14651.0,14651.0,False,0.0,0.0,0,400,0,0.004163019000770873,0.0
gr14,18,14651.0,14651.0,14651.0,14651.0,False,0.0,0.0,0,400,0,0.004088141000465839,0.0
gr14,19,14651.0,14651.0,14651.0,14651.0,False,0.0,0.0,0,400,0,0.004039528000248538,0.0
gr2,0,5118.0,5118.0,5118.0,5118.0,False,0.0,0.0,0,400,0,0.003440530999796465,0.0
gr2,1,5118.0,5118.0,5118.0,5118.0,False,0.0,0.0,0,400,0,0.0039975249992494355,0.0
gr2,2,5118.0,5118.0,5118.0,5118.0,False,0.0,0.0,0,400,0,0.0034850890006055124,0.0
gr2,3,5118.0,5118.0,5118.0,5118.0,False,0.0,0.0,0,400,0,0.003540335999787203,0.0
gr2,4,5118.0,5118.0,5118.0,5118.0,False,0.0,0.0,0,400,0,0.003733480000846612,0.0
gr2,5,5118.0,5118.0,5118.0,5118.0,False,0.0,0.0,0,400,0,0.003786415999456949,0.0
gr2,6,5118.0,5118.0,5118.0,5118.0,False,0.0,0.0,0,400,0,0.003492477999316179,0.0
gr2,7,5118.0,5118.0,5118.0,5118.0,False,0.0,0.0,0,400,0,0.0034686520002651378,0.0
gr2,8,5118.0,5118.0,5118.0,5118.0,False,0.0,0.0,0,400,0,0.003460885000095004,0.0
gr2,9,5118.0,5118.0,5118.0,5118.0,False,0.0,0.0,0,400,0,0.0035364320001463057,0.0
gr2,10,5118.0,5118.0,5118.0,5118.0,False,0.0,0.0,0,400,0,0.0035483469991959282,0.0
gr2,11,5118.0,5118.0,5118.0,5118.0,False,0.0,0.0,0,400,0,0.0034592700003486243,0.0
gr2,12,5118.0,5118.0,5118.0,5118.0,False,0.0,0.0,0,400,0,0.003463951000412635,0.0
gr2,13,5118.0,5118.0,5118.0,5118.0,False,0.0,0.0,0,400,0,0.00346272000024328,0.0
gr2,14,5118.0,5118.0,5118.0,5118.0,False,0.0,0.0,0,400,0,0.003388862999599951,0.0
gr2,15,5118.0,5118.0,5118.0,5118.0,False,0.0,0.0,0,400,0,0.0037458900005731266,0.0
gr2,16,5118.0,5118.0,5118.0,5118.0,False,0.0,0.0,0,400,0,0.0034848080003939685,0.0
gr2,17,5118.0,5118.0,5118.0,5118.0,False,0.0,0.0,0,400,0,0.0034507190002841526,0.0
gr2,18,5118.0,5118.0,5118.0,5118.0,False,0.0,0.0,0,400,0,0.0035547480001696385,0.0
gr2,19,5118.0,5118.0,5118.0,5118.0,False,0.0,0.0,0,400,0,0.0035759089996645343,0.0
gr3,0,2252.0,2252.0,2252.0,2252.0,False,0.0,0.0,0,400,0,0.004228533000059542,0.0
gr3,1,2252.0,2252.0,2252.0,2252.0,False,0.0,0.0,0,400,0,0.004126823999285989,0.0
gr3,2,2252.0,2252.0,2252.0,2252.0,False,0.0,0.0,0,400,0,0.0040883199999370845,0.0
gr3,3,2252.0,2252.0,2252.0,2252.0,False,0.0,0.0,0,400,0,0.004183827000815654,0.0
gr3,4,2252.0,2252.0,2252.0,2252.0,False,0.0,0.0,0,400,0,0.00412277599934896,0.0
gr3,5,2252.0,2252.0,2252.0,2252.0,False,0.0,0.0,0,400,0,0.004213361000438454,0.0
gr3,6,2252.0,2252.0,2252.0,2252.0,False,0.0,0.0,0,400,0,0.0042233200001646765,0.0
gr3,7,2252.0,2252.0,2252.0,2252.0,False,0.0,0.0,0,400,0,0.004197989000203961,0.0
gr3,8,2252.0,2252.0,2252.0,2252.0,False,0.0,0.0,0,400,0,0.00403377000020555,0.0
gr3,9,2252.0,2252.0,2252.0,2252.0,False,0.0,0.0,0,400,0,0.004188239000541216,0.0
gr3,10,2252.0,2252.0,2252.0,2252.0,False,0.0,0.0,0,400,0,0.004063491999659163,0.0
gr3,11,2252.0,2252.0,2252.0,2252.0,False,0.0,0.0,0,400,0,0.004044430999783799,0.0
gr3,12,2252.0,2252.0,2252.0,2252.0,False,0.0,0.0,0,400,0,0.004270735000318382,0.0
gr3,13,2252.0,2252.0,2252.0,2252.0,False,0.0,0.0,0,400,0,0.004120508000596601,0.0
gr3,14,2252.0,2252.0,2252.0,2252.0,False,0.0,0.0,0,400,0,0.004132438000851835,0.0
gr3,15,2252.0,2252.0,2252.0,2252.0,False,0.0,0.0,0,400,0,0.00405873599993356,0.0
gr3,16,2252.0,2252.0,2252.0,2252.0,False,0.0,0.0,0,400,0,0.0043523860003915615,0.0
gr3,17,2252.0,2252.0,2252.0,2252.0,False,0.0,0.0,0,400,0,0.004295519999686803,0.0
gr3,18,2252.0,2252.0,2252.0,2252.0,False,0.0,0.0,0,400,0,0.004251356000168016,0.0
gr3,19,2252.0,2252.0,2252.0,2252.0,False,0.0,0.0,0,400,0,0.004709116999947582,0.0
gr4,0,5118.0,5118.0,5118.0,5118.0,False,0.0,0.0,0,400,0,0.0037175670004216954,0.0
gr4,1,5118.0,5118.0,5118.0,5118.0,False,0.0,0.0,0,400,0,0.0036287109996919753,0.0
gr4,2,5118.0,5118.0,5118.0,5118.0,False,0.0,0.0,0,400,0,0.0036077680006201263,0.0
gr4,3,5118.0,5118.0,5118.0,5118.0,False,0.0,0.0,0,400,0,0.0036597999996956787,0.0
gr4,4,5118.0,5118.0,5118.0,5118.0,False,0.0,0.0,0,400,0,0.0036779620004381286,0.0
gr4,5,5118.0,5118.0,5118.0,5118.0,False,0.0,0.0,0,400,0,0.003668781999294879,0.0
gr4,6,5118.0,5118.0,5118.0,5118.0,False,0.0,0.0,0,400,0,0.0036506479991658125,0.0
gr4,7,5118.0,5118.0,5118.0,5118.0,False,0.0,0.0,0,400,0,0.0036333569996713777,0.0
gr4,8,5118.0,5118.0,5118.0,5118.0,False,0.0,0.0,0,400,0,0.0037196250004853937,0.0
gr4,9,5118.0,5118.0,5118.0,5118.0,False,0.0,0.0,0,400,0,0.003620636000050581,0.0
gr4,10,5118.0,5118.0,5118.0,5118.0,False,0.0,0.0,0,400,0,0.004158738000114681,0.0
gr4,11,5118.0,5118.0,5118.0,5118.0,False,0.0,0.0,0,400,0,0.0038930509999772767,0.0
gr4,12,5118.0,5118.0,5118.0,5118.0,False,0.0,0.0,0,400,0,0.0038034009994589724,0.0
gr4,13,5118.0,5118.0,5118.0,5118.0,False,0.0,0.0,0,400,0,0.003725767999640084,0.0
gr4,14,5118.0,5118.0,5118.0,5118.0,False,0.0,0.0,0,400,0,0.0036436099999264115,0.0
gr4,15,5118.0,5118.0,5118.0,5118.0,False,0.0,0.0,0,400,0,0.0036195350003254134,0.0
gr4,16,5118.0,5118.0,5118.0,5118.0,False,0.0,0.0,0,400,0,0.003572014999917883,0.0
gr4,17,5118.0,5118.0,5118.0,5118.0,False,0.0,0.0,0,400,0,0.0036441120000745286,0.0
gr4,18,5118.0,5118.0,5118.0,5118.0,False,0.0,0.0,0,400,0,0.003658099999483966,0.0
gr4,19,5118.0,5118.0,5118.0,5118.0,False,0.0,0.0,0,400,0,0.0035717499995371327,0.0
gr4-shift,0,5118.0,5118.0,5118.0,5118.0,False,0.0,0.0,0,400,0,0.004716071000075317,0.0
gr4-shift,1,5118.0,5118.0,5118.0,5118.0,False,0.0,0.0,0,400,0,0.004651970999475452,0.0
gr4-shift,2,5118.0,5118.0,5118.0,5118.0,False,0.0,0.0,0,400,0,0.004617206999682821,0.0
gr4-shift,3,5118.0,5118.0,5118.0,5118.0,False,0.0,0.0,0,400,0,0.004661717000089993,0.0
gr4-shift,4,5118.0,5118.0,5118.0,5118.0,False,0.0,0.0,0,400,0,0.004680127000028733,0.0
gr4-shift,5,5118.0,5118.0,5118.0,5118.0,False,0.0,0.0,0,400,0,0.004682052999669395,0.0
gr4-shift,6,5118.0,5118.0,5118.0,5118.0,False,0.0,0.0,0,400,0,0.004721252999843273,0.0
gr4-shift,7,5118.0,5118.0,5118.0,5118.0,False,0.0,0.0,0,400,0,0.004710197000349581,0.0
gr4-shift,8,5118.0,5118.0,5118.0,5118.0,False,0.0,0.0,0,400,0,0.004730583999844384,0.0
gr4-shift,9,5118.0,5118.0,5118.0,5118.0,False,0.0,0.0,0,400,0,0.00463030599985359,0.0
gr4-shift,10,5118.0,5118.0,5118.0,5118.0,False,0.0,0.0,0,400,0,0.004597146999913093,0.0
gr4-shift,11,5118.0,5118.0,5118.0,5118.0,False,0.0,0.0,0,400,0,0.004695329999776732,0.0
gr4-shift,12,5118.0,5118.0,5118.0,5118.0,False,0.0,0.0,0,400,0,0.004691104999437812,0.0
gr4-shift,13,5118.0,5118.0,5118.0,5118.0,False,0.0,0.0,0,400,0,0.004561534999993455,0.0
gr4-shift,14,5118.0,5118.0,5118.0,5118.0,False,0.0,0.0,0,400,0,0.004653143999348686,0.0
gr4-shift,15,5118.0,5118.0,5118.0,5118.0,False,0.0,0.0,0,400,0,0.004706001999693399,0.0
gr4-shift,16,5118.0,5118.0,5118.0,5118.0,False,0.0,0.0,0,400,0,0.004631544999938342,0.0
gr4-shift,17,5118.0,5118.0,5118.0,5118.0,False,0.0,0.0,0,400,0,0.004718771000625566,0.0
gr4-shift,18,5118.0,5118.0,5118.0,5118.0,False,0.0,0.0,0,400,0,0.004666367000027094,0.0
gr4-shift,19,5118.0,5118.0,5118.0,5118.0,False,0.0,0.0,0,400,0,0.004690261000177998,0.0
gr4-shift2,0,5118.0,5118.0,5118.0,5118.0,False,0.0,0.0,0,400,0,0.005037443999754032,0.0
gr4-shift2,1,5118.0,5118.0,5118.0,5118.0,False,0.0,0.0,0,400,0,0.004519031000199902,0.0
gr4-shift2,2,5118.0,5118.0,5118.0,5118.0,False,0.0,0.0,0,400,0,0.004603905999829294,0.0
gr4-shift2,3,5118.0,5118.0,5118.0,5118.0,False,0.0,0.0,0,400,0,0.0043994110001222,0.0
gr4-shift2,4,5118.0,5118.0,5118.0,5118.0,False,0.0,0.0,0,400,0,0.004880599999523838,0.0
gr4-shift2,5,5118.0,5118.0,5118.0,5118.0,False,0.0,0.0,0,400,0,0.004573010999592952,0.0
gr4-shift2,6,5118.0,5118.0,5118.0,5118.0,False,0.0,0.0,0,400,0,0.004806551000001491,0.0
gr4-shift2,7,5118.0,5118.0,5118.0,5118.0,False,0.0,0.0,0,400,0,0.004817254000045068,0.0
gr4-shift2,8,5118.0,5118.0,5118.0,5118.0,False,0.0,0.0,0,400,0,0.004705790999651072,0.0
gr4-shift2,9,5118.0,5118.0,5118.0,5118.0,False,0.0,0.0,0,400,0,0.004730060000838421,0.0
gr4-shift2,10,5118.0,5118.0,5118.0,5118.0,False,0.0,0.0,0,400,0,0.004402753000249504,0.0
gr4-shift2,11,5118.0,5118.0,5118.0,5118.0,False,0.0,0.0,0,400,0,0.004413564000060433,0.0
gr4-shift2,12,5118.0,5118.0,5118.0,5118.0,False,0.0,0.0,0,400,0,0.004436379999788187,0.0
gr4-shift2,13,5118.0,5118.0,5118.0,5118.0,False,0.0,0.0,0,400,0,0.004470184000638255,0.0
gr4-shift2,14,5118.0,5118.0,5118.0,5118.0,False,0.0,0.0,0,400,0,0.004454216000340239,0.0
gr4-shift2,15,5118.0,5118.0,5118.0,5118.0,False,0.0,0.0,0,400,0,0.004551879999780795,0.0
gr4-shift2,16,5118.0,5118.0,5118.0,5118.0,False,0.0,0.0,0,400,0,0.004508764999627601,0.0
gr4-shift2,17,5118.0,5118.0,5118.0,5118.0,False,0.0,0.0,0,400,0,0.004464760000701062,0.0
gr4-shift2,18,5118.0,5118.0,5118.0,5118.0,False,0.0,0.0,0,400,0,0.004382826999972167,0.0
gr4-shift2,19,5118.0,5118.0,5118.0,5118.0,False,0.0,0.0,0,400,0,0.004439713000465417,0.0
gr5,0,5118.0,5118.0,5118.0,5118.0,False,0.0,0.0,0,400,0,0.0037117769998076255,0.0
gr5,1,5118.0,5118.0,5118.0,5118.0,False,0.0,0.0,0,400,0,0.0037649050000254647,0.0
gr5,2,5118.0,5118.0,5118.0,5118.0,False,0.0,0.0,0,400,0,0.003788838000218675,0.0
gr5,3,5118.0,5118.0,5118.0,5118.0,False,0.0,0.0,0,400,0,0.003662397999505629,0.0
gr5,4,5118.0,5118.0,5118.0,5118.0,False,0.0,0.0,0,400,0,0.0037004830001023947,0.0
gr5,5,5118.0,5118.0,5118.0,5118.0,False,0.0,0.0,0,400,0,0.004377754999950412,0.0
gr5,6,5118.0,5118.0,5118.0,5118.0,False,0.0,0.0,0,400,0,0.0036738070002684253,0.0
gr5,7,5118.0,5118.0,5118.0,5118.0,False,0.0,0.0,0,400,0,0.0036695409999083495,0.0
gr5,8,5118.0,5118.0,5118.0,5118.0,False,0.0,0.0,0,400,0,0.0036409730000741547,0.0
gr5,9,5118.0,5118.0,5118.0,5118.0,False,0.0,0.0,0,400,0,0.0037450899999385,0.0
gr5,10,5118.0,5118.0,5118.0,5118.0,False,0.0,0.0,0,400,0,0.003702770000018063,0.0
gr5,11,5118.0,5118.0,5118.0,5118.0,False,0.0,0.0,0,400,0,0.00400342000011733,0.0
gr5,12,5118.0,5118.0,5118.0,5118.0,False,0.0,0.0,0,400,0,0.003880481999658514,0.0
gr5,13,5118.0,5118.0,5118.0,5118.0,False,0.0,0.0,0,400,0,0.0036979239994252566,0.0
gr5,14,5118.0,5118.0,5118.0,5118.0,False,0.0,0.0,0,400,0,0.004052328999932797,0.0
gr5,15,5118.0,5118.0,5118.0,5118.0,False,0.0,0.0,0,400,0,0.004137304999858316,0.0
gr5,16,5118.0,5118.0,5118.0,5118.0,False,0.0,0.0,0,400,0,0.0038086949998614728,0.0
gr5,17,5118.0,5118.0,5118.0,5118.0,False,0.0,0.0,0,400,0,0.0037677300006180303,0.0
gr5,18,5118.0,5118.0,5118.0,5118.0,False,0.0,0.0,0,400,0,0.0036861610005871626,0.0
gr5,19,5118.0,5118.0,5118.0,5118.0,False,0.0,0.0,0,400,0,0.003620059999775549,0.0
gr6,0,14097.0,14097.0,14666.0,14097.0,False,0.0,0.0,0,400,0,0.005514038000001165,0.0
gr6,1,14097.0,14097.0,14666.0,14097.0,False,0.0,0.0,0,400,0,0.005578416000389552,0.0
gr6,2,14097.0,14097.0,14666.0,14097.0,False,0.0,0.0,0,400,0,0.005863739000233181,0.0
gr6,3,14097.0,14097.0,14666.0,14097.0,False,0.0,0.0,0,400,0,0.005527375999918149,0.0
gr6,4,14097.0,14097.0,14666.0,14097.0,False,0.0,0.0,0,400,0,0.005615074000161258,0.0
gr6,5,14097.0,14097.0,14666.0,14097.0,False,0.0,0.0,0,400,0,0.005526756999643112,0.0
gr6,6,14097.0,14097.0,14666.0,14097.0,False,0.0,0.0,0,400,0,0.005542179999793007,0.0
gr6,7,14097.0,14097.0,14666.0,14097.0,False,0.0,0.0,0,400,0,0.005574173999775667,0.0
gr6,8,14097.0,14097.0,14666.0,14097.0,False,0.0,0.0,0,400,0,0.005506315000275208,0.0
gr6,9,14097.0,14097.0,14666.0,14097.0,False,0.0,0.0,0,400,0,0.005492749999575608,0.0
gr6,10,14097.0,14097.0,14666.0,14097.0,False,0.0,0.0,0,400,0,0.005531595000320522,0.0
gr6,11,14097.0,14097.0,14666.0,14097.0,False,0.0,0.0,0,400,0,0.005608043999927759,0.0
gr6,12,14097.0,14097.0,14666.0,14097.0,False,0.0,0.0,0,400,0,0.0055195780005306005,0.0
gr6,13,14097.0,14097.0,14666.0,14097.0,False,0.0,0.0,0,400,0,0.005468561000270711,0.0
gr6,14,14097.0,14097.0,14666.0,14097.0,False,0.0,0.0,0,400,0,0.005500410999957239,0.0
gr6,15,14097.0,14097.0,14666.0,14097.0,False,0.0,0.0,0,400,0,0.005613864999759244,0.0
gr6,16,14097.0,14097.0,14666.0,14097.0,False,0.0,0.0,0,400,0,0.0054134210004122,0.0
gr6,17,14097.0,14097.0,14666.0,14097.0,False,0.0,0.0,0,400,0,0.005434642000182066,0.0
gr6,18,14097.0,14097.0,14666.0,14097.0,False,0.0,0.0,0,400,0,0.0054974940003376105,0.0
gr6,19,14097.0,14097.0,14666.0,14097.0,False,0.0,0.0,0,400,0,0.00561367699992843,0.0
gr8,0,5118.0,5118.0,5118.0,5118.0,False,0.0,0.0,0,0,0,0.0004568069998640567,0.0
gr8,1,5118.0,5118.0,5118.0,5118.0,False,0.0,0.0,0,0,0,0.00042877200030488893,0.0
gr8,2,5118.0,5118.0,5118.0,5118.0,False,0.0,0.0,0,0,0,0.0004478310002014041,0.0
gr8,3,5118.0,5118.0,5118.0,5118.0,False,0.0,0.0,0,0,0,0.0005348090007828432,0.0
gr8,4,5118.0,5118.0,5118.0,5118.0,False,0.0,0.0,0,0,0,0.00044969200007471954,0.0
gr8,5,5118.0,5118.0,5118.0,5118.0,False,0.0,0.0,0,0,0,0.00045525800032919506,0.0
gr8,6,5118.0,5118.0,5118.0,5118.0,False,0.0,0.0,0,0,0,0.0004440080001586466,0.0
gr8,7,5118.0,5118.0,5118.0,5118.0,False,0.0,0.0,0,0,0,0.0004522909994193469,0.0
gr8,8,5118.0,5118.0,5118.0,5118.0,False,0.0,0.0,0,0,0,0.0004502319998209714,0.0
gr8,9,5118.0,5118.0,5118.0,5118.0,False,0.0,0.0,0,0,0,0.0004288059999453253,0.0
gr8,10,5118.0,5118.0,5118.0,5118.0,False,0.0,0.0,0,0,0,0.00044567999975697603,0.0
gr8,11,5118.0,5118.0,5118.0,5118.0,False,0.0,0.0,0,0,0,0.0004347260000940878,0.0
gr8,12,5118.0,5118.0,5118.0,5118.0,False,0.0,0.0,0,0,0,0.00042338300045230426,0.0
gr8,13,5118.0,5118.0,5118.0,5118.0,False,0.0,0.0,0,0,0,0.000451085000349849,0.0
gr8,14,5118.0,5118.0,5118.0,5118.0,False,0.0,0.0,0,0,0,0.00043318899952282663,0.0
gr8,15,5118.0,5118.0,5118.0,5118.0,False,0.0,0.0,0,0,0,0.00043834200005221646,0.0
gr8,16,5118.0,5118.0,5118.0,5118.0,False,0.0,0.0,0,0,0,0.0005097519997434574,0.0
gr8,17,5118.0,5118.0,5118.0,5118.0,False,0.0,0.0,0,0,0,0.0004328919994804892,0.0
gr8,18,5118.0,5118.0,5118.0,5118.0,False,0.0,0.0,0,0,0,0.00043671099956554826,0.0
gr8,19,5118.0,5118.0,5118.0,5118.0,False,0.0,0.0,0,0,0,0.0004499200003920123,0.0
gr9,0,6120.0,6120.0,6120.0,6120.0,False,0.0,0.0,0,400,0,0.007496566999179777,0.0
gr9,1,6120.0,6120.0,6120.0,6120.0,False,0.0,0.0,0,400,0,0.007180352000432322,0.0
gr9,2,6120.0,6120.0,6120.0,6120.0,False,0.0,0.0,0,400,0,0.00726697400023113,0.0
gr9,3,6120.0,6120.0,6120.0,6120.0,False,0.0,0.0,0,400,0,0.007030592999399232,0.0
gr9,4,6120.0,6120.0,6120.0,6120.0,False,0.0,0.0,0,400,0,0.007107173000804323,0.0
gr9,5,6120.0,6120.0,6120.0,6120.0,False,0.0,0.0,0,400,0,0.007139405999623705,0.0
gr9,6,6120.0,6120.0,6120.0,6120.0,False,0.0,0.0,0,400,0,0.00707253899963689,0.0
gr9,7,6120.0,6120.0,6120.0,6120.0,False,0.0,0.0,0,400,0,0.007062992000101076,0.0
gr9,8,6120.0,6120.0,6120.0,6120.0,False,0.0,0.0,0,400,0,0.007150426999942283,0.0
gr9,9,6120.0,6120.0,6120.0,6120.0,False,0.0,0.0,0,400,0,0.007203200000731158,0.0
gr9,10,6120.0,6120.0,6120.0,6120.0,False,0.0,0.0,0,400,0,0.007024218999504228,0.0
gr9,11,6120.0,6120.0,6120.0,6120.0,False,0.0,0.0,0,400,0,0.007079179000356817,0.0
gr9,12,6120.0,6120.0,6120.0,6120.0,False,0.0,0.0,0,400,0,0.007227412000247568,0.0
gr9,13,6120.0,6120.0,6120.0,6120.0,False,0.0,0.0,0,400,0,0.007133670000257553,0.0
gr9,14,6120.0,6120.0,6120.0,6120.0,False,0.0,0.0,0,400,0,0.007131871000638057,0.0
gr9,15,6120.0,6120.0,6120.0,6120.0,False,0.0,0.0,0,400,0,0.007159828999647289,0.0
gr9,16,6120.0,6120.0,6120.0,6120.0,False,0.0,0.0,0,400,0,0.007158551000429725,0.0
gr9,17,6120.0,6120.0,6120.0,6120.0,False,0.0,0.0,0,400,0,0.007201833000181068,0.0
gr9,18,6120.0,6120.0,6120.0,6120.0,False,0.0,0.0,0,400,0,0.007324768999751541,0.0
gr9,19,6120.0,6120.0,6120.0,6120.0,False,0.0,0.0,0,400,0,0.007035186000393878,0.0
green,0,57.0,57.0,57.0,57.0,False,0.0,0.0,0,400,0,0.011581724999814469,0.0
green,1,57.0,57.0,57.0,57.0,False,0.0,0.0,0,400,0,0.01177135600028123,0.0
green,2,57.0,57.0,57.0,57.0,False,0.0,0.0,0,400,0,0.011259804000474105,0.0
green,3,57.0,57.0,57.0,57.0,False,0.0,0.0,0,400,0,0.01206702099989343,0.0
green,4,57.0,57.0,57.0,57.0,False,0.0,0.0,0,400,0,0.01184666399967682,0.0
green,5,57.0,57.0,57.0,57.0,False,0.0,0.0,0,400,0,0.011498636999931477,0.0
green,6,57.0,57.0,57.0,57.0,False,0.0,0.0,0,400,0,0.01149457299925416,0.0
green,7,57.0,57.0,57.0,57.0,False,0.0,0.0,0,400,0,0.011292367999885755,0.0
green,8,57.0,57.0,57.0,57.0,False,0.0,0.0,0,400,0,0.011308293999718444,0.0
green,9,57.0,57.0,57.0,57.0,False,0.0,0.0,0,400,0,0.011347804000251926,0.0
green,10,57.0,57.0,57.0,57.0,False,0.0,0.0,0,400,0,0.011357581000083883,0.0
green,11,57.0,57.0,57.0,57.0,False,0.0,0.0,0,400,0,0.011293104000287713,0.0
green,12,57.0,57.0,57.0,57.0,False,0.0,0.0,0,400,0,0.0113638799994078,0.0
green,13,57.0,57.0,57.0,57.0,False,0.0,0.0,0,400,0,0.011685100000249804,0.0
green,14,57.0,57.0,57.0,57.0,False,0.0,0.0,0,400,0,0.011762507999264926,0.0
green,15,57.0,57.0,57.0,57.0,False,0.0,0.0,0,400,0,0.011798946999988402,0.0
green,16,57.0,57.0,57.0,57.0,False,0.0,0.0,0,400,0,0.01130469899999298,0.0
green,17,57.0,57.0,57.0,57.0,False,0.0,0.0,0,400,0,0.01126226599990332,0.0
green,18,57.0,57.0,57.0,57.0,False,0.0,0.0,0,400,0,0.011297883000224829,0.0
green,19,57.0,57.0,57.0,57.0,False,0.0,0.0,0,400,0,0.01126729499992507,0.0
green3,0,11.0,11.0,11.0,11.0,False,0.0,0.0,0,400,0,0.007012905000010505,0.0
green3,1,11.0,11.0,11.0,11.0,False,0.0,0.0,0,400,0,0.006928612000592693,0.0
green3,2,11.0,11.0,11.0,11.0,False,0.0,0.0,0,400,0,0.007036971999696107,0.0
green3,3,11.0,11.0,11.0,11.0,False,0.0,0.0,0,400,0,0.007056665000163775,0.0
green3,4,11.0,11.0,11.0,11.0,False,0.0,0.0,0,400,0,0.007025447000160057,0.0
green3,5,11.0,11.0,11.0,11.0,False,0.0,0.0,0,400,0,0.006975811999836878,0.0
green3,6,11.0,11.0,11.0,11.0,False,0.0,0.0,0,400,0,0.006984825000472483,0.0
green3,7,11.0,11.0,11.0,11.0,False,0.0,0.0,0,400,0,0.007033525000224472,0.0
green3,8,11.0,11.0,11.0,11.0,False,0.0,0.0,0,400,0,0.006921138000507199,0.0
green3,9,11.0,11.0,11.0,11.0,False,0.0,0.0,0,400,0,0.006992553999225493,0.0
green3,10,11.0,11.0,11.0,11.0,False,0.0,0.0,0,400,0,0.007068579000588215,0.0
green3,11,11.0,11.0,11.0,11.0,False,0.0,0.0,0,400,0,0.007111064999662631,0.0
green3,12,11.0,11.0,11.0,11.0,False,0.0,0.0,0,400,0,0.006997872000283678,0.0
green3,13,11.0,11.0,11.0,11.0,False,0.0,0.0,0,400,0,0.007033597000372538,0.0
green3,14,11.0,11.0,11.0,11.0,False,0.0,0.0,0,400,0,0.006951319000108924,0.0
green3,15,11.0,11.0,11.0,11.0,False,0.0,0.0,0,400,0,0.0069530939999822294,0.0
green3,16,11.0,11.0,11.0,11.0,False,0.0,0.0,0,400,0,0.007230574000459455,0.0
green3,17,11.0,11.0,11.0,11.0,False,0.0,0.0,0,400,0,0.007718417999967642,0.0
green3,18,11.0,11.0,11.0,11.0,False,0.0,0.0,0,400,0,0.0072904170001493185,0.0
green3,19,11.0,11.0,11.0,11.0,False,0.0,0.0,0,400,0,0.007685376000154065,0.0
green3nonzero,0,12.0,12.0,12.0,12.0,False,0.0,0.0,0,400,0,0.009180302999993728,0.0
green3nonzero,1,12.0,12.0,12.0,12.0,False,0.0,0.0,0,400,0,0.009150793999651796,0.0
green3nonzero,2,12.0,12.0,12.0,12.0,False,0.0,0.0,0,400,0,0.00779976300054841,0.0
green3nonzero,3,12.0,12.0,12.0,12.0,False,0.0,0.0,0,400,0,0.007695718999457313,0.0
green3nonzero,4,12.0,12.0,12.0,12.0,False,0.0,0.0,0,400,0,0.0076410580004449,0.0
green3nonzero,5,12.0,12.0,12.0,12.0,False,0.0,0.0,0,400,0,0.007532282000283885,0.0
green3nonzero,6,12.0,12.0,12.0,12.0,False,0.0,0.0,0,400,0,0.007397000000310072,0.0
green3nonzero,7,12.0,12.0,12.0,12.0,False,0.0,0.0,0,400,0,0.007405361999190063,0.0
green3nonzero,8,12.0,12.0,12.0,12.0,False,0.0,0.0,0,400,0,0.007370192000053066,0.0
green3nonzero,9,12.0,12.0,12.0,12.0,False,0.0,0.0,0,400,0,0.007990842999788583,0.0
green3nonzero,10,12.0,12.0,12.0,12.0,False,0.0,0.0,0,400,0,0.007443609999427281,0.0
green3nonzero,11,12.0,12.0,12.0,12.0,False,0.0,0.0,0,400,0,0.007509566999942763,0.0
green3nonzero,12,12.0,12.0,12.0,12.0,False,0.0,0.0,0,400,0,0.0072907499998109415,0.0
green3nonzero,13,12.0,12.0,12.0,12.0,False,0.0,0.0,0,400,0,0.007318950999433582,0.0
green3nonzero,14,12.0,12.0,12.0,12.0,False,0.0,0.0,0,400,0,0.00733323999975255,0.0
green3nonzero,15,12.0,12.0,12.0,12.0,False,0.0,0.0,0,400,0,0.007409228999676998,0.0
green3nonzero,16,12.0,12.0,12.0,12.0,False,0.0,0.0,0,400,0,0.007279813000423019,0.0
green3nonzero,17,12.0,12.0,12.0,12.0,False,0.0,0.0,0,400,0,0.007323122999878251,0.0
green3nonzero,18,12.0,12.0,12.0,12.0,False,0.0,0.0,0,400,0,0.0073932249997596955,0.0
green3nonzero,19,12.0,12.0,12.0,12.0,False,0.0,0.0,0,400,0,0.007336437000049045,0.0
green4,0,34.0,34.0,34.0,34.0,False,0.0,0.0,0,400,0,0.010248235999824828,0.0
green4,1,34.0,34.0,34.0,34.0,False,0.0,0.0,0,400,0,0.010241201000098954,0.0
green4,2,34.0,34.0,34.0,34.0,False,0.0,0.0,0,400,0,0.009985588000745338,0.0
green4,3,34.0,34.0,34.0,34.0,False,0.0,0.0,0,400,0,0.01004607000049873,0.0
green4,4,34.0,34.0,34.0,34.0,False,0.0,0.0,0,400,0,0.010039644000244152,0.0
green4,5,34.0,34.0,34.0,34.0,False,0.0,0.0,0,400,0,0.009995803000492742,0.0
green4,6,34.0,34.0,34.0,34.0,False,0.0,0.0,0,400,0,0.010066698999253276,0.0
green4,7,34.0,34.0,34.0,34.0,False,0.0,0.0,0,400,0,0.010091424999700394,0.0
green4,8,34.0,34.0,34.0,34.0,False,0.0,0.0,0,400,0,0.010082928999509022,0.0
green4,9,34.0,34.0,34.0,34.0,False,0.0,0.0,0,400,0,0.01004583400026604,0.0
green4,10,34.0,34.0,34.0,34.0,False,0.0,0.0,0,400,0,0.010094922000462248,0.0
green4,11,34.0,34.0,34.0,34.0,False,0.0,0.0,0,400,0,0.010054712000055588,0.0
green4,12,34.0,34.0,34.0,34.0,False,0.0,0.0,0,400,0,0.010030539000581484,0.0
green4,13,34.0,34.0,34.0,34.0,False,0.0,0.0,0,400,0,0.010145896000722132,0.0
green4,14,34.0,34.0,34.0,34.0,False,0.0,0.0,0,400,0,0.010070645999803673,0.0
green4,15,34.0,34.0,34.0,34.0,False,0.0,0.0,0,400,0,0.010210829000243393,0.0
green4,16,34.0,34.0,34.0,34.0,False,0.0,0.0,0,400,0,0.010108633000527334,0.0
green4,17,34.0,34.0,34.0,34.0,False,0.0,0.0,0,400,0,0.010107324999808043,0.0
green4,18,34.0,34.0,34.0,34.0,False,0.0,0.0,0,400,0,0.010156049999750394,0.0
green4,19,34.0,34.0,34.0,34.0,False,0.0,0.0,0,400,0,0.010347352999815485,0.0
grid,0,32954.0,32957.0,33294.0,32957.0,True,3.0,0.00910277027642079,1,399,26,0.43730405300084385,0.019334438000441878
grid,1,32954.0,32957.0,33294.0,32957.0,True,3.0,0.00910277027642079,1,399,1,0.44713194300038595,0.0007778230001349584
grid,2,32954.0,32957.0,33294.0,32957.0,True,3.0,0.00910277027642079,1,399,4,0.4452454550000766,0.003070463999392814
grid,3,32954.0,32957.0,33294.0,32957.0,True,3.0,0.00910277027642079,1,399,16,0.44961433800017403,0.011976337000305648
grid,4,32954.0,32957.0,33294.0,32957.0,True,3.0,0.00910277027642079,1,399,2,0.44473523699980433,0.0015720619994681329
grid,5,32954.0,32957.0,33294.0,32957.0,True,3.0,0.00910277027642079,1,399,12,0.44473186600043846,0.009064329000466387
grid,6,32954.0,32957.0,33294.0,32957.0,True,3.0,0.00910277027642079,1,399,25,0.4434121040003447,0.019181147999915993
grid,7,32954.0,32957.0,33294.0,32957.0,True,3.0,0.00910277027642079,1,399,2,0.4462755839995225,0.0015493829996557906
grid,8,32954.0,32957.0,33294.0,32957.0,True,3.0,0.00910277027642079,1,399,3,0.4448422240002401,0.0023723889999018866
grid,9,32954.0,32957.0,33294.0,32957.0,True,3.0,0.00910277027642079,1,399,3,0.44051707300059206,0.0023179580002761213
grid,10,32954.0,32957.0,33294.0,32957.0,True,3.0,0.00910277027642079,1,399,23,0.445618514000671,0.01767537399973662
grid,11,32954.0,32957.0,33294.0,32957.0,True,3.0,0.00910277027642079,1,399,11,0.44460649999928137,0.008440685000095982
grid,12,32954.0,32957.0,33294.0,32957.0,True,3.0,0.00910277027642079,1,399,4,0.4547829349994572,0.003144870999676641
grid,13,32954.0,32957.0,33294.0,32957.0,True,3.0,0.00910277027642079,1,399,7,0.4486205590001191,0.005533732999538188
grid,14,32954.0,32957.0,33294.0,32957.0,True,3.0,0.00910277027642079,1,399,1,0.44457424099982745,0.0007629179999639746
grid,15,32954.0,32957.0,33294.0,32957.0,True,3.0,0.00910277027642079,1,399,4,0.446675574999972,0.003079564000472601
grid,16,32954.0,32957.0,33294.0,32957.0,True,3.0,0.00910277027642079,1,399,12,0.43675275599980523,0.009008191999782866
grid,17,32954.0,32957.0,33294.0,32957.0,True,3.0,0.00910277027642079,1,399,8,0.44282014300006267,0.006126926999968418
grid,18,32954.0,32957.0,33294.0,32957.0,True,3.0,0.00910277027642079,1,399,37,0.44256598300034966,0.027874209000401606
grid,19,32954.0,32957.0,33294.0,32957.0,True,3.0,0.00910277027642079,1,399,8,0.4439058380003189,0.006251765000342857
howard-min,0,11.0,11.0,11.0,11.0,False,0.0,0.0,0,400,0,0.006297375000031025,0.0
howard-min,1,11.0,11.0,11.0,11.0,False,0.0,0.0,0,400,0,0.0060103499999968335,0.0
howard-min,2,11.0,11.0,11.0,11.0,False,0.0,0.0,0,400,0,0.0058337959999335,0.0
howard-min,3,11.0,11.0,11.0,11.0,False,0.0,0.0,0,400,0,0.00577238000005309,0.0
howard-min,4,11.0,11.0,11.0,11.0,False,0.0,0.0,0,400,0,0.005692189000001235,0.0
howard-min,5,11.0,11.0,11.0,11.0,False,0.0,0.0,0,400,0,0.005812127999888617,0.0
howard-min,6,11.0,11.0,11.0,11.0,False,0.0,0.0,0,400,0,0.005761193000580533,0.0
howard-min,7,11.0,11.0,11.0,11.0,False,0.0,0.0,0,400,0,0.005753438999818172,0.0
howard-min,8,11.0,11.0,11.0,11.0,False,0.0,0.0,0,400,0,0.005978348999633454,0.0
howard-min,9,11.0,11.0,11.0,11.0,False,0.0,0.0,0,400,0,0.0058259669995095464,0.0
howard-min,10,11.0,11.0,11.0,11.0,False,0.0,0.0,0,400,0,0.005914858000323875,0.0
howard-min,11,11.0,11.0,11.0,11.0,False,0.0,0.0,0,400,0,0.005807000000459084,0.0
howard-min,12,11.0,11.0,11.0,11.0,False,0.0,0.0,0,400,0,0.005729548999624967,0.0
howard-min,13,11.0,11.0,11.0,11.0,False,0.0,0.0,0,400,0,0.005696578000424779,0.0
howard-min,14,11.0,11.0,11.0,11.0,False,0.0,0.0,0,400,0,0.00578566799958935,0.0
howard-min,15,11.0,11.0,11.0,11.0,False,0.0,0.0,0,400,0,0.00586389100044471,0.0
howard-min,16,11.0,11.0,11.0,11.0,False,0.0,0.0,0,400,0,0.005907060999561509,0.0
howard-min,17,11.0,11.0,11.0,11.0,False,0.0,0.0,0,400,0,0.0058917269998346455,0.0
howard-min,18,11.0,11.0,11.0,11.0,False,0.0,0.0,0,400,0,0.005782293000265781,0.0
howard-min,19,11.0,11.0,11.0,11.0,False,0.0,0.0,0,400,0,0.00573208399964642,0.0
mm30a,0,16351.0,16351.0,17911.0,16351.0,False,0.0,0.0,0,400,0,1.901043689999824,0.0
mm30a,1,16351.0,16351.0,17911.0,16351.0,False,0.0,0.0,0,400,0,1.9131252409997614,0.0
mm30a,2,16351.0,16351.0,17911.0,16351.0,False,0.0,0.0,0,400,0,1.8927341790003993,0.0
mm30a,3,16351.0,16351.0,17911.0,16351.0,False,0.0,0.0,0,400,0,1.9158732730002157,0.0
mm30a,4,16351.0,16351.0,17911.0,16351.0,False,0.0,0.0,0,400,0,1.9076298079999106,0.0
mm30a,5,16351.0,16351.0,17911.0,16351.0,False,0.0,0.0,0,400,0,1.9135193049996815,0.0
mm30a,6,16351.0,16351.0,17911.0,16351.0,False,0.0,0.0,0,400,0,1.9771186759999182,0.0
mm30a,7,16351.0,16351.0,17911.0,16351.0,False,0.0,0.0,0,400,0,1.9129695179999544,0.0
mm30a,8,16351.0,16351.0,17911.0,16351.0,False,0.0,0.0,0,400,0,1.905083607999586,0.0
mm30a,9,16351.0,16351.0,17911.0,16351.0,False,0.0,0.0,0,400,0,1.9238134959996387,0.0
mm30a,10,16351.0,16351.0,17911.0,16351.0,False,0.0,0.0,0,400,0,1.9178695070004323,0.0
mm30a,11,16351.0,16351.0,17911.0,16351.0,False,0.0,0.0,0,400,0,1.9203277919996253,0.0
mm30a,12,16351.0,16351.0,17911.0,16351.0,False,0.0,0.0,0,400,0,1.9328586720002932,0.0
mm30a,13,16351.0,16351.0,17911.0,16351.0,False,0.0,0.0,0,400,0,1.9322753849992296,0.0
mm30a,14,16351.0,16351.0,17911.0,16351.0,False,0.0,0.0,0,400,0,1.9230650190002052,0.0
mm30a,15,16351.0,16351.0,17911.0,16351.0,False,0.0,0.0,0,400,0,1.9075996290002877,0.0
mm30a,16,16351.0,16351.0,17911.0,16351.0,False,0.0,0.0,0,400,0,1.9431514629995945,0.0
mm30a,17,16351.0,16351.0,17911.0,16351.0,False,0.0,0.0,0,400,0,1.9126882030004708,0.0
mm30a,18,16351.0,16351.0,17911.0,16351.0,False,0.0,0.0,0,400,0,1.9770226139999068,0.0
mm30a,19,16351.0,16351.0,17911.0,16351.0,False,0.0,0.0,0,400,0,1.9328484770003342,0.0
mm4a,0,4053.0,4053.0,4478.0,4053.0,False,0.0,0.0,0,400,0,0.07989625500067632,0.0
mm4a,1,4053.0,4053.0,4478.0,4053.0,False,0.0,0.0,0,400,0,0.07972019499993621,0.0
mm4a,2,4053.0,4053.0,4478.0,4053.0,False,0.0,0.0,0,400,0,0.07994812500055559,0.0
mm4a,3,4053.0,4053.0,4478.0,4053.0,False,0.0,0.0,0,400,0,0.08035875499990652,0.0
mm4a,4,4053.0,4053.0,4478.0,4053.0,False,0.0,0.0,0,400,0,0.07968159600022773,0.0
mm4a,5,4053.0,4053.0,4478.0,4053.0,False,0.0,0.0,0,400,0,0.0796268889998828,0.0
mm4a,6,4053.0,4053.0,4478.0,4053.0,False,0.0,0.0,0,400,0,0.07904921099998319,0.0
mm4a,7,4053.0,4053.0,4478.0,4053.0,False,0.0,0.0,0,400,0,0.08030938199954107,0.0
mm4a,8,4053.0,4053.0,4478.0,4053.0,False,0.0,0.0,0,400,0,0.07968659600010142,0.0
mm4a,9,4053.0,4053.0,4478.0,4053.0,False,0.0,0.0,0,400,0,0.07989077000001998,0.0
mm4a,10,4053.0,4053.0,4478.0,4053.0,False,0.0,0.0,0,400,0,0.07950091099974088,0.0
mm4a,11,4053.0,4053.0,4478.0,4053.0,False,0.0,0.0,0,400,0,0.07952767299957486,0.0
mm4a,12,4053.0,4053.0,4478.0,4053.0,False,0.0,0.0,0,400,0,0.08070547499937675,0.0
mm4a,13,4053.0,4053.0,4478.0,4053.0,False,0.0,0.0,0,400,0,0.07973560600021301,0.0
mm4a,14,4053.0,4053.0,4478.0,4053.0,False,0.0,0.0,0,400,0,0.07968746999995346,0.0
mm4a,15,4053.0,4053.0,4478.0,4053.0,False,0.0,0.0,0,400,0,0.07971585800078174,0.0
mm4a,16,4053.0,4053.0,4478.0,4053.0,False,0.0,0.0,0,400,0,0.07979070800047339,0.0
mm4a,17,4053.0,4053.0,4478.0,4053.0,False,0.0,0.0,0,400,0,0.07943882400013536,0.0
mm4a,18,4053.0,4053.0,4478.0,4053.0,False,0.0,0.0,0,400,0,0.07986865699967893,0.0
mm4a,19,4053.0,4053.0,4478.0,4053.0,False,0.0,0.0,0,400,0,0.080240808999406,0.0
mm9a,0,9542.0,9688.0,10373.0,9688.0,True,146.0,1.5070189925681254,1,399,4,0.2842786809997051,0.002647684000294248
mm9a,1,9542.0,9688.0,10373.0,9688.0,True,146.0,1.5070189925681254,1,399,1,0.29436534300020867,0.0008663210001031985
mm9a,2,9542.0,9688.0,10373.0,9688.0,True,146.0,1.5070189925681254,1,399,3,0.2850509760000932,0.0016281560001516482
mm9a,3,9542.0,9688.0,10373.0,9688.0,True,146.0,1.5070189925681254,1,399,1,0.28584733800016693,0.0008683180003572488
mm9a,4,9542.0,9688.0,10373.0,9688.0,True,146.0,1.5070189925681254,1,399,1,0.29216081899994606,0.0008602040006735479
mm9a,5,9542.0,9688.0,10373.0,9688.0,True,146.0,1.5070189925681254,1,399,7,0.2831481700004588,0.003089253999860375
mm9a,6,9542.0,9688.0,10373.0,9688.0,True,146.0,1.5070189925681254,1,399,4,0.2818952340003307,0.0026526100000410224
mm9a,7,9542.0,9688.0,10373.0,9688.0,True,146.0,1.5070189925681254,1,399,2,0.29803513399929216,0.0019147209995935555
mm9a,8,9542.0,9688.0,10373.0,9688.0,True,146.0,1.5070189925681254,1,399,1,0.2875356719996489,0.0008776510003372096
mm9a,9,9542.0,9688.0,10373.0,9688.0,True,146.0,1.5070189925681254,1,399,3,0.2936880580000434,0.0029352389992709504
mm9a,10,9542.0,9688.0,10373.0,9688.0,True,146.0,1.5070189925681254,1,399,4,0.2960430359999009,0.004005572999631113
mm9a,11,9542.0,9688.0,10373.0,9688.0,True,146.0,1.5070189925681254,1,399,7,0.28596430200013856,0.005691979999937757
mm9a,12,9542.0,9688.0,10373.0,9688.0,True,146.0,1.5070189925681254,1,399,4,0.29823106300045765,0.002681722000488662
mm9a,13,9542.0,9688.0,10373.0,9688.0,True,146.0,1.5070189925681254,1,399,1,0.29522397800064937,0.0008600399996794295
mm9a,14,9542.0,9688.0,10373.0,9688.0,True,146.0,1.5070189925681254,1,399,1,0.29676726599973335,0.0008753069996600971
mm9a,15,9542.0,9688.0,10373.0,9688.0,True,146.0,1.5070189925681254,1,399,2,0.2801432180003758,0.001270533000024443
mm9a,16,9542.0,9688.0,10373.0,9688.0,True,146.0,1.5070189925681254,1,399,7,0.29580398200050695,0.006438581000111299
mm9a,17,9542.0,9688.0,10373.0,9688.0,True,146.0,1.5070189925681254,1,399,4,0.3033202779997737,0.0027022650001526927
mm9a,18,9542.0,9688.0,10373.0,9688.0,True,146.0,1.5070189925681254,1,399,1,0.28962617500019405,0.000883117999364913
mm9a,19,9542.0,9688.0,10373.0,9688.0,True,146.0,1.5070189925681254,1,399,7,0.3020929470003466,0.005110420999699272
mm9b,0,8278.0,8278.0,8541.0,8278.0,False,0.0,0.0,0,400,0,0.7787883330001932,0.0
mm9b,1,8278.0,8278.0,8541.0,8278.0,False,0.0,0.0,0,400,0,0.8036682489992018,0.0
mm9b,2,8278.0,8278.0,8541.0,8278.0,False,0.0,0.0,0,400,0,0.7713709010004095,0.0
mm9b,3,8278.0,8278.0,8541.0,8278.0,False,0.0,0.0,0,400,0,0.7728585719996772,0.0
mm9b,4,8278.0,8278.0,8541.0,8278.0,False,0.0,0.0,0,400,0,0.7492170410005201,0.0
mm9b,5,8278.0,8278.0,8541.0,8278.0,False,0.0,0.0,0,400,0,0.7590793999997913,0.0
mm9b,6,8278.0,8278.0,8541.0,8278.0,False,0.0,0.0,0,400,0,0.7745549929995832,0.0
mm9b,7,8278.0,8278.0,8541.0,8278.0,False,0.0,0.0,0,400,0,0.8327379980000842,0.0
mm9b,8,8278.0,8278.0,8541.0,8278.0,False,0.0,0.0,0,400,0,0.7663139490005051,0.0
mm9b,9,8278.0,8278.0,8541.0,8278.0,False,0.0,0.0,0,400,0,0.8036276680004448,0.0
mm9b,10,8278.0,8278.0,8541.0,8278.0,False,0.0,0.0,0,400,0,0.7919803060003687,0.0
mm9b,11,8278.0,8278.0,8541.0,8278.0,False,0.0,0.0,0,400,0,0.769339160000527,0.0
mm9b,12,8278.0,8278.0,8541.0,8278.0,False,0.0,0.0,0,400,0,0.7882201330003227,0.0
mm9b,13,8278.0,8278.0,8541.0,8278.0,False,0.0,0.0,0,400,0,0.810264730000199,0.0
mm9b,14,8278.0,8278.0,8541.0,8278.0,False,0.0,0.0,0,400,0,0.7980178810003054,0.0
mm9b,15,8278.0,8278.0,8541.0,8278.0,False,0.0,0.0,0,400,0,0.7454114849997495,0.0
mm9b,16,8278.0,8278.0,8541.0,8278.0,False,0.0,0.0,0,400,0,0.7976058410004043,0.0
mm9b,17,8278.0,8278.0,8541.0,8278.0,False,0.0,0.0,0,400,0,0.8083407469994199,0.0
mm9b,18,8278.0,8278.0,8541.0,8278.0,False,0.0,0.0,0,400,0,0.7683242900002369,0.0
mm9b,19,8278.0,8278.0,8541.0,8278.0,False,0.0,0.0,0,400,0,0.8258653520006192,0.0
mult16a,0,14348.0,14348.0,14361.0,14348.0,False,0.0,0.0,0,400,0,0.47506126099960966,0.0
mult16a,1,14348.0,14348.0,14361.0,14348.0,False,0.0,0.0,0,400,0,0.47952521899969724,0.0
mult16a,2,14348.0,14348.0,14361.0,14348.0,False,0.0,0.0,0,400,0,0.47799562300042453,0.0
mult16a,3,14348.0,14348.0,14361.0,14348.0,False,0.0,0.0,0,400,0,0.4801393679999819,0.0
mult16a,4,14348.0,14348.0,14361.0,14348.0,False,0.0,0.0,0,400,0,0.4815240529997027,0.0
mult16a,5,14348.0,14348.0,14361.0,14348.0,False,0.0,0.0,0,400,0,0.4788085299996965,0.0
mult16a,6,14348.0,14348.0,14361.0,14348.0,False,0.0,0.0,0,400,0,0.47813476900046226,0.0
mult16a,7,14348.0,14348.0,14361.0,14348.0,False,0.0,0.0,0,400,0,0.47990136000044004,0.0
mult16a,8,14348.0,14348.0,14361.0,14348.0,False,0.0,0.0,0,400,0,0.4874551610000708,0.0
mult16a,9,14348.0,14348.0,14361.0,14348.0,False,0.0,0.0,0,400,0,0.46544444399933127,0.0
mult16a,10,14348.0,14348.0,14361.0,14348.0,False,0.0,0.0,0,400,0,0.47477992799940694,0.0
mult16a,11,14348.0,14348.0,14361.0,14348.0,False,0.0,0.0,0,400,0,0.4871694869998464,0.0
mult16a,12,14348.0,14348.0,14361.0,14348.0,False,0.0,0.0,0,400,0,0.47970473899931676,0.0
mult16a,13,14348.0,14348.0,14361.0,14348.0,False,0.0,0.0,0,400,0,0.4783412799997677,0.0
mult16a,14,14348.0,14348.0,14361.0,14348.0,False,0.0,0.0,0,400,0,0.480284211000253,0.0
mult16a,15,14348.0,14348.0,14361.0,14348.0,False,0.0,0.0,0,400,0,0.4794165610001073,0.0
mult16a,16,14348.0,14348.0,14361.0,14348.0,False,0.0,0.0,0,400,0,0.481769228000303,0.0
mult16a,17,14348.0,14348.0,14361.0,14348.0,False,0.0,0.0,0,400,0,0.47972076699988975,0.0
mult16a,18,14348.0,14348.0,14361.0,14348.0,False,0.0,0.0,0,400,0,0.4772190760004378,0.0
mult16a,19,14348.0,14348.0,14361.0,14348.0,False,0.0,0.0,0,400,0,0.4800563240005431,0.0
mult16b,0,16618.0,16618.0,16713.0,16618.0,False,0.0,0.0,0,400,0,0.07145613099964976,0.0
mult16b,1,16618.0,16618.0,16713.0,16618.0,False,0.0,0.0,0,400,0,0.07223640299980616,0.0
mult16b,2,16618.0,16618.0,16713.0,16618.0,False,0.0,0.0,0,400,0,0.07099632200061023,0.0
mult16b,3,16618.0,16618.0,16713.0,16618.0,False,0.0,0.0,0,400,0,0.07168929500039667,0.0
mult16b,4,16618.0,16618.0,16713.0,16618.0,False,0.0,0.0,0,400,0,0.0720176579998224,0.0
mult16b,5,16618.0,16618.0,16713.0,16618.0,False,0.0,0.0,0,400,0,0.07098907599993254,0.0
mult16b,6,16618.0,16618.0,16713.0,16618.0,False,0.0,0.0,0,400,0,0.07176959600019472,0.0
mult16b,7,16618.0,16618.0,16713.0,16618.0,False,0.0,0.0,0,400,0,0.07126980300017749,0.0
mult16b,8,16618.0,16618.0,16713.0,16618.0,False,0.0,0.0,0,400,0,0.07126631799928873,0.0
mult16b,9,16618.0,16618.0,16713.0,16618.0,False,0.0,0.0,0,400,0,0.07211385400023573,0.0
mult16b,10,16618.0,16618.0,16713.0,16618.0,False,0.0,0.0,0,400,0,0.07103729100072087,0.0
mult16b,11,16618.0,16618.0,16713.0,16618.0,False,0.0,0.0,0,400,0,0.0716441640006451,0.0
mult16b,12,16618.0,16618.0,16713.0,16618.0,False,0.0,0.0,0,400,0,0.07177498300006846,0.0
mult16b,13,16618.0,16618.0,16713.0,16618.0,False,0.0,0.0,0,400,0,0.07224132000010286,0.0
mult16b,14,16618.0,16618.0,16713.0,16618.0,False,0.0,0.0,0,400,0,0.07323802799965051,0.0
mult16b,15,16618.0,16618.0,16713.0,16618.0,False,0.0,0.0,0,400,0,0.07226474599974608,0.0
mult16b,16,16618.0,16618.0,16713.0,16618.0,False,0.0,0.0,0,400,0,0.07171562200073822,0.0
mult16b,17,16618.0,16618.0,16713.0,16618.0,False,0.0,0.0,0,400,0,0.07116115000007994,0.0
mult16b,18,16618.0,16618.0,16713.0,16618.0,False,0.0,0.0,0,400,0,0.07168301900037477,0.0
mult16b,19,16618.0,16618.0,16713.0,16618.0,False,0.0,0.0,0,400,0,0.07232263300011255,0.0
mult32a,0,40635.0,40635.0,41070.0,40635.0,False,0.0,0.0,0,400,0,2.301752026000031,0.0
mult32a,1,40635.0,40635.0,41070.0,40635.0,False,0.0,0.0,0,400,0,2.2994735459997173,0.0
mult32a,2,40635.0,40635.0,41070.0,40635.0,False,0.0,0.0,0,400,0,2.3372189949996027,0.0
mult32a,3,40635.0,40635.0,41070.0,40635.0,False,0.0,0.0,0,400,0,2.3456783929996163,0.0
mult32a,4,40635.0,40635.0,41070.0,40635.0,False,0.0,0.0,0,400,0,2.4025329309997687,0.0
mult32a,5,40635.0,40635.0,41070.0,40635.0,False,0.0,0.0,0,400,0,2.3547734489993672,0.0
mult32a,6,40635.0,40635.0,41070.0,40635.0,False,0.0,0.0,0,400,0,2.333973003999745,0.0
mult32a,7,40635.0,40635.0,41070.0,40635.0,False,0.0,0.0,0,400,0,2.354024610000124,0.0
mult32a,8,40635.0,40635.0,41070.0,40635.0,False,0.0,0.0,0,400,0,2.34364214299967,0.0
mult32a,9,40635.0,40635.0,41070.0,40635.0,False,0.0,0.0,0,400,0,2.343803303000641,0.0
mult32a,10,40635.0,40635.0,41070.0,40635.0,False,0.0,0.0,0,400,0,2.3509910660004607,0.0
mult32a,11,40635.0,40635.0,41070.0,40635.0,False,0.0,0.0,0,400,0,2.3414879620004285,0.0
mult32a,12,40635.0,40635.0,41070.0,40635.0,False,0.0,0.0,0,400,0,2.3593938450003407,0.0
mult32a,13,40635.0,40635.0,41070.0,40635.0,False,0.0,0.0,0,400,0,2.3485850410006606,0.0
mult32a,14,40635.0,40635.0,41070.0,40635.0,False,0.0,0.0,0,400,0,2.3621895940004833,0.0
mult32a,15,40635.0,40635.0,41070.0,40635.0,False,0.0,0.0,0,400,0,2.363146195999434,0.0
mult32a,16,40635.0,40635.0,41070.0,40635.0,False,0.0,0.0,0,400,0,2.351795933000176,0.0
mult32a,17,40635.0,40635.0,41070.0,40635.0,False,0.0,0.0,0,400,0,2.357247359000212,0.0
mult32a,18,40635.0,40635.0,41070.0,40635.0,False,0.0,0.0,0,400,0,2.3506389929998477,0.0
mult32a,19,40635.0,40635.0,41070.0,40635.0,False,0.0,0.0,0,400,0,2.365359084999909,0.0
parker1986,0,122961.0,123231.0,125002.0,123231.0,True,270.0,0.2191007132945444,1,399,1,25.36495454099986,0.06697791999977198
parker1986,1,122961.0,123231.0,125002.0,123231.0,True,270.0,0.2191007132945444,1,399,1,25.51800543199988,0.0670873910003138
parker1986,2,122961.0,123231.0,125002.0,123231.0,True,270.0,0.2191007132945444,1,399,3,25.47273012400001,0.07086386199989647
parker1986,3,122961.0,123231.0,125002.0,123231.0,True,270.0,0.2191007132945444,1,399,1,26.05634757900043,0.06707211499997356
parker1986,4,122961.0,123231.0,125002.0,123231.0,True,270.0,0.2191007132945444,1,399,1,25.69500274800066,0.06962759500038374
parker1986,5,122961.0,123231.0,125002.0,123231.0,True,270.0,0.2191007132945444,1,399,1,25.192543476000537,0.06698318500002642
parker1986,6,122961.0,123231.0,125002.0,123231.0,True,270.0,0.2191007132945444,1,399,1,25.58874551400004,0.06760328499967727
parker1986,7,122961.0,123231.0,125002.0,123231.0,True,270.0,0.2191007132945444,1,399,1,25.77016089999961,0.06682539700068446
parker1986,8,122961.0,123231.0,125002.0,123231.0,True,270.0,0.2191007132945444,1,399,1,25.483857576000446,0.06803180299993983
parker1986,9,122961.0,123231.0,125002.0,123231.0,True,270.0,0.2191007132945444,1,399,1,25.49388232000001,0.06736989999990328
parker1986,10,122961.0,123231.0,125002.0,123231.0,True,270.0,0.2191007132945444,1,399,1,25.98150452900063,0.06716428799973073
parker1986,11,122961.0,123231.0,125002.0,123231.0,True,270.0,0.2191007132945444,1,399,1,25.156360836000204,0.06711398000061308
parker1986,12,122961.0,123231.0,125002.0,123231.0,True,270.0,0.2191007132945444,1,399,1,25.404139931999453,0.06660907799960114
parker1986,13,122961.0,123231.0,125002.0,123231.0,True,270.0,0.2191007132945444,1,399,1,26.31760515299993,0.06730926500040368
parker1986,14,122961.0,123231.0,125002.0,123231.0,True,270.0,0.2191007132945444,1,399,1,25.06012334100069,0.0665158869996958
parker1986,15,122961.0,123231.0,125002.0,123231.0,True,270.0,0.2191007132945444,1,399,2,25.160090282000056,0.06883583499984525
parker1986,16,122961.0,123231.0,125002.0,123231.0,True,270.0,0.2191007132945444,1,399,1,25.07255205599995,0.06682115700004942
parker1986,17,122961.0,123231.0,125002.0,123231.0,True,270.0,0.2191007132945444,1,399,1,25.45918846799941,0.0669911270006196
parker1986,18,122961.0,123231.0,125002.0,123231.0,True,270.0,0.2191007132945444,1,399,1,25.40963127699979,0.06731182200019248
parker1986,19,122961.0,123231.0,125002.0,123231.0,True,270.0,0.2191007132945444,1,399,1,25.50570381000034,0.06857262699941202
phase_decoder,0,46676.0,46676.0,55166.0,46676.0,False,0.0,0.0,0,400,0,0.960452776999773,0.0
phase_decoder,1,46676.0,46676.0,55166.0,46676.0,False,0.0,0.0,0,400,0,0.9714471429997502,0.0
phase_decoder,2,46676.0,46676.0,55166.0,46676.0,False,0.0,0.0,0,400,0,0.9542133020004258,0.0
phase_decoder,3,46676.0,46676.0,55166.0,46676.0,False,0.0,0.0,0,400,0,0.9511859249996633,0.0
phase_decoder,4,46676.0,46676.0,55166.0,46676.0,False,0.0,0.0,0,400,0,0.9404938309999125,0.0
phase_decoder,5,46676.0,46676.0,55166.0,46676.0,False,0.0,0.0,0,400,0,0.9405331960006151,0.0
phase_decoder,6,46676.0,46676.0,55166.0,46676.0,False,0.0,0.0,0,400,0,0.9226980359999288,0.0
phase_decoder,7,46676.0,46676.0,55166.0,46676.0,False,0.0,0.0,0,400,0,0.9568327050001244,0.0
phase_decoder,8,46676.0,46676.0,55166.0,46676.0,False,0.0,0.0,0,400,0,0.9289693590008028,0.0
phase_decoder,9,46676.0,46676.0,55166.0,46676.0,False,0.0,0.0,0,400,0,0.9873606030005249,0.0
phase_decoder,10,46676.0,46676.0,55166.0,46676.0,False,0.0,0.0,0,400,0,0.9916662670002552,0.0
phase_decoder,11,46676.0,46676.0,55166.0,46676.0,False,0.0,0.0,0,400,0,0.9435989730000074,0.0
phase_decoder,12,46676.0,46676.0,55166.0,46676.0,False,0.0,0.0,0,400,0,0.9487373350002599,0.0
phase_decoder,13,46676.0,46676.0,55166.0,46676.0,False,0.0,0.0,0,400,0,0.9558598009998605,0.0
phase_decoder,14,46676.0,46676.0,55166.0,46676.0,False,0.0,0.0,0,400,0,0.9485507260005761,0.0
phase_decoder,15,46676.0,46676.0,55166.0,46676.0,False,0.0,0.0,0,400,0,0.9176911430004111,0.0
phase_decoder,16,46676.0,46676.0,55166.0,46676.0,False,0.0,0.0,0,400,0,0.94605811800011,0.0
phase_decoder,17,46676.0,46676.0,55166.0,46676.0,False,0.0,0.0,0,400,0,0.9735181070000181,0.0
phase_decoder,18,46676.0,46676.0,55166.0,46676.0,False,0.0,0.0,0,400,0,0.9440736020005716,0.0
phase_decoder,19,46676.0,46676.0,55166.0,46676.0,False,0.0,0.0,0,400,0,0.9818210780003938,0.0
present,0,40.0,40.0,40.0,40.0,False,0.0,0.0,0,400,0,0.006183328000588517,0.0
present,1,40.0,40.0,40.0,40.0,False,0.0,0.0,0,400,0,0.005670698000358243,0.0
present,2,40.0,40.0,40.0,40.0,False,0.0,0.0,0,400,0,0.005662085000039951,0.0
present,3,40.0,40.0,40.0,40.0,False,0.0,0.0,0,400,0,0.005782329999419744,0.0
present,4,40.0,40.0,40.0,40.0,False,0.0,0.0,0,400,0,0.005758844000411045,0.0
present,5,40.0,40.0,40.0,40.0,False,0.0,0.0,0,400,0,0.005756631000622292,0.0
present,6,40.0,40.0,40.0,40.0,False,0.0,0.0,0,400,0,0.0056962059998113546,0.0
present,7,40.0,40.0,40.0,40.0,False,0.0,0.0,0,400,0,0.0057170469999618945,0.0
present,8,40.0,40.0,40.0,40.0,False,0.0,0.0,0,400,0,0.005947044999629725,0.0
present,9,40.0,40.0,40.0,40.0,False,0.0,0.0,0,400,0,0.005625511999824084,0.0
present,10,40.0,40.0,40.0,40.0,False,0.0,0.0,0,400,0,0.005595451999397483,0.0
present,11,40.0,40.0,40.0,40.0,False,0.0,0.0,0,400,0,0.005613025000457128,0.0
present,12,40.0,40.0,40.0,40.0,False,0.0,0.0,0,400,0,0.0055841339999460615,0.0
present,13,40.0,40.0,40.0,40.0,False,0.0,0.0,0,400,0,0.005723770999793487,0.0
present,14,40.0,40.0,40.0,40.0,False,0.0,0.0,0,400,0,0.005712698999559507,0.0
present,15,40.0,40.0,40.0,40.0,False,0.0,0.0,0,400,0,0.005786669999906735,0.0
present,16,40.0,40.0,40.0,40.0,False,0.0,0.0,0,400,0,0.005714077999982692,0.0
present,17,40.0,40.0,40.0,40.0,False,0.0,0.0,0,400,0,0.005729243000132556,0.0
present,18,40.0,40.0,40.0,40.0,False,0.0,0.0,0,400,0,0.005669667999427475,0.0
present,19,40.0,40.0,40.0,40.0,False,0.0,0.0,0,400,0,0.005626981000204978,0.0
r1000,0,4055.0,4375.0,4535.0,4375.0,True,320.0,7.314285714285714,3,397,3,56.46879508500024,0.42132443799982866
r1000,1,4055.0,4375.0,4535.0,4375.0,True,320.0,7.314285714285714,3,397,3,56.61173619700003,0.4295719479996478
r1000,2,4055.0,4375.0,4535.0,4375.0,True,320.0,7.314285714285714,3,397,3,56.501210493000144,0.42270363999978144
r1000,3,4055.0,4375.0,4535.0,4375.0,True,320.0,7.314285714285714,3,397,3,56.43284969599972,0.422306815000411
r1000,4,4055.0,4375.0,4535.0,4375.0,True,320.0,7.314285714285714,3,397,3,56.298027938000814,0.42189587999928335
r1000,5,4055.0,4375.0,4535.0,4375.0,True,320.0,7.314285714285714,3,397,3,56.42398316900017,0.42304057399996964
r1000,6,4055.0,4375.0,4535.0,4375.0,True,320.0,7.314285714285714,3,397,3,56.46658651500002,0.4247584180002377
r1000,7,4055.0,4375.0,4535.0,4375.0,True,320.0,7.314285714285714,3,397,3,56.49195466299989,0.4224025379999148
r1000,8,4055.0,4375.0,4535.0,4375.0,True,320.0,7.314285714285714,3,397,3,56.60518927799967,0.4242581070002416
r1000,9,4055.0,4375.0,4535.0,4375.0,True,320.0,7.314285714285714,3,397,3,56.824988141000176,0.4255724419999751
r1000,10,4055.0,4375.0,4535.0,4375.0,True,320.0,7.314285714285714,3,397,3,56.159482439000385,0.41768409999986034
r1000,11,4055.0,4375.0,4535.0,4375.0,True,320.0,7.314285714285714,3,397,3,56.30061918799947,0.4213688979998551
r1000,12,4055.0,4375.0,4535.0,4375.0,True,320.0,7.314285714285714,3,397,3,56.24633811299918,0.4202945429997271
r1000,13,4055.0,4375.0,4535.0,4375.0,True,320.0,7.314285714285714,3,397,3,56.381742430000486,0.4212524820004546
r1000,14,4055.0,4375.0,4535.0,4375.0,True,320.0,7.314285714285714,3,397,3,56.40258418799931,0.42364902600002097
r1000,15,4055.0,4375.0,4535.0,4375.0,True,320.0,7.314285714285714,3,397,3,56.6408902940002,0.4234287409999524
r1000,16,4055.0,4375.0,4535.0,4375.0,True,320.0,7.314285714285714,3,397,3,56.45313629099928,0.42217740999967646
r1000,17,4055.0,4375.0,4535.0,4375.0,True,320.0,7.314285714285714,3,397,3,56.26416232700012,0.42363207200014585
r1000,18,4055.0,4375.0,4535.0,4375.0,True,320.0,7.314285714285714,3,397,3,56.55008919000011,0.42245064899998397
r1000,19,4055.0,4375.0,4535.0,4375.0,True,320.0,7.314285714285714,3,397,3,56.23107783999967,0.4210329469997305
r20_60,0,1688.0,1688.0,1766.0,1688.0,False,0.0,0.0,0,400,0,0.21459307699979036,0.0
r20_60,1,1688.0,1688.0,1766.0,1688.0,False,0.0,0.0,0,400,0,0.05083239100031278,0.0
r20_60,2,1688.0,1688.0,1766.0,1688.0,False,0.0,0.0,0,400,0,0.049834047999866016,0.0
r20_60,3,1688.0,1688.0,1766.0,1688.0,False,0.0,0.0,0,400,0,0.05113847299980989,0.0
r20_60,4,1688.0,1688.0,1766.0,1688.0,False,0.0,0.0,0,400,0,0.051496131000021705,0.0
r20_60,5,1688.0,1688.0,1766.0,1688.0,False,0.0,0.0,0,400,0,0.05071238200071093,0.0
r20_60,6,1688.0,1688.0,1766.0,1688.0,False,0.0,0.0,0,400,0,0.04937691899976926,0.0
r20_60,7,1688.0,1688.0,1766.0,1688.0,False,0.0,0.0,0,400,0,0.04972594500031846,0.0
r20_60,8,1688.0,1688.0,1766.0,1688.0,False,0.0,0.0,0,400,0,0.05027635500027827,0.0
r20_60,9,1688.0,1688.0,1766.0,1688.0,False,0.0,0.0,0,400,0,0.04968998599997576,0.0
r20_60,10,1688.0,1688.0,1766.0,1688.0,False,0.0,0.0,0,400,0,0.05152903599991987,0.0
r20_60,11,1688.0,1688.0,1766.0,1688.0,False,0.0,0.0,0,400,0,0.05010879799920076,0.0
r20_60,12,1688.0,1688.0,1766.0,1688.0,False,0.0,0.0,0,400,0,0.04962750699996832,0.0
r20_60,13,1688.0,1688.0,1766.0,1688.0,False,0.0,0.0,0,400,0,0.04953365599976678,0.0
r20_60,14,1688.0,1688.0,1766.0,1688.0,False,0.0,0.0,0,400,0,0.049744546000511036,0.0
r20_60,15,1688.0,1688.0,1766.0,1688.0,False,0.0,0.0,0,400,0,0.04967813500024931,0.0
r20_60,16,1688.0,1688.0,1766.0,1688.0,False,0.0,0.0,0,400,0,0.04923571799918136,0.0
r20_60,17,1688.0,1688.0,1766.0,1688.0,False,0.0,0.0,0,400,0,0.04940890000034415,0.0
r20_60,18,1688.0,1688.0,1766.0,1688.0,False,0.0,0.0,0,400,0,0.04956925999977102,0.0
r20_60,19,1688.0,1688.0,1766.0,1688.0,False,0.0,0.0,0,400,0,0.049342336999870895,0.0
rd_1024_2048_1,0,285351.0,296189.0,322617.0,296189.0,True,10838.0,3.659150069718997,4,396,4,16.41361831500035,0.16528222399938386
rd_1024_2048_1,1,285351.0,296189.0,322617.0,296189.0,True,10838.0,3.659150069718997,4,396,4,16.41702259199974,0.16469497599973693
rd_1024_2048_1,2,285351.0,296189.0,322617.0,296189.0,True,10838.0,3.659150069718997,4,396,4,16.420084856999893,0.16457964499932132
rd_1024_2048_1,3,285351.0,296189.0,322617.0,296189.0,True,10838.0,3.659150069718997,4,396,4,16.37283494700023,0.1637996050003494
rd_1024_2048_1,4,285351.0,296189.0,322617.0,296189.0,True,10838.0,3.659150069718997,4,396,4,16.375624770000286,0.16618518100040092
rd_1024_2048_1,5,285351.0,296189.0,322617.0,296189.0,True,10838.0,3.659150069718997,4,396,4,16.433930691999194,0.1646461750005983
rd_1024_2048_1,6,285351.0,296189.0,322617.0,296189.0,True,10838.0,3.659150069718997,4,396,4,16.405650408999463,0.16408022300038283
rd_1024_2048_1,7,285351.0,296189.0,322617.0,296189.0,True,10838.0,3.659150069718997,4,396,4,16.509522835000098,0.16592269600005238
rd_1024_2048_1,8,285351.0,296189.0,322617.0,296189.0,True,10838.0,3.659150069718997,4,396,4,16.422724772000038,0.1646694369992474
rd_1024_2048_1,9,285351.0,296189.0,322617.0,296189.0,True,10838.0,3.659150069718997,4,396,4,16.718429331000152,0.16688585299925762
rd_1024_2048_1,10,285351.0,296189.0,322617.0,296189.0,True,10838.0,3.659150069718997,4,396,4,16.451500209000187,0.16578675599976123
rd_1024_2048_1,11,285351.0,296189.0,322617.0,296189.0,True,10838.0,3.659150069718997,4,396,4,16.418149963999895,0.16439968299982866
rd_1024_2048_1,12,285351.0,296189.0,322617.0,296189.0,True,10838.0,3.659150069718997,4,396,4,16.420872847000282,0.1645205939994412
rd_1024_2048_1,13,285351.0,296189.0,322617.0,296189.0,True,10838.0,3.659150069718997,4,396,4,16.369321341000614,0.16421546600031434
rd_1024_2048_1,14,285351.0,296189.0,322617.0,296189.0,True,10838.0,3.659150069718997,4,396,4,16.424400111999603,0.16538723000030586
rd_1024_2048_1,15,285351.0,296189.0,322617.0,296189.0,True,10838.0,3.659150069718997,4,396,4,16.37180119599998,0.1647553490001883
rd_1024_2048_1,16,285351.0,296189.0,322617.0,296189.0,True,10838.0,3.659150069718997,4,396,4,16.49898869000026,0.16440770299959695
rd_1024_2048_1,17,285351.0,296189.0,322617.0,296189.0,True,10838.0,3.659150069718997,4,396,4,16.454850461000206,0.16457157299919345
rd_1024_2048_1,18,285351.0,296189.0,322617.0,296189.0,True,10838.0,3.659150069718997,4,396,4,16.695019494000007,0.16726945099981094
rd_1024_2048_1,19,285351.0,296189.0,322617.0,296189.0,True,10838.0,3.659150069718997,4,396,4,16.43016353599978,0.1646591440003249
rd_10_30_1997,0,38091.0,38091.0,38091.0,38091.0,False,0.0,0.0,0,400,0,0.016402745999585022,0.0
rd_10_30_1997,1,38091.0,38091.0,38091.0,38091.0,False,0.0,0.0,0,400,0,0.016043167000134417,0.0
rd_10_30_1997,2,38091.0,38091.0,38091.0,38091.0,False,0.0,0.0,0,400,0,0.015937823999593093,0.0
rd_10_30_1997,3,38091.0,38091.0,38091.0,38091.0,False,0.0,0.0,0,400,0,0.015949433999594476,0.0
rd_10_30_1997,4,38091.0,38091.0,38091.0,38091.0,False,0.0,0.0,0,400,0,0.015992329000255268,0.0
rd_10_30_1997,5,38091.0,38091.0,38091.0,38091.0,False,0.0,0.0,0,400,0,0.016058846000305493,0.0
rd_10_30_1997,6,38091.0,38091.0,38091.0,38091.0,False,0.0,0.0,0,400,0,0.01608500800011825,0.0
rd_10_30_1997,7,38091.0,38091.0,38091.0,38091.0,False,0.0,0.0,0,400,0,0.016010510999876715,0.0
rd_10_30_1997,8,38091.0,38091.0,38091.0,38091.0,False,0.0,0.0,0,400,0,0.015916839000055916,0.0
rd_10_30_1997,9,38091.0,38091.0,38091.0,38091.0,False,0.0,0.0,0,400,0,0.016037630000028003,0.0
rd_10_30_1997,10,38091.0,38091.0,38091.0,38091.0,False,0.0,0.0,0,400,0,0.015891179999925953,0.0
rd_10_30_1997,11,38091.0,38091.0,38091.0,38091.0,False,0.0,0.0,0,400,0,0.015915478999886545,0.0
rd_10_30_1997,12,38091.0,38091.0,38091.0,38091.0,False,0.0,0.0,0,400,0,0.015884312999332906,0.0
rd_10_30_1997,13,38091.0,38091.0,38091.0,38091.0,False,0.0,0.0,0,400,0,0.01614119199984998,0.0
rd_10_30_1997,14,38091.0,38091.0,38091.0,38091.0,False,0.0,0.0,0,400,0,0.016060647000813333,0.0
rd_10_30_1997,15,38091.0,38091.0,38091.0,38091.0,False,0.0,0.0,0,400,0,0.016321842999786895,0.0
rd_10_30_1997,16,38091.0,38091.0,38091.0,38091.0,False,0.0,0.0,0,400,0,0.01675635100036743,0.0
rd_10_30_1997,17,38091.0,38091.0,38091.0,38091.0,False,0.0,0.0,0,400,0,0.016646085000502353,0.0
rd_10_30_1997,18,38091.0,38091.0,38091.0,38091.0,False,0.0,0.0,0,400,0,0.016012281000257644,0.0
rd_10_30_1997,19,38091.0,38091.0,38091.0,38091.0,False,0.0,0.0,0,400,0,0.015868679999584856,0.0
rd_4_4_90,0,807.0,807.0,807.0,807.0,False,0.0,0.0,0,400,0,0.004887498999778472,0.0
rd_4_4_90,1,807.0,807.0,807.0,807.0,False,0.0,0.0,0,400,0,0.004857020000599732,0.0
rd_4_4_90,2,807.0,807.0,807.0,807.0,False,0.0,0.0,0,400,0,0.00475988000016514,0.0
rd_4_4_90,3,807.0,807.0,807.0,807.0,False,0.0,0.0,0,400,0,0.004886124999757158,0.0
rd_4_4_90,4,807.0,807.0,807.0,807.0,False,0.0,0.0,0,400,0,0.0049295799999526935,0.0
rd_4_4_90,5,807.0,807.0,807.0,807.0,False,0.0,0.0,0,400,0,0.0049863049998748465,0.0
rd_4_4_90,6,807.0,807.0,807.0,807.0,False,0.0,0.0,0,400,0,0.004960891999871819,0.0
rd_4_4_90,7,807.0,807.0,807.0,807.0,False,0.0,0.0,0,400,0,0.004948639000758703,0.0
rd_4_4_90,8,807.0,807.0,807.0,807.0,False,0.0,0.0,0,400,0,0.00492008600031113,0.0
rd_4_4_90,9,807.0,807.0,807.0,807.0,False,0.0,0.0,0,400,0,0.005008885000279406,0.0
rd_4_4_90,10,807.0,807.0,807.0,807.0,False,0.0,0.0,0,400,0,0.0049277759999313275,0.0
rd_4_4_90,11,807.0,807.0,807.0,807.0,False,0.0,0.0,0,400,0,0.004925702999571513,0.0
rd_4_4_90,12,807.0,807.0,807.0,807.0,False,0.0,0.0,0,400,0,0.004998269999305194,0.0
rd_4_4_90,13,807.0,807.0,807.0,807.0,False,0.0,0.0,0,400,0,0.004865936999522091,0.0
rd_4_4_90,14,807.0,807.0,807.0,807.0,False,0.0,0.0,0,400,0,0.0049128190003102645,0.0
rd_4_4_90,15,807.0,807.0,807.0,807.0,False,0.0,0.0,0,400,0,0.004800243000318005,0.0
rd_4_4_90,16,807.0,807.0,807.0,807.0,False,0.0,0.0,0,400,0,0.004884670000137703,0.0
rd_4_4_90,17,807.0,807.0,807.0,807.0,False,0.0,0.0,0,400,0,0.0048426800003653625,0.0
rd_4_4_90,18,807.0,807.0,807.0,807.0,False,0.0,0.0,0,400,0,0.004779783000230964,0.0
rd_4_4_90,19,807.0,807.0,807.0,807.0,False,0.0,0.0,0,400,0,0.004850530999647162,0.0
rd_4_8_90,0,7842.0,7842.0,7842.0,7842.0,False,0.0,0.0,0,400,0,0.0055242600001292885,0.0
rd_4_8_90,1,7842.0,7842.0,7842.0,7842.0,False,0.0,0.0,0,400,0,0.005599975999757589,0.0
rd_4_8_90,2,7842.0,7842.0,7842.0,7842.0,False,0.0,0.0,0,400,0,0.005617179999717337,0.0
rd_4_8_90,3,7842.0,7842.0,7842.0,7842.0,False,0.0,0.0,0,400,0,0.005751709999458399,0.0
rd_4_8_90,4,7842.0,7842.0,7842.0,7842.0,False,0.0,0.0,0,400,0,0.005524105000404234,0.0
rd_4_8_90,5,7842.0,7842.0,7842.0,7842.0,False,0.0,0.0,0,400,0,0.00567743600004178,0.0
rd_4_8_90,6,7842.0,7842.0,7842.0,7842.0,False,0.0,0.0,0,400,0,0.005621632999464055,0.0
rd_4_8_90,7,7842.0,7842.0,7842.0,7842.0,False,0.0,0.0,0,400,0,0.005636508999486978,0.0
rd_4_8_90,8,7842.0,7842.0,7842.0,7842.0,False,0.0,0.0,0,400,0,0.00561660200037295,0.0
rd_4_8_90,9,7842.0,7842.0,7842.0,7842.0,False,0.0,0.0,0,400,0,0.005655222999848775,0.0
rd_4_8_90,10,7842.0,7842.0,7842.0,7842.0,False,0.0,0.0,0,400,0,0.005597974000011163,0.0
rd_4_8_90,11,7842.0,7842.0,7842.0,7842.0,False,0.0,0.0,0,400,0,0.005661066000357096,0.0
rd_4_8_90,12,7842.0,7842.0,7842.0,7842.0,False,0.0,0.0,0,400,0,0.005800365000141028,0.0
rd_4_8_90,13,7842.0,7842.0,7842.0,7842.0,False,0.0,0.0,0,400,0,0.006285444000241114,0.0
rd_4_8_90,14,7842.0,7842.0,7842.0,7842.0,False,0.0,0.0,0,400,0,0.005673700999977882,0.0
rd_4_8_90,15,7842.0,7842.0,7842.0,7842.0,False,0.0,0.0,0,400,0,0.005630225000459177,0.0
rd_4_8_90,16,7842.0,7842.0,7842.0,7842.0,False,0.0,0.0,0,400,0,0.005614908999632462,0.0
rd_4_8_90,17,7842.0,7842.0,7842.0,7842.0,False,0.0,0.0,0,400,0,0.005673157999808609,0.0
rd_4_8_90,18,7842.0,7842.0,7842.0,7842.0,False,0.0,0.0,0,400,0,0.005550986000343983,0.0
rd_4_8_90,19,7842.0,7842.0,7842.0,7842.0,False,0.0,0.0,0,400,0,0.005499184000655077,0.0
rd_5_10_90,0,6343.0,6343.0,6343.0,6343.0,False,0.0,0.0,0,400,0,0.0063712129995110445,0.0
rd_5_10_90,1,6343.0,6343.0,6343.0,6343.0,False,0.0,0.0,0,400,0,0.006371071999637934,0.0
rd_5_10_90,2,6343.0,6343.0,6343.0,6343.0,False,0.0,0.0,0,400,0,0.006438233000153559,0.0
rd_5_10_90,3,6343.0,6343.0,6343.0,6343.0,False,0.0,0.0,0,400,0,0.006430299999919953,0.0
rd_5_10_90,4,6343.0,6343.0,6343.0,6343.0,False,0.0,0.0,0,400,0,0.0064613499998813495,0.0
rd_5_10_90,5,6343.0,6343.0,6343.0,6343.0,False,0.0,0.0,0,400,0,0.0065083540002888185,0.0
rd_5_10_90,6,6343.0,6343.0,6343.0,6343.0,False,0.0,0.0,0,400,0,0.006438704999709444,0.0
rd_5_10_90,7,6343.0,6343.0,6343.0,6343.0,False,0.0,0.0,0,400,0,0.006472782999480842,0.0
rd_5_10_90,8,6343.0,6343.0,6343.0,6343.0,False,0.0,0.0,0,400,0,0.0065570249998927466,0.0
rd_5_10_90,9,6343.0,6343.0,6343.0,6343.0,False,0.0,0.0,0,400,0,0.0064722739998615,0.0
rd_5_10_90,10,6343.0,6343.0,6343.0,6343.0,False,0.0,0.0,0,400,0,0.0068110870006421464,0.0
rd_5_10_90,11,6343.0,6343.0,6343.0,6343.0,False,0.0,0.0,0,400,0,0.006296618999840575,0.0
rd_5_10_90,12,6343.0,6343.0,6343.0,6343.0,False,0.0,0.0,0,400,0,0.006415468000341207,0.0
rd_5_10_90,13,6343.0,6343.0,6343.0,6343.0,False,0.0,0.0,0,400,0,0.0064510099991821335,0.0
rd_5_10_90,14,6343.0,6343.0,6343.0,6343.0,False,0.0,0.0,0,400,0,0.006424573000003875,0.0
rd_5_10_90,15,6343.0,6343.0,6343.0,6343.0,False,0.0,0.0,0,400,0,0.006431997999243322,0.0
rd_5_10_90,16,6343.0,6343.0,6343.0,6343.0,False,0.0,0.0,0,400,0,0.0063783589994272916,0.0
rd_5_10_90,17,6343.0,6343.0,6343.0,6343.0,False,0.0,0.0,0,400,0,0.00646371699986048,0.0
rd_5_10_90,18,6343.0,6343.0,6343.0,6343.0,False,0.0,0.0,0,400,0,0.006334491999950842,0.0
rd_5_10_90,19,6343.0,6343.0,6343.0,6343.0,False,0.0,0.0,0,400,0,0.006391515999894182,0.0
rd_big,0,1061050.0,1096757.0,1168443.0,1096757.0,True,35707.0,3.2556892730112503,2,398,2,35.55820296600086,0.1868151870003203
rd_big,1,1061050.0,1096757.0,1168443.0,1096757.0,True,35707.0,3.2556892730112503,2,398,2,35.695048307000434,0.18783026799974323
rd_big,2,1061050.0,1096757.0,1168443.0,1096757.0,True,35707.0,3.2556892730112503,2,398,2,35.85910025500016,0.18987939999988157
rd_big,3,1061050.0,1096757.0,1168443.0,1096757.0,True,35707.0,3.2556892730112503,2,398,2,35.477558926999336,0.18708934599999338
rd_big,4,1061050.0,1096757.0,1168443.0,1096757.0,True,35707.0,3.2556892730112503,2,398,2,35.527714552999896,0.18685103100051492
rd_big,5,1061050.0,1096757.0,1168443.0,1096757.0,True,35707.0,3.2556892730112503,2,398,2,35.40986942699965,0.1872751179998886
rd_big,6,1061050.0,1096757.0,1168443.0,1096757.0,True,35707.0,3.2556892730112503,2,398,2,35.6850576450006,0.18742595000003348
rd_big,7,1061050.0,1096757.0,1168443.0,1096757.0,True,35707.0,3.2556892730112503,2,398,2,35.55294903899994,0.18667023699981655
rd_big,8,1061050.0,1096757.0,1168443.0,1096757.0,True,35707.0,3.2556892730112503,2,398,2,35.44431564600018,0.18648235499949806
rd_big,9,1061050.0,1096757.0,1168443.0,1096757.0,True,35707.0,3.2556892730112503,2,398,2,35.44659789399975,0.18759998000041378
rd_big,10,1061050.0,1096757.0,1168443.0,1096757.0,True,35707.0,3.2556892730112503,2,398,2,35.56661809099933,0.18705805399986275
rd_big,11,1061050.0,1096757.0,1168443.0,1096757.0,True,35707.0,3.2556892730112503,2,398,2,35.501617998000256,0.188038129999768
rd_big,12,1061050.0,1096757.0,1168443.0,1096757.0,True,35707.0,3.2556892730112503,2,398,2,35.56565600100021,0.18693778200031375
rd_big,13,1061050.0,1096757.0,1168443.0,1096757.0,True,35707.0,3.2556892730112503,2,398,2,35.43262769800003,0.18690243500077486
rd_big,14,1061050.0,1096757.0,1168443.0,1096757.0,True,35707.0,3.2556892730112503,2,398,2,35.65438781500052,0.18964238400076283
rd_big,15,1061050.0,1096757.0,1168443.0,1096757.0,True,35707.0,3.2556892730112503,2,398,2,35.587358552000296,0.1882413089997499
rd_big,16,1061050.0,1096757.0,1168443.0,1096757.0,True,35707.0,3.2556892730112503,2,398,2,35.60596737300057,0.1869342809995942
rd_big,17,1061050.0,1096757.0,1168443.0,1096757.0,True,35707.0,3.2556892730112503,2,398,2,35.51942947399948,0.18746603900035552
rd_big,18,1061050.0,1096757.0,1168443.0,1096757.0,True,35707.0,3.2556892730112503,2,398,2,35.63006326899995,0.18804758800069976
rd_big,19,1061050.0,1096757.0,1168443.0,1096757.0,True,35707.0,3.2556892730112503,2,398,2,35.50940582400017,0.18791085799966822
s1423,0,55340.0,55340.0,56491.0,55340.0,False,0.0,0.0,0,400,0,2.8142438079994463,0.0
s1423,1,55340.0,55340.0,56491.0,55340.0,False,0.0,0.0,0,400,0,2.8922205799999574,0.0
s1423,2,55340.0,55340.0,56491.0,55340.0,False,0.0,0.0,0,400,0,2.872936992999712,0.0
s1423,3,55340.0,55340.0,56491.0,55340.0,False,0.0,0.0,0,400,0,2.9506602310002563,0.0
s1423,4,55340.0,55340.0,56491.0,55340.0,False,0.0,0.0,0,400,0,2.823959590999948,0.0
s1423,5,55340.0,55340.0,56491.0,55340.0,False,0.0,0.0,0,400,0,2.8319271159998607,0.0
s1423,6,55340.0,55340.0,56491.0,55340.0,False,0.0,0.0,0,400,0,2.861751732999437,0.0
s1423,7,55340.0,55340.0,56491.0,55340.0,False,0.0,0.0,0,400,0,2.9040401289994406,0.0
s1423,8,55340.0,55340.0,56491.0,55340.0,False,0.0,0.0,0,400,0,2.8548610899997584,0.0
s1423,9,55340.0,55340.0,56491.0,55340.0,False,0.0,0.0,0,400,0,2.8893617619996803,0.0
s1423,10,55340.0,55340.0,56491.0,55340.0,False,0.0,0.0,0,400,0,2.9139300580000054,0.0
s1423,11,55340.0,55340.0,56491.0,55340.0,False,0.0,0.0,0,400,0,2.857530090000182,0.0
s1423,12,55340.0,55340.0,56491.0,55340.0,False,0.0,0.0,0,400,0,2.860020316000373,0.0
s1423,13,55340.0,55340.0,56491.0,55340.0,False,0.0,0.0,0,400,0,2.9436730279994663,0.0
s1423,14,55340.0,55340.0,56491.0,55340.0,False,0.0,0.0,0,400,0,2.8239513990001797,0.0
s1423,15,55340.0,55340.0,56491.0,55340.0,False,0.0,0.0,0,400,0,2.8129709439999715,0.0
s1423,16,55340.0,55340.0,56491.0,55340.0,False,0.0,0.0,0,400,0,2.834619178000139,0.0
s1423,17,55340.0,55340.0,56491.0,55340.0,False,0.0,0.0,0,400,0,2.8801067280001007,0.0
s1423,18,55340.0,55340.0,56491.0,55340.0,False,0.0,0.0,0,400,0,2.8435008010001184,0.0
s1423,19,55340.0,55340.0,56491.0,55340.0,False,0.0,0.0,0,400,0,2.82358420699984,0.0
s208,0,2829.0,2829.0,2829.0,2829.0,False,0.0,0.0,0,400,0,0.020874525000181166,0.0
s208,1,2829.0,2829.0,2829.0,2829.0,False,0.0,0.0,0,400,0,0.020493832000283874,0.0
s208,2,2829.0,2829.0,2829.0,2829.0,False,0.0,0.0,0,400,0,0.02016376199935621,0.0
s208,3,2829.0,2829.0,2829.0,2829.0,False,0.0,0.0,0,400,0,0.019770766999499756,0.0
s208,4,2829.0,2829.0,2829.0,2829.0,False,0.0,0.0,0,400,0,0.019848484999783977,0.0
s208,5,2829.0,2829.0,2829.0,2829.0,False,0.0,0.0,0,400,0,0.019703119000041625,0.0
s208,6,2829.0,2829.0,2829.0,2829.0,False,0.0,0.0,0,400,0,0.01990400300019246,0.0
s208,7,2829.0,2829.0,2829.0,2829.0,False,0.0,0.0,0,400,0,0.019837305999317323,0.0
s208,8,2829.0,2829.0,2829.0,2829.0,False,0.0,0.0,0,400,0,0.019819500000267,0.0
s208,9,2829.0,2829.0,2829.0,2829.0,False,0.0,0.0,0,400,0,0.020762934000231326,0.0
s208,10,2829.0,2829.0,2829.0,2829.0,False,0.0,0.0,0,400,0,0.020301391999964835,0.0
s208,11,2829.0,2829.0,2829.0,2829.0,False,0.0,0.0,0,400,0,0.020381508000355097,0.0
s208,12,2829.0,2829.0,2829.0,2829.0,False,0.0,0.0,0,400,0,0.020193896999444405,0.0
s208,13,2829.0,2829.0,2829.0,2829.0,False,0.0,0.0,0,400,0,0.020245042000169633,0.0
s208,14,2829.0,2829.0,2829.0,2829.0,False,0.0,0.0,0,400,0,0.019719281000107003,0.0
s208,15,2829.0,2829.0,2829.0,2829.0,False,0.0,0.0,0,400,0,0.01979139800005214,0.0
s208,16,2829.0,2829.0,2829.0,2829.0,False,0.0,0.0,0,400,0,0.020295936000366055,0.0
s208,17,2829.0,2829.0,2829.0,2829.0,False,0.0,0.0,0,400,0,0.020266627000637527,0.0
s208,18,2829.0,2829.0,2829.0,2829.0,False,0.0,0.0,0,400,0,0.019907984000383294,0.0
s208,19,2829.0,2829.0,2829.0,2829.0,False,0.0,0.0,0,400,0,0.01974444100051187,0.0
s27,0,1905.0,1905.0,1905.0,1905.0,False,0.0,0.0,0,400,0,0.018571802999758802,0.0
s27,1,1905.0,1905.0,1905.0,1905.0,False,0.0,0.0,0,400,0,0.01838941400001204,0.0
s27,2,1905.0,1905.0,1905.0,1905.0,False,0.0,0.0,0,400,0,0.01844983000000866,0.0
s27,3,1905.0,1905.0,1905.0,1905.0,False,0.0,0.0,0,400,0,0.019190414000149758,0.0
s27,4,1905.0,1905.0,1905.0,1905.0,False,0.0,0.0,0,400,0,0.01885130000027857,0.0
s27,5,1905.0,1905.0,1905.0,1905.0,False,0.0,0.0,0,400,0,0.019320937999509624,0.0
s27,6,1905.0,1905.0,1905.0,1905.0,False,0.0,0.0,0,400,0,0.01932898499944713,0.0
s27,7,1905.0,1905.0,1905.0,1905.0,False,0.0,0.0,0,400,0,0.019044191999455506,0.0
s27,8,1905.0,1905.0,1905.0,1905.0,False,0.0,0.0,0,400,0,0.01902389699989726,0.0
s27,9,1905.0,1905.0,1905.0,1905.0,False,0.0,0.0,0,400,0,0.01945469999918714,0.0
s27,10,1905.0,1905.0,1905.0,1905.0,False,0.0,0.0,0,400,0,0.02002614100001665,0.0
s27,11,1905.0,1905.0,1905.0,1905.0,False,0.0,0.0,0,400,0,0.01990611099972739,0.0
s27,12,1905.0,1905.0,1905.0,1905.0,False,0.0,0.0,0,400,0,0.01936693900006503,0.0
s27,13,1905.0,1905.0,1905.0,1905.0,False,0.0,0.0,0,400,0,0.019207061999622965,0.0
s27,14,1905.0,1905.0,1905.0,1905.0,False,0.0,0.0,0,400,0,0.019069089999902644,0.0
s27,15,1905.0,1905.0,1905.0,1905.0,False,0.0,0.0,0,400,0,0.019110760999865306,0.0
s27,16,1905.0,1905.0,1905.0,1905.0,False,0.0,0.0,0,400,0,0.019064833999436814,0.0
s27,17,1905.0,1905.0,1905.0,1905.0,False,0.0,0.0,0,400,0,0.018881627000155277,0.0
s27,18,1905.0,1905.0,1905.0,1905.0,False,0.0,0.0,0,400,0,0.018542116999924474,0.0
s27,19,1905.0,1905.0,1905.0,1905.0,False,0.0,0.0,0,400,0,0.01886340399960318,0.0
s344,0,6001.0,6001.0,6001.0,6001.0,False,0.0,0.0,0,400,0,0.14772137300042232,0.0
s344,1,6001.0,6001.0,6001.0,6001.0,False,0.0,0.0,0,400,0,0.15448186799949326,0.0
s344,2,6001.0,6001.0,6001.0,6001.0,False,0.0,0.0,0,400,0,0.1502476169998772,0.0
s344,3,6001.0,6001.0,6001.0,6001.0,False,0.0,0.0,0,400,0,0.1550654709999435,0.0
s344,4,6001.0,6001.0,6001.0,6001.0,False,0.0,0.0,0,400,0,0.15077314999962255,0.0
s344,5,6001.0,6001.0,6001.0,6001.0,False,0.0,0.0,0,400,0,0.15340293899953394,0.0
s344,6,6001.0,6001.0,6001.0,6001.0,False,0.0,0.0,0,400,0,0.1547929739999745,0.0
s344,7,6001.0,6001.0,6001.0,6001.0,False,0.0,0.0,0,400,0,0.15985319899937167,0.0
s344,8,6001.0,6001.0,6001.0,6001.0,False,0.0,0.0,0,400,0,0.1535773080004219,0.0
s344,9,6001.0,6001.0,6001.0,6001.0,False,0.0,0.0,0,400,0,0.15587691699965944,0.0
s344,10,6001.0,6001.0,6001.0,6001.0,False,0.0,0.0,0,400,0,0.15648095500000636,0.0
s344,11,6001.0,6001.0,6001.0,6001.0,False,0.0,0.0,0,400,0,0.15135334900060116,0.0
s344,12,6001.0,6001.0,6001.0,6001.0,False,0.0,0.0,0,400,0,0.1583409449995088,0.0
s344,13,6001.0,6001.0,6001.0,6001.0,False,0.0,0.0,0,400,0,0.1583195519997389,0.0
s344,14,6001.0,6001.0,6001.0,6001.0,False,0.0,0.0,0,400,0,0.16070916300031968,0.0
s344,15,6001.0,6001.0,6001.0,6001.0,False,0.0,0.0,0,400,0,0.148125175000132,0.0
s344,16,6001.0,6001.0,6001.0,6001.0,False,0.0,0.0,0,400,0,0.1615663750008025,0.0
s344,17,6001.0,6001.0,6001.0,6001.0,False,0.0,0.0,0,400,0,0.15729937299965968,0.0
s344,18,6001.0,6001.0,6001.0,6001.0,False,0.0,0.0,0,400,0,0.15163131099961902,0.0
s344,19,6001.0,6001.0,6001.0,6001.0,False,0.0,0.0,0,400,0,0.16676276500038512,0.0
s349,0,6729.0,6729.0,6898.0,6729.0,False,0.0,0.0,0,400,0,0.10366976499972225,0.0
s349,1,6729.0,6729.0,6898.0,6729.0,False,0.0,0.0,0,400,0,0.10847779300002003,0.0
s349,2,6729.0,6729.0,6898.0,6729.0,False,0.0,0.0,0,400,0,0.1042836239994358,0.0
s349,3,6729.0,6729.0,6898.0,6729.0,False,0.0,0.0,0,400,0,0.1041755070000363,0.0
s349,4,6729.0,6729.0,6898.0,6729.0,False,0.0,0.0,0,400,0,0.10748199600038788,0.0
s349,5,6729.0,6729.0,6898.0,6729.0,False,0.0,0.0,0,400,0,0.10463719500057778,0.0
s349,6,6729.0,6729.0,6898.0,6729.0,False,0.0,0.0,0,400,0,0.10331828299968038,0.0
s349,7,6729.0,6729.0,6898.0,6729.0,False,0.0,0.0,0,400,0,0.11098190500069904,0.0
s349,8,6729.0,6729.0,6898.0,6729.0,False,0.0,0.0,0,400,0,0.10660037100024056,0.0
s349,9,6729.0,6729.0,6898.0,6729.0,False,0.0,0.0,0,400,0,0.11349216399958095,0.0
s349,10,6729.0,6729.0,6898.0,6729.0,False,0.0,0.0,0,400,0,0.10905944900059694,0.0
s349,11,6729.0,6729.0,6898.0,6729.0,False,0.0,0.0,0,400,0,0.1040569200004029,0.0
s349,12,6729.0,6729.0,6898.0,6729.0,False,0.0,0.0,0,400,0,0.10699438499977987,0.0
s349,13,6729.0,6729.0,6898.0,6729.0,False,0.0,0.0,0,400,0,0.11069382400000904,0.0
s349,14,6729.0,6729.0,6898.0,6729.0,False,0.0,0.0,0,400,0,0.10866846700082533,0.0
s349,15,6729.0,6729.0,6898.0,6729.0,False,0.0,0.0,0,400,0,0.10164016199996695,0.0
s349,16,6729.0,6729.0,6898.0,6729.0,False,0.0,0.0,0,400,0,0.10984922599982383,0.0
s349,17,6729.0,6729.0,6898.0,6729.0,False,0.0,0.0,0,400,0,0.1066998810001678,0.0
s349,18,6729.0,6729.0,6898.0,6729.0,False,0.0,0.0,0,400,0,0.1068335259997184,0.0
s349,19,6729.0,6729.0,6898.0,6729.0,False,0.0,0.0,0,400,0,0.10871859899998526,0.0
s382,0,10454.0,10853.0,11160.0,10853.0,True,399.0,3.676402837924998,1,399,1,0.099552479000522,0.000262981000560103
s382,1,10454.0,10853.0,11160.0,10853.0,True,399.0,3.676402837924998,1,399,2,0.09778977899986785,0.0004961069998898893
s382,2,10454.0,10853.0,11160.0,10853.0,True,399.0,3.676402837924998,1,399,5,0.09927241900004447,0.001070579000042926
s382,3,10454.0,10853.0,11160.0,10853.0,True,399.0,3.676402837924998,1,399,8,0.10044796900001529,0.0021025629994255723
s382,4,10454.0,10853.0,11160.0,10853.0,True,399.0,3.676402837924998,1,399,8,0.09616142100003344,0.0019226840004193946
s382,5,10454.0,10853.0,11160.0,10853.0,True,399.0,3.676402837924998,1,399,2,0.09812880299978133,0.0005751980006607482
s382,6,10454.0,10853.0,11160.0,10853.0,True,399.0,3.676402837924998,1,399,1,0.09817674300029466,0.00026089299990417203
s382,7,10454.0,10853.0,11160.0,10853.0,True,399.0,3.676402837924998,1,399,14,0.09714895199977036,0.003551998999682837
s382,8,10454.0,10853.0,11160.0,10853.0,True,399.0,3.676402837924998,1,399,14,0.09721954699944035,0.0033007090005412465
s382,9,10454.0,10853.0,11160.0,10853.0,True,399.0,3.676402837924998,1,399,4,0.09662091799964401,0.0010053169999082456
s382,10,10454.0,10853.0,11160.0,10853.0,True,399.0,3.676402837924998,1,399,5,0.09876638900004764,0.0013544120001824922
s382,11,10454.0,10853.0,11160.0,10853.0,True,399.0,3.676402837924998,1,399,10,0.09766301600029692,0.0026063280001835665
s382,12,10454.0,10853.0,11160.0,10853.0,True,399.0,3.676402837924998,1,399,8,0.10138281199942867,0.0021131859994056867
s382,13,10454.0,10853.0,11160.0,10853.0,True,399.0,3.676402837924998,1,399,4,0.09851338199950987,0.0011129819995403523
s382,14,10454.0,10853.0,11160.0,10853.0,True,399.0,3.676402837924998,1,399,7,0.09649888900003134,0.0016769220001151552
s382,15,10454.0,10853.0,11160.0,10853.0,True,399.0,3.676402837924998,1,399,3,0.09719624199988175,0.0006404329997167224
s382,16,10454.0,10853.0,11160.0,10853.0,True,399.0,3.676402837924998,1,399,13,0.09648276799998712,0.003345471000102407
s382,17,10454.0,10853.0,11160.0,10853.0,True,399.0,3.676402837924998,1,399,2,0.09564164399944275,0.0005626849997497629
s382,18,10454.0,10853.0,11160.0,10853.0,True,399.0,3.676402837924998,1,399,14,0.0980649369994353,0.0036334169999463484
s382,19,10454.0,10853.0,11160.0,10853.0,True,399.0,3.676402837924998,1,399,2,0.09681299099975149,0.0005605060005109408
s400,0,10329.0,10329.0,10862.0,10329.0,False,0.0,0.0,0,400,0,0.10231951600053435,0.0
s400,1,10329.0,10329.0,10862.0,10329.0,False,0.0,0.0,0,400,0,0.10242644299978565,0.0
s400,2,10329.0,10329.0,10862.0,10329.0,False,0.0,0.0,0,400,0,0.1029033230006462,0.0
s400,3,10329.0,10329.0,10862.0,10329.0,False,0.0,0.0,0,400,0,0.10381288200005656,0.0
s400,4,10329.0,10329.0,10862.0,10329.0,False,0.0,0.0,0,400,0,0.1026983609999661,0.0
s400,5,10329.0,10329.0,10862.0,10329.0,False,0.0,0.0,0,400,0,0.10295675599991228,0.0
s400,6,10329.0,10329.0,10862.0,10329.0,False,0.0,0.0,0,400,0,0.11132938900027511,0.0
s400,7,10329.0,10329.0,10862.0,10329.0,False,0.0,0.0,0,400,0,0.10225791599987133,0.0
s400,8,10329.0,10329.0,10862.0,10329.0,False,0.0,0.0,0,400,0,0.10170883299997513,0.0
s400,9,10329.0,10329.0,10862.0,10329.0,False,0.0,0.0,0,400,0,0.10399078899990855,0.0
s400,10,10329.0,10329.0,10862.0,10329.0,False,0.0,0.0,0,400,0,0.10329191199980414,0.0
s400,11,10329.0,10329.0,10862.0,10329.0,False,0.0,0.0,0,400,0,0.10278696500063234,0.0
s400,12,10329.0,10329.0,10862.0,10329.0,False,0.0,0.0,0,400,0,0.1032300690003467,0.0
s400,13,10329.0,10329.0,10862.0,10329.0,False,0.0,0.0,0,400,0,0.10301149699989764,0.0
s400,14,10329.0,10329.0,10862.0,10329.0,False,0.0,0.0,0,400,0,0.10206006600037654,0.0
s400,15,10329.0,10329.0,10862.0,10329.0,False,0.0,0.0,0,400,0,0.10845008700016479,0.0
s400,16,10329.0,10329.0,10862.0,10329.0,False,0.0,0.0,0,400,0,0.10397497199937789,0.0
s400,17,10329.0,10329.0,10862.0,10329.0,False,0.0,0.0,0,400,0,0.10262909800076159,0.0
s400,18,10329.0,10329.0,10862.0,10329.0,False,0.0,0.0,0,400,0,0.1031956420001734,0.0
s400,19,10329.0,10329.0,10862.0,10329.0,False,0.0,0.0,0,400,0,0.1011465510000562,0.0
s420,0,158.0,158.0,158.0,158.0,False,0.0,0.0,0,400,0,0.024695340000107535,0.0
s420,1,158.0,158.0,158.0,158.0,False,0.0,0.0,0,400,0,0.024210111000684265,0.0
s420,2,158.0,158.0,158.0,158.0,False,0.0,0.0,0,400,0,0.02413447900016763,0.0
s420,3,158.0,158.0,158.0,158.0,False,0.0,0.0,0,400,0,0.024130071999934444,0.0
s420,4,158.0,158.0,158.0,158.0,False,0.0,0.0,0,400,0,0.023792908000359603,0.0
s420,5,158.0,158.0,158.0,158.0,False,0.0,0.0,0,400,0,0.023880772999291366,0.0
s420,6,158.0,158.0,158.0,158.0,False,0.0,0.0,0,400,0,0.023972811000021466,0.0
s420,7,158.0,158.0,158.0,158.0,False,0.0,0.0,0,400,0,0.023896862000583496,0.0
s420,8,158.0,158.0,158.0,158.0,False,0.0,0.0,0,400,0,0.0239068649998444,0.0
s420,9,158.0,158.0,158.0,158.0,False,0.0,0.0,0,400,0,0.023947213999235828,0.0
s420,10,158.0,158.0,158.0,158.0,False,0.0,0.0,0,400,0,0.02397641600055067,0.0
s420,11,158.0,158.0,158.0,158.0,False,0.0,0.0,0,400,0,0.023973612999725447,0.0
s420,12,158.0,158.0,158.0,158.0,False,0.0,0.0,0,400,0,0.023794771999746445,0.0
s420,13,158.0,158.0,158.0,158.0,False,0.0,0.0,0,400,0,0.023916567999549443,0.0
s420,14,158.0,158.0,158.0,158.0,False,0.0,0.0,0,400,0,0.023942066000017803,0.0
s420,15,158.0,158.0,158.0,158.0,False,0.0,0.0,0,400,0,0.02394999900025141,0.0
s420,16,158.0,158.0,158.0,158.0,False,0.0,0.0,0,400,0,0.024214851000579074,0.0
s420,17,158.0,158.0,158.0,158.0,False,0.0,0.0,0,400,0,0.024277507000078913,0.0
s420,18,158.0,158.0,158.0,158.0,False,0.0,0.0,0,400,0,0.02391149899995071,0.0
s420,19,158.0,158.0,158.0,158.0,False,0.0,0.0,0,400,0,0.023903115000393882,0.0
s444,0,8547.0,8547.0,8848.0,8547.0,False,0.0,0.0,0,400,0,0.11123466099979851,0.0
s444,1,8547.0,8547.0,8848.0,8547.0,False,0.0,0.0,0,400,0,0.11093955300020752,0.0
s444,2,8547.0,8547.0,8848.0,8547.0,False,0.0,0.0,0,400,0,0.11069173899977613,0.0
s444,3,8547.0,8547.0,8848.0,8547.0,False,0.0,0.0,0,400,0,0.1107180339995466,0.0
s444,4,8547.0,8547.0,8848.0,8547.0,False,0.0,0.0,0,400,0,0.10856331899958604,0.0
s444,5,8547.0,8547.0,8848.0,8547.0,False,0.0,0.0,0,400,0,0.110934891999932,0.0
s444,6,8547.0,8547.0,8848.0,8547.0,False,0.0,0.0,0,400,0,0.11034078400007274,0.0
s444,7,8547.0,8547.0,8848.0,8547.0,False,0.0,0.0,0,400,0,0.1104577039996002,0.0
s444,8,8547.0,8547.0,8848.0,8547.0,False,0.0,0.0,0,400,0,0.11011076800059527,0.0
s444,9,8547.0,8547.0,8848.0,8547.0,False,0.0,0.0,0,400,0,0.11556073999963701,0.0
s444,10,8547.0,8547.0,8848.0,8547.0,False,0.0,0.0,0,400,0,0.11378688900003908,0.0
s444,11,8547.0,8547.0,8848.0,8547.0,False,0.0,0.0,0,400,0,0.11101554000015312,0.0
s444,12,8547.0,8547.0,8848.0,8547.0,False,0.0,0.0,0,400,0,0.11193504399943777,0.0
s444,13,8547.0,8547.0,8848.0,8547.0,False,0.0,0.0,0,400,0,0.11063525999998092,0.0
s444,14,8547.0,8547.0,8848.0,8547.0,False,0.0,0.0,0,400,0,0.10964998399958858,0.0
s444,15,8547.0,8547.0,8848.0,8547.0,False,0.0,0.0,0,400,0,0.10900939600014681,0.0
s444,16,8547.0,8547.0,8848.0,8547.0,False,0.0,0.0,0,400,0,0.11132462699970347,0.0
s444,17,8547.0,8547.0,8848.0,8547.0,False,0.0,0.0,0,400,0,0.10942721399987931,0.0
s444,18,8547.0,8547.0,8848.0,8547.0,False,0.0,0.0,0,400,0,0.10915594800007966,0.0
s444,19,8547.0,8547.0,8848.0,8547.0,False,0.0,0.0,0,400,0,0.11148045899972203,0.0
s526,0,16261.0,16261.0,16261.0,16261.0,False,0.0,0.0,0,400,0,0.08438314199975139,0.0
s526,1,16261.0,16261.0,16261.0,16261.0,False,0.0,0.0,0,400,0,0.08533618000001297,0.0
s526,2,16261.0,16261.0,16261.0,16261.0,False,0.0,0.0,0,400,0,0.08365319600034127,0.0
s526,3,16261.0,16261.0,16261.0,16261.0,False,0.0,0.0,0,400,0,0.08674983400032943,0.0
s526,4,16261.0,16261.0,16261.0,16261.0,False,0.0,0.0,0,400,0,0.08824867899966193,0.0
s526,5,16261.0,16261.0,16261.0,16261.0,False,0.0,0.0,0,400,0,0.084716677999495,0.0
s526,6,16261.0,16261.0,16261.0,16261.0,False,0.0,0.0,0,400,0,0.08305196299988893,0.0
s526,7,16261.0,16261.0,16261.0,16261.0,False,0.0,0.0,0,400,0,0.08432689000073879,0.0
s526,8,16261.0,16261.0,16261.0,16261.0,False,0.0,0.0,0,400,0,0.08422658200015576,0.0
s526,9,16261.0,16261.0,16261.0,16261.0,False,0.0,0.0,0,400,0,0.08466416600003868,0.0
s526,10,16261.0,16261.0,16261.0,16261.0,False,0.0,0.0,0,400,0,0.08167005200084532,0.0
s526,11,16261.0,16261.0,16261.0,16261.0,False,0.0,0.0,0,400,0,0.08342815800006065,0.0
s526,12,16261.0,16261.0,16261.0,16261.0,False,0.0,0.0,0,400,0,0.08676286500030983,0.0
s526,13,16261.0,16261.0,16261.0,16261.0,False,0.0,0.0,0,400,0,0.0838069359997462,0.0
s526,14,16261.0,16261.0,16261.0,16261.0,False,0.0,0.0,0,400,0,0.08321256999988691,0.0
s526,15,16261.0,16261.0,16261.0,16261.0,False,0.0,0.0,0,400,0,0.08414786499997717,0.0
s526,16,16261.0,16261.0,16261.0,16261.0,False,0.0,0.0,0,400,0,0.08652786999937234,0.0
s526,17,16261.0,16261.0,16261.0,16261.0,False,0.0,0.0,0,400,0,0.0833928920001199,0.0
s526,18,16261.0,16261.0,16261.0,16261.0,False,0.0,0.0,0,400,0,0.08321690699995088,0.0
s526,19,16261.0,16261.0,16261.0,16261.0,False,0.0,0.0,0,400,0,0.0860013000001345,0.0
s526n,0,14826.0,14826.0,15088.0,14826.0,False,0.0,0.0,0,400,0,0.08094711000012467,0.0
s526n,1,14826.0,14826.0,15088.0,14826.0,False,0.0,0.0,0,400,0,0.08176111000011588,0.0
s526n,2,14826.0,14826.0,15088.0,14826.0,False,0.0,0.0,0,400,0,0.08401467699968634,0.0
s526n,3,14826.0,14826.0,15088.0,14826.0,False,0.0,0.0,0,400,0,0.08263959600026283,0.0
s526n,4,14826.0,14826.0,15088.0,14826.0,False,0.0,0.0,0,400,0,0.08247090799977741,0.0
s526n,5,14826.0,14826.0,15088.0,14826.0,False,0.0,0.0,0,400,0,0.08070925699939835,0.0
s526n,6,14826.0,14826.0,15088.0,14826.0,False,0.0,0.0,0,400,0,0.08103712200045265,0.0
s526n,7,14826.0,14826.0,15088.0,14826.0,False,0.0,0.0,0,400,0,0.08294377900074323,0.0
s526n,8,14826.0,14826.0,15088.0,14826.0,False,0.0,0.0,0,400,0,0.0836281500005498,0.0
s526n,9,14826.0,14826.0,15088.0,14826.0,False,0.0,0.0,0,400,0,0.08177502499984257,0.0
s526n,10,14826.0,14826.0,15088.0,14826.0,False,0.0,0.0,0,400,0,0.08181917300044006,0.0
s526n,11,14826.0,14826.0,15088.0,14826.0,False,0.0,0.0,0,400,0,0.08053228799963108,0.0
s526n,12,14826.0,14826.0,15088.0,14826.0,False,0.0,0.0,0,400,0,0.08094804899974406,0.0
s526n,13,14826.0,14826.0,15088.0,14826.0,False,0.0,0.0,0,400,0,0.08170263699958014,0.0
s526n,14,14826.0,14826.0,15088.0,14826.0,False,0.0,0.0,0,400,0,0.08195984800022416,0.0
s526n,15,14826.0,14826.0,15088.0,14826.0,False,0.0,0.0,0,400,0,0.08042448199921637,0.0
s526n,16,14826.0,14826.0,15088.0,14826.0,False,0.0,0.0,0,400,0,0.08378842000001896,0.0
s526n,17,14826.0,14826.0,15088.0,14826.0,False,0.0,0.0,0,400,0,0.08151339400046709,0.0
s526n,18,14826.0,14826.0,15088.0,14826.0,False,0.0,0.0,0,400,0,0.08030962499924499,0.0
s526n,19,14826.0,14826.0,15088.0,14826.0,False,0.0,0.0,0,400,0,0.08358905000022787,0.0
s5378,0,8013.0,8771.0,8576.0,8576.0,True,563.0,6.5648320895522385,1,399,1,11.079299822999928,0.02696536199982802
s5378,1,8013.0,8771.0,8576.0,8576.0,True,563.0,6.5648320895522385,1,399,1,10.887085100999684,0.025862604999929317
s5378,2,8013.0,8771.0,8576.0,8576.0,True,563.0,6.5648320895522385,1,399,1,11.107485837999775,0.026506531000450195
s5378,3,8013.0,8771.0,8576.0,8576.0,True,563.0,6.5648320895522385,1,399,1,10.976002780999806,0.03648051399977703
s5378,4,8013.0,8771.0,8576.0,8576.0,True,563.0,6.5648320895522385,1,399,1,10.978026210999815,0.026135218000490568
s5378,5,8013.0,8771.0,8576.0,8576.0,True,563.0,6.5648320895522385,1,399,1,11.075105695000275,0.026019915000688343
s5378,6,8013.0,8771.0,8576.0,8576.0,True,563.0,6.5648320895522385,1,399,1,10.928083351000168,0.03583775499919284
s5378,7,8013.0,8771.0,8576.0,8576.0,True,563.0,6.5648320895522385,1,399,1,10.910623212000246,0.02613613800076564
s5378,8,8013.0,8771.0,8576.0,8576.0,True,563.0,6.5648320895522385,1,399,1,11.002445559999614,0.02611300599983224
s5378,9,8013.0,8771.0,8576.0,8576.0,True,563.0,6.5648320895522385,1,399,1,11.072668967000027,0.036693772000035096
s5378,10,8013.0,8771.0,8576.0,8576.0,True,563.0,6.5648320895522385,1,399,1,11.073332021999704,0.026155452000239165
s5378,11,8013.0,8771.0,8576.0,8576.0,True,563.0,6.5648320895522385,1,399,1,10.995099769000262,0.026156140999773925
s5378,12,8013.0,8771.0,8576.0,8576.0,True,563.0,6.5648320895522385,1,399,1,10.958285680999325,0.025686508000035246
s5378,13,8013.0,8771.0,8576.0,8576.0,True,563.0,6.5648320895522385,1,399,1,10.73779959300009,0.025731073999850196
s5378,14,8013.0,8771.0,8576.0,8576.0,True,563.0,6.5648320895522385,1,399,1,10.92219170699991,0.025753801000064414
s5378,15,8013.0,8771.0,8576.0,8576.0,True,563.0,6.5648320895522385,1,399,1,10.84800449300019,0.02562134999971022
s5378,16,8013.0,8771.0,8576.0,8576.0,True,563.0,6.5648320895522385,1,399,1,10.868606162000106,0.025703206999423855
s5378,17,8013.0,8771.0,8576.0,8576.0,True,563.0,6.5648320895522385,1,399,1,10.93762513999991,0.025997298000220326
s5378,18,8013.0,8771.0,8576.0,8576.0,True,563.0,6.5648320895522385,1,399,1,10.867228379000153,0.025852382000266516
s5378,19,8013.0,8771.0,8576.0,8576.0,True,563.0,6.5648320895522385,1,399,1,11.045910660000118,0.026122240999939095
s641,0,2403.0,2403.0,2403.0,2403.0,False,0.0,0.0,0,400,0,0.3625910529999601,0.0
s641,1,2403.0,2403.0,2403.0,2403.0,False,0.0,0.0,0,400,0,0.3641570049994698,0.0
s641,2,2403.0,2403.0,2403.0,2403.0,False,0.0,0.0,0,400,0,0.36315391800053476,0.0
s641,3,2403.0,2403.0,2403.0,2403.0,False,0.0,0.0,0,400,0,0.3573606660002042,0.0
s641,4,2403.0,2403.0,2403.0,2403.0,False,0.0,0.0,0,400,0,0.3711850300005608,0.0
s641,5,2403.0,2403.0,2403.0,2403.0,False,0.0,0.0,0,400,0,0.35848213999997824,0.0
s641,6,2403.0,2403.0,2403.0,2403.0,False,0.0,0.0,0,400,0,0.35656690199994046,0.0
s641,7,2403.0,2403.0,2403.0,2403.0,False,0.0,0.0,0,400,0,0.3558999730003052,0.0
s641,8,2403.0,2403.0,2403.0,2403.0,False,0.0,0.0,0,400,0,0.3711116550002771,0.0
s641,9,2403.0,2403.0,2403.0,2403.0,False,0.0,0.0,0,400,0,0.35800849000042945,0.0
s641,10,2403.0,2403.0,2403.0,2403.0,False,0.0,0.0,0,400,0,0.36427219899997,0.0
s641,11,2403.0,2403.0,2403.0,2403.0,False,0.0,0.0,0,400,0,0.36305654300031165,0.0
s641,12,2403.0,2403.0,2403.0,2403.0,False,0.0,0.0,0,400,0,0.3564672860002247,0.0
s641,13,2403.0,2403.0,2403.0,2403.0,False,0.0,0.0,0,400,0,0.35559163900052226,0.0
s641,14,2403.0,2403.0,2403.0,2403.0,False,0.0,0.0,0,400,0,0.3653109360002418,0.0
s641,15,2403.0,2403.0,2403.0,2403.0,False,0.0,0.0,0,400,0,0.35641270500036626,0.0
s641,16,2403.0,2403.0,2403.0,2403.0,False,0.0,0.0,0,400,0,0.39138491799985786,0.0
s641,17,2403.0,2403.0,2403.0,2403.0,False,0.0,0.0,0,400,0,0.3687817760001053,0.0
s641,18,2403.0,2403.0,2403.0,2403.0,False,0.0,0.0,0,400,0,0.3626734129993565,0.0
s641,19,2403.0,2403.0,2403.0,2403.0,False,0.0,0.0,0,400,0,0.36887377000039123,0.0
s713,0,2339.0,2339.0,2339.0,2339.0,False,0.0,0.0,0,400,0,0.4610017129998596,0.0
s713,1,2339.0,2339.0,2339.0,2339.0,False,0.0,0.0,0,400,0,0.4589489699992555,0.0
s713,2,2339.0,2339.0,2339.0,2339.0,False,0.0,0.0,0,400,0,0.45185652199961623,0.0
s713,3,2339.0,2339.0,2339.0,2339.0,False,0.0,0.0,0,400,0,0.45900338500086946,0.0
s713,4,2339.0,2339.0,2339.0,2339.0,False,0.0,0.0,0,400,0,0.4512565289996928,0.0
s713,5,2339.0,2339.0,2339.0,2339.0,False,0.0,0.0,0,400,0,0.4596096499999476,0.0
s713,6,2339.0,2339.0,2339.0,2339.0,False,0.0,0.0,0,400,0,0.44979388200044923,0.0
s713,7,2339.0,2339.0,2339.0,2339.0,False,0.0,0.0,0,400,0,0.4601670780002678,0.0
s713,8,2339.0,2339.0,2339.0,2339.0,False,0.0,0.0,0,400,0,0.45235071600018273,0.0
s713,9,2339.0,2339.0,2339.0,2339.0,False,0.0,0.0,0,400,0,0.4598626669994701,0.0
s713,10,2339.0,2339.0,2339.0,2339.0,False,0.0,0.0,0,400,0,0.4539316020000115,0.0
s713,11,2339.0,2339.0,2339.0,2339.0,False,0.0,0.0,0,400,0,0.45934891300021263,0.0
s713,12,2339.0,2339.0,2339.0,2339.0,False,0.0,0.0,0,400,0,0.4508629899992229,0.0
s713,13,2339.0,2339.0,2339.0,2339.0,False,0.0,0.0,0,400,0,0.4600353370005905,0.0
s713,14,2339.0,2339.0,2339.0,2339.0,False,0.0,0.0,0,400,0,0.45114833699972223,0.0
s713,15,2339.0,2339.0,2339.0,2339.0,False,0.0,0.0,0,400,0,0.4613919209996311,0.0
s713,16,2339.0,2339.0,2339.0,2339.0,False,0.0,0.0,0,400,0,0.4614966459994321,0.0
s713,17,2339.0,2339.0,2339.0,2339.0,False,0.0,0.0,0,400,0,0.4538612380001723,0.0
s713,18,2339.0,2339.0,2339.0,2339.0,False,0.0,0.0,0,400,0,0.45899093099978927,0.0
s713,19,2339.0,2339.0,2339.0,2339.0,False,0.0,0.0,0,400,0,0.4524551190006605,0.0
s838,0,16098.0,16098.0,17351.0,16098.0,False,0.0,0.0,0,400,0,0.14464518900058465,0.0
s838,1,16098.0,16098.0,17351.0,16098.0,False,0.0,0.0,0,400,0,0.14322460200037312,0.0
s838,2,16098.0,16098.0,17351.0,16098.0,False,0.0,0.0,0,400,0,0.1428971619998265,0.0
s838,3,16098.0,16098.0,17351.0,16098.0,False,0.0,0.0,0,400,0,0.14613537700006418,0.0
s838,4,16098.0,16098.0,17351.0,16098.0,False,0.0,0.0,0,400,0,0.14560648600036075,0.0
s838,5,16098.0,16098.0,17351.0,16098.0,False,0.0,0.0,0,400,0,0.1433147439993263,0.0
s838,6,16098.0,16098.0,17351.0,16098.0,False,0.0,0.0,0,400,0,0.15358580599968263,0.0
s838,7,16098.0,16098.0,17351.0,16098.0,False,0.0,0.0,0,400,0,0.1430187810001371,0.0
s838,8,16098.0,16098.0,17351.0,16098.0,False,0.0,0.0,0,400,0,0.14442551600041043,0.0
s838,9,16098.0,16098.0,17351.0,16098.0,False,0.0,0.0,0,400,0,0.14353896700049518,0.0
s838,10,16098.0,16098.0,17351.0,16098.0,False,0.0,0.0,0,400,0,0.14479008499984047,0.0
s838,11,16098.0,16098.0,17351.0,16098.0,False,0.0,0.0,0,400,0,0.14119773299989902,0.0
s838,12,16098.0,16098.0,17351.0,16098.0,False,0.0,0.0,0,400,0,0.14598058100000344,0.0
s838,13,16098.0,16098.0,17351.0,16098.0,False,0.0,0.0,0,400,0,0.14580131999991863,0.0
s838,14,16098.0,16098.0,17351.0,16098.0,False,0.0,0.0,0,400,0,0.1457640620001257,0.0
s838,15,16098.0,16098.0,17351.0,16098.0,False,0.0,0.0,0,400,0,0.14609504700001708,0.0
s838,16,16098.0,16098.0,17351.0,16098.0,False,0.0,0.0,0,400,0,0.14571759499995096,0.0
s838,17,16098.0,16098.0,17351.0,16098.0,False,0.0,0.0,0,400,0,0.14553701300064859,0.0
s838,18,16098.0,16098.0,17351.0,16098.0,False,0.0,0.0,0,400,0,0.14604129100007412,0.0
s838,19,16098.0,16098.0,17351.0,16098.0,False,0.0,0.0,0,400,0,0.15095597999970778,0.0
s9234,0,29295.0,29326.0,30146.0,29326.0,True,31.0,0.10570824524312897,1,399,2,8.283335523999995,0.02537328299968067
s9234,1,29295.0,29326.0,30146.0,29326.0,True,31.0,0.10570824524312897,1,399,1,8.388419869000245,0.0233136030001333
s9234,2,29295.0,29326.0,30146.0,29326.0,True,31.0,0.10570824524312897,1,399,3,8.467984228000205,0.02677278299961472
s9234,3,29295.0,29326.0,30146.0,29326.0,True,31.0,0.10570824524312897,1,399,1,8.285594253999989,0.02306156800023018
s9234,4,29295.0,29326.0,30146.0,29326.0,True,31.0,0.10570824524312897,1,399,1,8.028428098999939,0.023479981999116717
s9234,5,29295.0,29326.0,30146.0,29326.0,True,31.0,0.10570824524312897,1,399,1,8.399137440000231,0.023151131000304304
s9234,6,29295.0,29326.0,30146.0,29326.0,True,31.0,0.10570824524312897,1,399,1,8.2270583490008,0.023072627000146895
s9234,7,29295.0,29326.0,30146.0,29326.0,True,31.0,0.10570824524312897,1,399,1,8.423895435999839,0.02297237099992344
s9234,8,29295.0,29326.0,30146.0,29326.0,True,31.0,0.10570824524312897,1,399,1,8.415472117999343,0.023278327000298304
s9234,9,29295.0,29326.0,30146.0,29326.0,True,31.0,0.10570824524312897,1,399,1,8.533449206999649,0.02439812800002983
s9234,10,29295.0,29326.0,30146.0,29326.0,True,31.0,0.10570824524312897,1,399,1,8.52084516800005,0.0232704999998532
s9234,11,29295.0,29326.0,30146.0,29326.0,True,31.0,0.10570824524312897,1,399,1,8.361863355999958,0.03306980399975146
s9234,12,29295.0,29326.0,30146.0,29326.0,True,31.0,0.10570824524312897,1,399,1,8.600437582000268,0.023515085000326508
s9234,13,29295.0,29326.0,30146.0,29326.0,True,31.0,0.10570824524312897,1,399,1,8.503651837000689,0.02388028499990469
s9234,14,29295.0,29326.0,30146.0,29326.0,True,31.0,0.10570824524312897,1,399,1,8.320871291000003,0.023168540999904508
s9234,15,29295.0,29326.0,30146.0,29326.0,True,31.0,0.10570824524312897,1,399,2,8.172050850999767,0.024852565999935905
s9234,16,29295.0,29326.0,30146.0,29326.0,True,31.0,0.10570824524312897,1,399,1,8.504973296000571,0.02313763199981622
s9234,17,29295.0,29326.0,30146.0,29326.0,True,31.0,0.10570824524312897,1,399,1,8.408154011999613,0.023167710999587143
s9234,18,29295.0,29326.0,30146.0,29326.0,True,31.0,0.10570824524312897,1,399,1,8.275233049000235,0.033266722000007576
s9234,19,29295.0,29326.0,30146.0,29326.0,True,31.0,0.10570824524312897,1,399,1,8.635459566000463,0.023127995999857376
s953,0,6228.0,6785.0,7996.0,6785.0,True,557.0,8.209285187914517,1,399,1,0.5423567119996733,0.001390782999806106
s953,1,6228.0,6785.0,7996.0,6785.0,True,557.0,8.209285187914517,1,399,1,0.5490209639992827,0.0014122140000836225
s953,2,6228.0,6785.0,7996.0,6785.0,True,557.0,8.209285187914517,1,399,1,0.5452607890001673,0.0013826690001224051
s953,3,6228.0,6785.0,7996.0,6785.0,True,557.0,8.209285187914517,1,399,1,0.5520085250000193,0.0014122259999567177
s953,4,6228.0,6785.0,7996.0,6785.0,True,557.0,8.209285187914517,1,399,1,0.5355066019992591,0.001381246999699215
s953,5,6228.0,6785.0,7996.0,6785.0,True,557.0,8.209285187914517,1,399,1,0.5454628560000856,0.001395266999679734
s953,6,6228.0,6785.0,7996.0,6785.0,True,557.0,8.209285187914517,1,399,1,0.5472453739994307,0.0013830690004397184
s953,7,6228.0,6785.0,7996.0,6785.0,True,557.0,8.209285187914517,1,399,1,0.5444900720003716,0.0014051650005058036
s953,8,6228.0,6785.0,7996.0,6785.0,True,557.0,8.209285187914517,1,399,1,0.5499291930000254,0.0013976549998915289
s953,9,6228.0,6785.0,7996.0,6785.0,True,557.0,8.209285187914517,1,399,1,0.541980928999692,0.0013906550002502627
s953,10,6228.0,6785.0,7996.0,6785.0,True,557.0,8.209285187914517,1,399,1,0.5438974710004914,0.0013758940003754105
s953,11,6228.0,6785.0,7996.0,6785.0,True,557.0,8.209285187914517,1,399,1,0.5436631689999558,0.0013940449998699478
s953,12,6228.0,6785.0,7996.0,6785.0,True,557.0,8.209285187914517,1,399,1,0.5447492939993026,0.0013828370001647272
s953,13,6228.0,6785.0,7996.0,6785.0,True,557.0,8.209285187914517,1,399,1,0.5433512909994533,0.001395100999616261
s953,14,6228.0,6785.0,7996.0,6785.0,True,557.0,8.209285187914517,1,399,1,0.5416570280003725,0.001380687000164471
s953,15,6228.0,6785.0,7996.0,6785.0,True,557.0,8.209285187914517,1,399,1,0.5401395240005513,0.0013748379997196025
s953,16,6228.0,6785.0,7996.0,6785.0,True,557.0,8.209285187914517,1,399,1,0.5484156770007758,0.001386018000630429
s953,17,6228.0,6785.0,7996.0,6785.0,True,557.0,8.209285187914517,1,399,1,0.5452290660005019,0.0013869189997421927
s953,18,6228.0,6785.0,7996.0,6785.0,True,557.0,8.209285187914517,1,399,1,0.5517131820006398,0.0014075219996811938
s953,19,6228.0,6785.0,7996.0,6785.0,True,557.0,8.209285187914517,1,399,1,0.5457349079997584,0.0014010580007379758
sample,0,40.0,40.0,40.0,40.0,False,0.0,0.0,0,400,0,0.005932711000241397,0.0
sample,1,40.0,40.0,40.0,40.0,False,0.0,0.0,0,400,0,0.005638856000587111,0.0
sample,2,40.0,40.0,40.0,40.0,False,0.0,0.0,0,400,0,0.0057361769995623035,0.0
sample,3,40.0,40.0,40.0,40.0,False,0.0,0.0,0,400,0,0.005574302999775682,0.0
sample,4,40.0,40.0,40.0,40.0,False,0.0,0.0,0,400,0,0.005648581000059494,0.0
sample,5,40.0,40.0,40.0,40.0,False,0.0,0.0,0,400,0,0.0055628360005357536,0.0
sample,6,40.0,40.0,40.0,40.0,False,0.0,0.0,0,400,0,0.0055841650000729715,0.0
sample,7,40.0,40.0,40.0,40.0,False,0.0,0.0,0,400,0,0.005505457000253955,0.0
sample,8,40.0,40.0,40.0,40.0,False,0.0,0.0,0,400,0,0.005537768999602122,0.0
sample,9,40.0,40.0,40.0,40.0,False,0.0,0.0,0,400,0,0.00556205900011264,0.0
sample,10,40.0,40.0,40.0,40.0,False,0.0,0.0,0,400,0,0.005527873000573891,0.0
sample,11,40.0,40.0,40.0,40.0,False,0.0,0.0,0,400,0,0.0055476449997513555,0.0
sample,12,40.0,40.0,40.0,40.0,False,0.0,0.0,0,400,0,0.0056290499996975996,0.0
sample,13,40.0,40.0,40.0,40.0,False,0.0,0.0,0,400,0,0.005611267999483971,0.0
sample,14,40.0,40.0,40.0,40.0,False,0.0,0.0,0,400,0,0.005615589999251824,0.0
sample,15,40.0,40.0,40.0,40.0,False,0.0,0.0,0,400,0,0.0055777589996068855,0.0
sample,16,40.0,40.0,40.0,40.0,False,0.0,0.0,0,400,0,0.005577144000199041,0.0
sample,17,40.0,40.0,40.0,40.0,False,0.0,0.0,0,400,0,0.005601646000286564,0.0
sample,18,40.0,40.0,40.0,40.0,False,0.0,0.0,0,400,0,0.005748104999838688,0.0
sample,19,40.0,40.0,40.0,40.0,False,0.0,0.0,0,400,0,0.005726836000576441,0.0
sbc,0,10094.0,10094.0,10436.0,10094.0,False,0.0,0.0,0,400,0,0.5429525419995116,0.0
sbc,1,10094.0,10094.0,10436.0,10094.0,False,0.0,0.0,0,400,0,0.6234489250000479,0.0
sbc,2,10094.0,10094.0,10436.0,10094.0,False,0.0,0.0,0,400,0,0.5429119379996337,0.0
sbc,3,10094.0,10094.0,10436.0,10094.0,False,0.0,0.0,0,400,0,0.5454241500001444,0.0
sbc,4,10094.0,10094.0,10436.0,10094.0,False,0.0,0.0,0,400,0,0.5391822439996758,0.0
sbc,5,10094.0,10094.0,10436.0,10094.0,False,0.0,0.0,0,400,0,0.5426551099999415,0.0
sbc,6,10094.0,10094.0,10436.0,10094.0,False,0.0,0.0,0,400,0,0.5602183559994955,0.0
sbc,7,10094.0,10094.0,10436.0,10094.0,False,0.0,0.0,0,400,0,0.5686831220000386,0.0
sbc,8,10094.0,10094.0,10436.0,10094.0,False,0.0,0.0,0,400,0,0.5415997999998581,0.0
sbc,9,10094.0,10094.0,10436.0,10094.0,False,0.0,0.0,0,400,0,0.5590242220005166,0.0
sbc,10,10094.0,10094.0,10436.0,10094.0,False,0.0,0.0,0,400,0,0.5556915830002254,0.0
sbc,11,10094.0,10094.0,10436.0,10094.0,False,0.0,0.0,0,400,0,0.5477567960006127,0.0
sbc,12,10094.0,10094.0,10436.0,10094.0,False,0.0,0.0,0,400,0,0.5601877700000841,0.0
sbc,13,10094.0,10094.0,10436.0,10094.0,False,0.0,0.0,0,400,0,0.557485454000016,0.0
sbc,14,10094.0,10094.0,10436.0,10094.0,False,0.0,0.0,0,400,0,0.5544149889992696,0.0
sbc,15,10094.0,10094.0,10436.0,10094.0,False,0.0,0.0,0,400,0,0.5397578189995329,0.0
sbc,16,10094.0,10094.0,10436.0,10094.0,False,0.0,0.0,0,400,0,0.5781154220003373,0.0
sbc,17,10094.0,10094.0,10436.0,10094.0,False,0.0,0.0,0,400,0,0.5484779539992815,0.0
sbc,18,10094.0,10094.0,10436.0,10094.0,False,0.0,0.0,0,400,0,0.5406044069995914,0.0
sbc,19,10094.0,10094.0,10436.0,10094.0,False,0.0,0.0,0,400,0,0.567416169000353,0.0
small,0,0.0,0.0,0.0,0.0,False,0.0,0.0,0,0,0,0.0008443500000794302,0.0
small,1,0.0,0.0,0.0,0.0,False,0.0,0.0,0,0,0,0.0004992330004824908,0.0
small,2,0.0,0.0,0.0,0.0,False,0.0,0.0,0,0,0,0.00047944400012056576,0.0
small,3,0.0,0.0,0.0,0.0,False,0.0,0.0,0,0,0,0.000463287999991735,0.0
small,4,0.0,0.0,0.0,0.0,False,0.0,0.0,0,0,0,0.0004625929996109335,0.0
small,5,0.0,0.0,0.0,0.0,False,0.0,0.0,0,0,0,0.0004477909997149254,0.0
small,6,0.0,0.0,0.0,0.0,False,0.0,0.0,0,0,0,0.00046492700039379997,0.0
small,7,0.0,0.0,0.0,0.0,False,0.0,0.0,0,0,0,0.00045781100016029086,0.0
small,8,0.0,0.0,0.0,0.0,False,0.0,0.0,0,0,0,0.0004429010004969314,0.0
small,9,0.0,0.0,0.0,0.0,False,0.0,0.0,0,0,0,0.00047503299992968095,0.0
small,10,0.0,0.0,0.0,0.0,False,0.0,0.0,0,0,0,0.00047813900073379045,0.0
small,11,0.0,0.0,0.0,0.0,False,0.0,0.0,0,0,0,0.00044663300013780827,0.0
small,12,0.0,0.0,0.0,0.0,False,0.0,0.0,0,0,0,0.00046570900030928897,0.0
small,13,0.0,0.0,0.0,0.0,False,0.0,0.0,0,0,0,0.00047256899961212184,0.0
small,14,0.0,0.0,0.0,0.0,False,0.0,0.0,0,0,0,0.0004546750005829381,0.0
small,15,0.0,0.0,0.0,0.0,False,0.0,0.0,0,0,0,0.00047094999990804354,0.0
small,16,0.0,0.0,0.0,0.0,False,0.0,0.0,0,0,0,0.0005253580002317904,0.0
small,17,0.0,0.0,0.0,0.0,False,0.0,0.0,0,0,0,0.0004796719995283638,0.0
small,18,0.0,0.0,0.0,0.0,False,0.0,0.0,0,0,0,0.0004710159992100671,0.0
small,19,0.0,0.0,0.0,0.0,False,0.0,0.0,0,0,0,0.000478558999930101,0.0
stg,0,5.0,6.0,5.0,5.0,False,0.0,0.0,0,400,0,0.025656404000073962,0.0
stg,1,5.0,6.0,5.0,5.0,False,0.0,0.0,0,400,0,0.025631708000219078,0.0
stg,2,5.0,6.0,5.0,5.0,False,0.0,0.0,0,400,0,0.02559641300013027,0.0
stg,3,5.0,6.0,5.0,5.0,False,0.0,0.0,0,400,0,0.026222645000416378,0.0
stg,4,5.0,6.0,5.0,5.0,False,0.0,0.0,0,400,0,0.025718547999531438,0.0
stg,5,5.0,6.0,5.0,5.0,False,0.0,0.0,0,400,0,0.025748506999661913,0.0
stg,6,5.0,6.0,5.0,5.0,False,0.0,0.0,0,400,0,0.025662260999524733,0.0
stg,7,5.0,6.0,5.0,5.0,False,0.0,0.0,0,400,0,0.02568857499954902,0.0
stg,8,5.0,6.0,5.0,5.0,False,0.0,0.0,0,400,0,0.026307998999982374,0.0
stg,9,5.0,6.0,5.0,5.0,False,0.0,0.0,0,400,0,0.026041529000394803,0.0
stg,10,5.0,6.0,5.0,5.0,False,0.0,0.0,0,400,0,0.02648628400038433,0.0
stg,11,5.0,6.0,5.0,5.0,False,0.0,0.0,0,400,0,0.025850555999568314,0.0
stg,12,5.0,6.0,5.0,5.0,False,0.0,0.0,0,400,0,0.025886892000016815,0.0
stg,13,5.0,6.0,5.0,5.0,False,0.0,0.0,0,400,0,0.02630935499928455,0.0
stg,14,5.0,6.0,5.0,5.0,False,0.0,0.0,0,400,0,0.02570078100052342,0.0
stg,15,5.0,6.0,5.0,5.0,False,0.0,0.0,0,400,0,0.02568214899929444,0.0
stg,16,5.0,6.0,5.0,5.0,False,0.0,0.0,0,400,0,0.025773477999791794,0.0
stg,17,5.0,6.0,5.0,5.0,False,0.0,0.0,0,400,0,0.02580399300040881,0.0
stg,18,5.0,6.0,5.0,5.0,False,0.0,0.0,0,400,0,0.02573546500025259,0.0
stg,19,5.0,6.0,5.0,5.0,False,0.0,0.0,0,400,0,0.025776827000299818,0.0
trace,0,2.0,2.0,2.0,2.0,False,0.0,0.0,0,400,0,0.007103277999704005,0.0
trace,1,2.0,2.0,2.0,2.0,False,0.0,0.0,0,400,0,0.007180884000263177,0.0
trace,2,2.0,2.0,2.0,2.0,False,0.0,0.0,0,400,0,0.0071038759997463785,0.0
trace,3,2.0,2.0,2.0,2.0,False,0.0,0.0,0,400,0,0.007135901999390626,0.0
trace,4,2.0,2.0,2.0,2.0,False,0.0,0.0,0,400,0,0.007169965000684897,0.0
trace,5,2.0,2.0,2.0,2.0,False,0.0,0.0,0,400,0,0.007185064999248425,0.0
trace,6,2.0,2.0,2.0,2.0,False,0.0,0.0,0,400,0,0.007077703000504698,0.0
trace,7,2.0,2.0,2.0,2.0,False,0.0,0.0,0,400,0,0.007077971000398975,0.0
trace,8,2.0,2.0,2.0,2.0,False,0.0,0.0,0,400,0,0.0070013940003264,0.0
trace,9,2.0,2.0,2.0,2.0,False,0.0,0.0,0,400,0,0.007053739999719255,0.0
trace,10,2.0,2.0,2.0,2.0,False,0.0,0.0,0,400,0,0.007101681000676763,0.0
trace,11,2.0,2.0,2.0,2.0,False,0.0,0.0,0,400,0,0.007067622999784362,0.0
trace,12,2.0,2.0,2.0,2.0,False,0.0,0.0,0,400,0,0.007048552000014752,0.0
trace,13,2.0,2.0,2.0,2.0,False,0.0,0.0,0,400,0,0.007040782999865769,0.0
trace,14,2.0,2.0,2.0,2.0,False,0.0,0.0,0,400,0,0.007080213000335789,0.0
trace,15,2.0,2.0,2.0,2.0,False,0.0,0.0,0,400,0,0.007162402999711048,0.0
trace,16,2.0,2.0,2.0,2.0,False,0.0,0.0,0,400,0,0.007095367000147235,0.0
trace,17,2.0,2.0,2.0,2.0,False,0.0,0.0,0,400,0,0.007206659000075888,0.0
trace,18,2.0,2.0,2.0,2.0,False,0.0,0.0,0,400,0,0.00719607500013808,0.0
trace,19,2.0,2.0,2.0,2.0,False,0.0,0.0,0,400,0,0.007216670000161685,0.0
