instance,algorithm,n,m,total_weight,backward_weight,forward_weight,forward_ratio,runtime,status,error,source_type,external_version_or_commit
bad1,lrta_full,13,14,21821.0,94.0,21727.0,0.9956922230878511,0.17893052101135254,ok,,in-repo,
bad1,wmsf_seed,13,14,21821.0,94.0,21727.0,0.9956922230878511,0.0007402896881103516,ok,,in-repo,
bad1,ipsns_full,13,14,21821.0,94.0,21727.0,0.9956922230878511,0.010178565979003906,ok,,in-repo,
bad1,borda_net_score,13,14,21821.0,5880.0,15941.0,0.7305348059209019,0.0004508495330810547,ok,,in-repo,
bad1,weighted_eades,13,14,21821.0,186.0,21635.0,0.9914761010036204,0.00046515464782714844,ok,,in-repo,
bad1,random_multistart,13,14,21821.0,3070.0,18751.0,0.859309839145777,0.0007131099700927734,ok,,in-repo,
bad1,igraph_approx_eades,13,14,21821.0,186.0,21635.0,0.9914761010036204,0.16517972946166992,ok,,external-wrapper,python-igraph==1.0.0
bad1,drmaciver_fas,13,14,21821.0,94.0,21727.0,0.9956922230878511,0.009672880172729492,ok,,external-wrapper,16ff24a92fde886e58819180a9fe686e60991c5c
bad2,lrta_full,11,12,13129.0,180.0,12949.0,0.9862898926041588,0.0005285739898681641,ok,,in-repo,
bad2,wmsf_seed,11,12,13129.0,180.0,12949.0,0.9862898926041588,0.0005581378936767578,ok,,in-repo,
bad2,ipsns_full,11,12,13129.0,180.0,12949.0,0.9862898926041588,0.009543418884277344,ok,,in-repo,
bad2,borda_net_score,11,12,13129.0,2607.0,10522.0,0.8014319445502323,0.0003993511199951172,ok,,in-repo,
bad2,weighted_eades,11,12,13129.0,1598.0,11531.0,0.8782847132302536,0.0004105567932128906,ok,,in-repo,
bad2,random_multistart,11,12,13129.0,2923.0,10206.0,0.7773630893441998,0.0006394386291503906,ok,,in-repo,
bad2,igraph_approx_eades,11,12,13129.0,1598.0,11531.0,0.8782847132302536,0.00043463706970214844,ok,,external-wrapper,python-igraph==1.0.0
bad2,drmaciver_fas,11,12,13129.0,180.0,12949.0,0.9862898926041588,0.005425214767456055,ok,,external-wrapper,16ff24a92fde886e58819180a9fe686e60991c5c
bad3,lrta_full,4,5,8287.0,1519.0,6768.0,0.8167008567636056,0.0011131763458251953,ok,,in-repo,
bad3,wmsf_seed,4,5,8287.0,1632.0,6655.0,0.803065041631471,0.0009760856628417969,ok,,in-repo,
bad3,ipsns_full,4,5,8287.0,1519.0,6768.0,0.8167008567636056,0.011715412139892578,ok,,in-repo,
bad3,borda_net_score,4,5,8287.0,2419.0,5868.0,0.7080970194280198,0.00064849853515625,ok,,in-repo,
bad3,weighted_eades,4,5,8287.0,2419.0,5868.0,0.7080970194280198,0.0005929470062255859,ok,,in-repo,
bad3,random_multistart,4,5,8287.0,1519.0,6768.0,0.8167008567636056,0.0006785392761230469,ok,,in-repo,
bad3,igraph_approx_eades,4,5,8287.0,2419.0,5868.0,0.7080970194280198,0.0005326271057128906,ok,,external-wrapper,python-igraph==1.0.0
bad3,drmaciver_fas,4,5,8287.0,1519.0,6768.0,0.8167008567636056,0.002304553985595703,ok,,external-wrapper,16ff24a92fde886e58819180a9fe686e60991c5c
bad4,lrta_full,10,11,22216.0,877.0,21339.0,0.9605239467050775,0.0011074542999267578,ok,,in-repo,
bad4,wmsf_seed,10,11,22216.0,877.0,21339.0,0.9605239467050775,0.0010676383972167969,ok,,in-repo,
bad4,ipsns_full,10,11,22216.0,877.0,21339.0,0.9605239467050775,0.015256166458129883,ok,,in-repo,
bad4,borda_net_score,10,11,22216.0,9822.0,12394.0,0.5578862081382787,0.0004296302795410156,ok,,in-repo,
bad4,weighted_eades,10,11,22216.0,2521.0,19695.0,0.886523226503421,0.0004334449768066406,ok,,in-repo,
bad4,random_multistart,10,11,22216.0,4638.0,17578.0,0.7912315448325531,0.0006220340728759766,ok,,in-repo,
bad4,igraph_approx_eades,10,11,22216.0,2521.0,19695.0,0.886523226503421,0.0004551410675048828,ok,,external-wrapper,python-igraph==1.0.0
bad4,drmaciver_fas,10,11,22216.0,877.0,21339.0,0.9605239467050775,0.0035648345947265625,ok,,external-wrapper,16ff24a92fde886e58819180a9fe686e60991c5c
bad5,lrta_full,10,11,20886.0,770.0,20116.0,0.9631331992722397,0.0008475780487060547,ok,,in-repo,
bad5,wmsf_seed,10,11,20886.0,770.0,20116.0,0.9631331992722397,0.0008640289306640625,ok,,in-repo,
bad5,ipsns_full,10,11,20886.0,770.0,20116.0,0.9631331992722397,0.010837316513061523,ok,,in-repo,
bad5,borda_net_score,10,11,20886.0,6714.0,14172.0,0.6785406492387245,0.000438690185546875,ok,,in-repo,
bad5,weighted_eades,10,11,20886.0,1699.0,19187.0,0.918653643589007,0.0004298686981201172,ok,,in-repo,
bad5,random_multistart,10,11,20886.0,5015.0,15871.0,0.7598870056497176,0.0006222724914550781,ok,,in-repo,
bad5,igraph_approx_eades,10,11,20886.0,1699.0,19187.0,0.918653643589007,0.0004551410675048828,ok,,external-wrapper,python-igraph==1.0.0
bad5,drmaciver_fas,10,11,20886.0,770.0,20116.0,0.9631331992722397,0.003734111785888672,ok,,external-wrapper,16ff24a92fde886e58819180a9fe686e60991c5c
bad6,lrta_full,9,10,11262.0,218.0,11044.0,0.9806428698277393,0.0007910728454589844,ok,,in-repo,
bad6,wmsf_seed,9,10,11262.0,218.0,11044.0,0.9806428698277393,0.0009222030639648438,ok,,in-repo,
bad6,ipsns_full,9,10,11262.0,218.0,11044.0,0.9806428698277393,0.013706445693969727,ok,,in-repo,
bad6,borda_net_score,9,10,11262.0,2425.0,8837.0,0.7846741253773752,0.0007493495941162109,ok,,in-repo,
bad6,weighted_eades,9,10,11262.0,1248.0,10014.0,0.8891848694725626,0.0007796287536621094,ok,,in-repo,
bad6,random_multistart,9,10,11262.0,1639.0,9623.0,0.8544663470076364,0.001219034194946289,ok,,in-repo,
bad6,igraph_approx_eades,9,10,11262.0,1248.0,10014.0,0.8891848694725626,0.0010542869567871094,ok,,external-wrapper,python-igraph==1.0.0
bad6,drmaciver_fas,9,10,11262.0,218.0,11044.0,0.9806428698277393,0.0063173770904541016,ok,,external-wrapper,16ff24a92fde886e58819180a9fe686e60991c5c
bad7,lrta_full,19,21,34295.0,1724.0,32571.0,0.9497302813821257,0.0016646385192871094,ok,,in-repo,
bad7,wmsf_seed,19,21,34295.0,1724.0,32571.0,0.9497302813821257,0.0017952919006347656,ok,,in-repo,
bad7,ipsns_full,19,21,34295.0,1724.0,32571.0,0.9497302813821257,0.016600847244262695,ok,,in-repo,
bad7,borda_net_score,19,21,34295.0,9989.0,24306.0,0.7087330514652281,0.0004382133483886719,ok,,in-repo,
bad7,weighted_eades,19,21,34295.0,1874.0,32421.0,0.9453564659571366,0.00045108795166015625,ok,,in-repo,
bad7,random_multistart,19,21,34295.0,8860.0,25435.0,0.7416533022306459,0.0007963180541992188,ok,,in-repo,
bad7,igraph_approx_eades,19,21,34295.0,1874.0,32421.0,0.9453564659571366,0.0004639625549316406,ok,,external-wrapper,python-igraph==1.0.0
bad7,drmaciver_fas,19,21,34295.0,1724.0,32571.0,0.9497302813821257,0.13191890716552734,ok,,external-wrapper,16ff24a92fde886e58819180a9fe686e60991c5c
bad,lrta_full,4,4,4.0,1.0,3.0,0.75,0.0005221366882324219,ok,,in-repo,
bad,wmsf_seed,4,4,4.0,1.0,3.0,0.75,0.00044035911560058594,ok,,in-repo,
bad,ipsns_full,4,4,4.0,1.0,3.0,0.75,0.004063606262207031,ok,,in-repo,
bad,borda_net_score,4,4,4.0,1.0,3.0,0.75,0.00039649009704589844,ok,,in-repo,
bad,weighted_eades,4,4,4.0,1.0,3.0,0.75,0.00041985511779785156,ok,,in-repo,
bad,random_multistart,4,4,4.0,1.0,3.0,0.75,0.0004780292510986328,ok,,in-repo,
bad,igraph_approx_eades,4,4,4.0,1.0,3.0,0.75,0.0004096031188964844,ok,,external-wrapper,python-igraph==1.0.0
bad,drmaciver_fas,4,4,4.0,1.0,3.0,0.75,0.0020151138305664062,ok,,external-wrapper,16ff24a92fde886e58819180a9fe686e60991c5c
grid,lrta_full,1001,3000,5616947.0,32957.0,5583990.0,0.9941325777152606,0.13512325286865234,ok,,in-repo,
grid,wmsf_seed,1001,3000,5616947.0,33294.0,5583653.0,0.9940725807097699,0.025678634643554688,ok,,in-repo,
grid,ipsns_full,1001,3000,5616947.0,32954.0,5583993.0,0.9941331118132324,0.4380638599395752,ok,,in-repo,
grid,borda_net_score,1001,3000,5616947.0,1816413.0,3800534.0,0.6766191669602722,0.00396418571472168,ok,,in-repo,
grid,weighted_eades,1001,3000,5616947.0,540843.0,5076104.0,0.9037122835590223,0.03814053535461426,ok,,in-repo,
grid,random_multistart,1001,3000,5616947.0,2645056.0,2971891.0,0.5290936517649178,0.03316688537597656,ok,,in-repo,
grid,igraph_approx_eades,1001,3000,5616947.0,510323.0,5106624.0,0.9091458402580619,0.004842519760131836,ok,,external-wrapper,python-igraph==1.0.0
grid,drmaciver_fas,1001,3000,5616947.0,58787.0,5558160.0,0.9895339941786881,6.26163387298584,ok,,external-wrapper,16ff24a92fde886e58819180a9fe686e60991c5c
r1000,lrta_full,999,3960,41238.0,4375.0,36863.0,0.8939085309665842,0.15001440048217773,ok,,in-repo,
r1000,wmsf_seed,999,3960,41238.0,4535.0,36703.0,0.8900286143847908,0.3884749412536621,ok,,in-repo,
r1000,ipsns_full,999,3960,41238.0,4055.0,37183.0,0.9016683641301712,57.05948734283447,ok,,in-repo,
r1000,borda_net_score,999,3960,41238.0,12394.0,28844.0,0.6994519617828217,0.004784345626831055,ok,,in-repo,
r1000,weighted_eades,999,3960,41238.0,7495.0,33743.0,0.8182501576216111,0.032798051834106445,ok,,in-repo,
r1000,random_multistart,999,3960,41238.0,19689.0,21549.0,0.5225520151316747,0.040874481201171875,ok,,in-repo,
r1000,igraph_approx_eades,999,3960,41238.0,7140.0,34098.0,0.8268587225374654,0.005643606185913086,ok,,external-wrapper,python-igraph==1.0.0
r1000,drmaciver_fas,999,3960,41238.0,5649.0,35589.0,0.8630146951840535,6.257203102111816,ok,,external-wrapper,16ff24a92fde886e58819180a9fe686e60991c5c
rd_1024_2048_1,lrta_full,1024,2047,10174552.0,296189.0,9878363.0,0.9708892342385198,0.05051064491271973,ok,,in-repo,
rd_1024_2048_1,wmsf_seed,1024,2047,10174552.0,322617.0,9851935.0,0.9682917734363145,0.43372011184692383,ok,,in-repo,
rd_1024_2048_1,ipsns_full,1024,2047,10174552.0,285351.0,9889201.0,0.9719544408441767,16.71441340446472,ok,,in-repo,
rd_1024_2048_1,borda_net_score,1024,2047,10174552.0,2679487.0,7495065.0,0.7366481590540792,0.003268718719482422,ok,,in-repo,
rd_1024_2048_1,weighted_eades,1024,2047,10174552.0,971257.0,9203295.0,0.9045405635550342,0.021477460861206055,ok,,in-repo,
rd_1024_2048_1,random_multistart,1024,2047,10174552.0,4687367.0,5487185.0,0.5393048263943219,0.029247045516967773,ok,,in-repo,
rd_1024_2048_1,igraph_approx_eades,1024,2047,10174552.0,926106.0,9248446.0,0.908978203659483,0.003596782684326172,ok,,external-wrapper,python-igraph==1.0.0
rd_1024_2048_1,drmaciver_fas,1024,2047,10174552.0,713601.0,9460951.0,0.9298641355412995,6.3649609088897705,ok,,external-wrapper,16ff24a92fde886e58819180a9fe686e60991c5c
rd_big,lrta_full,1000,2999,14980648.0,1096757.0,13883891.0,0.9267884139591291,0.11482620239257812,ok,,in-repo,
rd_big,wmsf_seed,1000,2999,14980648.0,1168443.0,13812205.0,0.922003173694489,0.6493895053863525,ok,,in-repo,
rd_big,ipsns_full,1000,2999,14980648.0,1061050.0,13919598.0,0.9291719557124631,35.64498257637024,ok,,in-repo,
rd_big,borda_net_score,1000,2999,14980648.0,4284108.0,10696540.0,0.7140238526397523,0.004103660583496094,ok,,in-repo,
rd_big,weighted_eades,1000,2999,14980648.0,2232857.0,12747791.0,0.8509505730326218,0.02857518196105957,ok,,in-repo,
rd_big,random_multistart,1000,2999,14980648.0,7253591.0,7727057.0,0.5158025874448154,0.03790569305419922,ok,,in-repo,
rd_big,igraph_approx_eades,1000,2999,14980648.0,2076676.0,12903972.0,0.8613760900062534,0.005729198455810547,ok,,external-wrapper,python-igraph==1.0.0
rd_big,drmaciver_fas,1000,2999,14980648.0,1614481.0,13366167.0,0.8922288942374188,6.256046533584595,ok,,external-wrapper,16ff24a92fde886e58819180a9fe686e60991c5c
complete2,lrta_full,2,2,2.0,1.0,1.0,0.5,0.0005280971527099609,ok,,in-repo,
complete2,wmsf_seed,2,2,2.0,1.0,1.0,0.5,0.0004930496215820312,ok,,in-repo,
complete2,ipsns_full,2,2,2.0,1.0,1.0,0.5,0.0034813880920410156,ok,,in-repo,
complete2,borda_net_score,2,2,2.0,1.0,1.0,0.5,0.0004150867462158203,ok,,in-repo,
complete2,weighted_eades,2,2,2.0,1.0,1.0,0.5,0.0004189014434814453,ok,,in-repo,
complete2,random_multistart,2,2,2.0,1.0,1.0,0.5,0.0004546642303466797,ok,,in-repo,
complete2,igraph_approx_eades,2,2,2.0,1.0,1.0,0.5,0.0004258155822753906,ok,,external-wrapper,python-igraph==1.0.0
complete2,drmaciver_fas,2,2,2.0,1.0,1.0,0.5,0.002025127410888672,ok,,external-wrapper,16ff24a92fde886e58819180a9fe686e60991c5c
complete3,lrta_full,3,6,6.0,3.0,3.0,0.5,0.0007939338684082031,ok,,in-repo,
complete3,wmsf_seed,3,6,6.0,3.0,3.0,0.5,0.0008440017700195312,ok,,in-repo,
complete3,ipsns_full,3,6,6.0,3.0,3.0,0.5,0.011435985565185547,ok,,in-repo,
complete3,borda_net_score,3,6,6.0,3.0,3.0,0.5,0.0007176399230957031,ok,,in-repo,
complete3,weighted_eades,3,6,6.0,3.0,3.0,0.5,0.0007395744323730469,ok,,in-repo,
complete3,random_multistart,3,6,6.0,3.0,3.0,0.5,0.0008409023284912109,ok,,in-repo,
complete3,igraph_approx_eades,3,6,6.0,3.0,3.0,0.5,0.0007979869842529297,ok,,external-wrapper,python-igraph==1.0.0
complete3,drmaciver_fas,3,6,6.0,3.0,3.0,0.5,0.0019257068634033203,ok,,external-wrapper,16ff24a92fde886e58819180a9fe686e60991c5c
complete4,lrta_full,4,12,12.0,6.0,6.0,0.5,0.0007936954498291016,ok,,in-repo,
complete4,wmsf_seed,4,12,12.0,6.0,6.0,0.5,0.0008828639984130859,ok,,in-repo,
complete4,ipsns_full,4,12,12.0,6.0,6.0,0.5,0.011724472045898438,ok,,in-repo,
complete4,borda_net_score,4,12,12.0,6.0,6.0,0.5,0.000408172607421875,ok,,in-repo,
complete4,weighted_eades,4,12,12.0,6.0,6.0,0.5,0.0003924369812011719,ok,,in-repo,
complete4,random_multistart,4,12,12.0,6.0,6.0,0.5,0.0005142688751220703,ok,,in-repo,
complete4,igraph_approx_eades,4,12,12.0,6.0,6.0,0.5,0.00039839744567871094,ok,,external-wrapper,python-igraph==1.0.0
complete4,drmaciver_fas,4,12,12.0,6.0,6.0,0.5,0.0018587112426757812,ok,,external-wrapper,16ff24a92fde886e58819180a9fe686e60991c5c
complete5,lrta_full,5,20,20.0,10.0,10.0,0.5,0.0008051395416259766,ok,,in-repo,
complete5,wmsf_seed,5,20,20.0,10.0,10.0,0.5,0.0009324550628662109,ok,,in-repo,
complete5,ipsns_full,5,20,20.0,10.0,10.0,0.5,0.018198251724243164,ok,,in-repo,
complete5,borda_net_score,5,20,20.0,10.0,10.0,0.5,0.0004329681396484375,ok,,in-repo,
complete5,weighted_eades,5,20,20.0,10.0,10.0,0.5,0.00039124488830566406,ok,,in-repo,
complete5,random_multistart,5,20,20.0,10.0,10.0,0.5,0.0005819797515869141,ok,,in-repo,
complete5,igraph_approx_eades,5,20,20.0,10.0,10.0,0.5,0.00042247772216796875,ok,,external-wrapper,python-igraph==1.0.0
complete5,drmaciver_fas,5,20,20.0,10.0,10.0,0.5,0.0018646717071533203,ok,,external-wrapper,16ff24a92fde886e58819180a9fe686e60991c5c
complete6,lrta_full,6,30,30.0,15.0,15.0,0.5,0.0008425712585449219,ok,,in-repo,
complete6,wmsf_seed,6,30,30.0,15.0,15.0,0.5,0.001004934310913086,ok,,in-repo,
complete6,ipsns_full,6,30,30.0,15.0,15.0,0.5,0.018801212310791016,ok,,in-repo,
complete6,borda_net_score,6,30,30.0,15.0,15.0,0.5,0.0004239082336425781,ok,,in-repo,
complete6,weighted_eades,6,30,30.0,15.0,15.0,0.5,0.00042557716369628906,ok,,in-repo,
complete6,random_multistart,6,30,30.0,15.0,15.0,0.5,0.000614166259765625,ok,,in-repo,
complete6,igraph_approx_eades,6,30,30.0,15.0,15.0,0.5,0.0004611015319824219,ok,,external-wrapper,python-igraph==1.0.0
complete6,drmaciver_fas,6,30,30.0,15.0,15.0,0.5,0.001863718032836914,ok,,external-wrapper,16ff24a92fde886e58819180a9fe686e60991c5c
complete7,lrta_full,7,42,42.0,21.0,21.0,0.5,0.0009431838989257812,ok,,in-repo,
complete7,wmsf_seed,7,42,42.0,21.0,21.0,0.5,0.0007107257843017578,ok,,in-repo,
complete7,ipsns_full,7,42,42.0,21.0,21.0,0.5,0.02164936065673828,ok,,in-repo,
complete7,borda_net_score,7,42,42.0,21.0,21.0,0.5,0.00041294097900390625,ok,,in-repo,
complete7,weighted_eades,7,42,42.0,21.0,21.0,0.5,0.00041794776916503906,ok,,in-repo,
complete7,random_multistart,7,42,42.0,21.0,21.0,0.5,0.0006847381591796875,ok,,in-repo,
complete7,igraph_approx_eades,7,42,42.0,21.0,21.0,0.5,0.00043582916259765625,ok,,external-wrapper,python-igraph==1.0.0
complete7,drmaciver_fas,7,42,42.0,21.0,21.0,0.5,0.0015559196472167969,ok,,external-wrapper,16ff24a92fde886e58819180a9fe686e60991c5c
complete8,lrta_full,8,56,56.0,28.0,28.0,0.5,0.0005366802215576172,ok,,in-repo,
complete8,wmsf_seed,8,56,56.0,28.0,28.0,0.5,0.0007021427154541016,ok,,in-repo,
complete8,ipsns_full,8,56,56.0,28.0,28.0,0.5,0.0274660587310791,ok,,in-repo,
complete8,borda_net_score,8,56,56.0,28.0,28.0,0.5,0.00044655799865722656,ok,,in-repo,
complete8,weighted_eades,8,56,56.0,28.0,28.0,0.5,0.00044727325439453125,ok,,in-repo,
complete8,random_multistart,8,56,56.0,28.0,28.0,0.5,0.0007734298706054688,ok,,in-repo,
complete8,igraph_approx_eades,8,56,56.0,28.0,28.0,0.5,0.0004608631134033203,ok,,external-wrapper,python-igraph==1.0.0
complete8,drmaciver_fas,8,56,56.0,28.0,28.0,0.5,0.0019009113311767578,ok,,external-wrapper,16ff24a92fde886e58819180a9fe686e60991c5c
complete9,lrta_full,9,72,72.0,36.0,36.0,0.5,0.0005705356597900391,ok,,in-repo,
complete9,wmsf_seed,9,72,72.0,36.0,36.0,0.5,0.0007519721984863281,ok,,in-repo,
complete9,ipsns_full,9,72,72.0,36.0,36.0,0.5,0.04297780990600586,ok,,in-repo,
complete9,borda_net_score,9,72,72.0,36.0,36.0,0.5,0.0008032321929931641,ok,,in-repo,
complete9,weighted_eades,9,72,72.0,36.0,36.0,0.5,0.0004825592041015625,ok,,in-repo,
complete9,random_multistart,9,72,72.0,36.0,36.0,0.5,0.0008437633514404297,ok,,in-repo,
complete9,igraph_approx_eades,9,72,72.0,36.0,36.0,0.5,0.0005121231079101562,ok,,external-wrapper,python-igraph==1.0.0
complete9,drmaciver_fas,9,72,72.0,36.0,36.0,0.5,0.0025725364685058594,ok,,external-wrapper,16ff24a92fde886e58819180a9fe686e60991c5c
dene,lrta_full,2,2,6.0,2.0,4.0,0.6666666666666666,0.0004343986511230469,ok,,in-repo,
dene,wmsf_seed,2,2,6.0,2.0,4.0,0.6666666666666666,0.0004246234893798828,ok,,in-repo,
dene,ipsns_full,2,2,6.0,2.0,4.0,0.6666666666666666,0.003670930862426758,ok,,in-repo,
dene,borda_net_score,2,2,6.0,2.0,4.0,0.6666666666666666,0.0003674030303955078,ok,,in-repo,
dene,weighted_eades,2,2,6.0,2.0,4.0,0.6666666666666666,0.0004093647003173828,ok,,in-repo,
dene,random_multistart,2,2,6.0,2.0,4.0,0.6666666666666666,0.0004303455352783203,ok,,in-repo,
dene,igraph_approx_eades,2,2,6.0,2.0,4.0,0.6666666666666666,0.00038695335388183594,ok,,external-wrapper,python-igraph==1.0.0
dene,drmaciver_fas,2,2,6.0,2.0,4.0,0.6666666666666666,0.0021538734436035156,ok,,external-wrapper,16ff24a92fde886e58819180a9fe686e60991c5c
example-bad1,lrta_full,5,6,25016.0,4494.0,20522.0,0.8203549728173969,0.0009596347808837891,ok,,in-repo,
example-bad1,wmsf_seed,5,6,25016.0,4494.0,20522.0,0.8203549728173969,0.001207113265991211,ok,,in-repo,
example-bad1,ipsns_full,5,6,25016.0,4494.0,20522.0,0.8203549728173969,0.012403249740600586,ok,,in-repo,
example-bad1,borda_net_score,5,6,25016.0,7202.0,17814.0,0.7121042532779022,0.0005037784576416016,ok,,in-repo,
example-bad1,weighted_eades,5,6,25016.0,4494.0,20522.0,0.8203549728173969,0.0004856586456298828,ok,,in-repo,
example-bad1,random_multistart,5,6,25016.0,4494.0,20522.0,0.8203549728173969,0.0005719661712646484,ok,,in-repo,
example-bad1,igraph_approx_eades,5,6,25016.0,4494.0,20522.0,0.8203549728173969,0.0004303455352783203,ok,,external-wrapper,python-igraph==1.0.0
example-bad1,drmaciver_fas,5,6,25016.0,4494.0,20522.0,0.8203549728173969,0.0019958019256591797,ok,,external-wrapper,16ff24a92fde886e58819180a9fe686e60991c5c
example-bad2,lrta_full,4,8,36446.0,15205.0,21241.0,0.5828074411458047,0.0009791851043701172,ok,,in-repo,
example-bad2,wmsf_seed,4,8,36446.0,15205.0,21241.0,0.5828074411458047,0.0012319087982177734,ok,,in-repo,
example-bad2,ipsns_full,4,8,36446.0,15205.0,21241.0,0.5828074411458047,0.012808561325073242,ok,,in-repo,
example-bad2,borda_net_score,4,8,36446.0,16331.0,20115.0,0.5519124183723866,0.0003998279571533203,ok,,in-repo,
example-bad2,weighted_eades,4,8,36446.0,15205.0,21241.0,0.5828074411458047,0.00038814544677734375,ok,,in-repo,
example-bad2,random_multistart,4,8,36446.0,15205.0,21241.0,0.5828074411458047,0.0004837512969970703,ok,,in-repo,
example-bad2,igraph_approx_eades,4,8,36446.0,15205.0,21241.0,0.5828074411458047,0.0004055500030517578,ok,,external-wrapper,python-igraph==1.0.0
example-bad2,drmaciver_fas,4,8,36446.0,15205.0,21241.0,0.5828074411458047,0.0018198490142822266,ok,,external-wrapper,16ff24a92fde886e58819180a9fe686e60991c5c
example-bad3,lrta_full,5,6,9712.0,1165.0,8547.0,0.8800453047775947,0.0007987022399902344,ok,,in-repo,
example-bad3,wmsf_seed,5,6,9712.0,1165.0,8547.0,0.8800453047775947,0.000885009765625,ok,,in-repo,
example-bad3,ipsns_full,5,6,9712.0,1165.0,8547.0,0.8800453047775947,0.010743379592895508,ok,,in-repo,
example-bad3,borda_net_score,5,6,9712.0,3883.0,5829.0,0.6001853377265239,0.0004401206970214844,ok,,in-repo,
example-bad3,weighted_eades,5,6,9712.0,1165.0,8547.0,0.8800453047775947,0.0004298686981201172,ok,,in-repo,
example-bad3,random_multistart,5,6,9712.0,1165.0,8547.0,0.8800453047775947,0.0005211830139160156,ok,,in-repo,
example-bad3,igraph_approx_eades,5,6,9712.0,1165.0,8547.0,0.8800453047775947,0.0004093647003173828,ok,,external-wrapper,python-igraph==1.0.0
example-bad3,drmaciver_fas,5,6,9712.0,1165.0,8547.0,0.8800453047775947,0.0018596649169921875,ok,,external-wrapper,16ff24a92fde886e58819180a9fe686e60991c5c
example,lrta_full,18,32,133693.0,32173.0,101520.0,0.7593516489270193,0.0009868144989013672,ok,,in-repo,
example,wmsf_seed,18,32,133693.0,32703.0,100990.0,0.7553873426432199,0.0012888908386230469,ok,,in-repo,
example,ipsns_full,18,32,133693.0,32173.0,101520.0,0.7593516489270193,0.01716303825378418,ok,,in-repo,
example,borda_net_score,18,32,133693.0,49403.0,84290.0,0.6304742955876523,0.0004830360412597656,ok,,in-repo,
example,weighted_eades,18,32,133693.0,36531.0,97162.0,0.72675457952174,0.0004665851593017578,ok,,in-repo,
example,random_multistart,18,32,133693.0,53614.0,80079.0,0.5989767601893892,0.0008182525634765625,ok,,in-repo,
example,igraph_approx_eades,18,32,133693.0,37070.0,96623.0,0.7227229548293478,0.00045800209045410156,ok,,external-wrapper,python-igraph==1.0.0
example,drmaciver_fas,18,32,133693.0,32703.0,100990.0,0.7553873426432199,0.12549304962158203,ok,,external-wrapper,16ff24a92fde886e58819180a9fe686e60991c5c
example.new,lrta_full,18,27,150341.0,18638.0,131703.0,0.8760284952208646,0.0006184577941894531,ok,,in-repo,
example.new,wmsf_seed,18,27,150341.0,19736.0,130605.0,0.8687250982765846,0.0006184577941894531,ok,,in-repo,
example.new,ipsns_full,18,27,150341.0,18638.0,131703.0,0.8760284952208646,0.009475231170654297,ok,,in-repo,
example.new,borda_net_score,18,27,150341.0,32504.0,117837.0,0.7837981655037548,0.0004162788391113281,ok,,in-repo,
example.new,weighted_eades,18,27,150341.0,24000.0,126341.0,0.8403629083217485,0.0004677772521972656,ok,,in-repo,
example.new,random_multistart,18,27,150341.0,36817.0,113524.0,0.7551100498200757,0.00077056884765625,ok,,in-repo,
example.new,igraph_approx_eades,18,27,150341.0,24000.0,126341.0,0.8403629083217485,0.0004901885986328125,ok,,external-wrapper,python-igraph==1.0.0
example.new,drmaciver_fas,18,27,150341.0,18638.0,131703.0,0.8760284952208646,0.1225273609161377,ok,,external-wrapper,16ff24a92fde886e58819180a9fe686e60991c5c
example-rev,lrta_full,18,32,462.0,118.0,344.0,0.7445887445887446,0.0006422996520996094,ok,,in-repo,
example-rev,wmsf_seed,18,32,462.0,118.0,344.0,0.7445887445887446,0.0006248950958251953,ok,,in-repo,
example-rev,ipsns_full,18,32,462.0,118.0,344.0,0.7445887445887446,0.009934425354003906,ok,,in-repo,
example-rev,borda_net_score,18,32,462.0,203.0,259.0,0.5606060606060606,0.0004258155822753906,ok,,in-repo,
example-rev,weighted_eades,18,32,462.0,141.0,321.0,0.6948051948051948,0.0004489421844482422,ok,,in-repo,
example-rev,random_multistart,18,32,462.0,191.0,271.0,0.5865800865800865,0.0008223056793212891,ok,,in-repo,
example-rev,igraph_approx_eades,18,32,462.0,177.0,285.0,0.6168831168831169,0.0004677772521972656,ok,,external-wrapper,python-igraph==1.0.0
example-rev,drmaciver_fas,18,32,462.0,118.0,344.0,0.7445887445887446,0.12775778770446777,ok,,external-wrapper,16ff24a92fde886e58819180a9fe686e60991c5c
gerez,lrta_full,4,16,-113.0,-92.0,-21.0,1.0,0.000484466552734375,ok,,in-repo,
gerez,wmsf_seed,4,16,-113.0,-92.0,-21.0,1.0,0.0005006790161132812,ok,,in-repo,
gerez,ipsns_full,4,16,-113.0,-92.0,-21.0,1.0,0.0005383491516113281,ok,,in-repo,
gerez,borda_net_score,4,16,-113.0,-104.0,-9.0,1.0,0.00039768218994140625,ok,,in-repo,
gerez,weighted_eades,4,16,-113.0,,,,3.8623809814453125e-05,error,negative_weights_detected,in-repo,
gerez,random_multistart,4,16,-113.0,-104.0,-9.0,1.0,0.0005059242248535156,ok,,in-repo,
gerez,igraph_approx_eades,4,16,-113.0,-96.0,-17.0,1.0,0.0004687309265136719,ok,,external-wrapper,python-igraph==1.0.0
gerez,drmaciver_fas,4,16,-113.0,-104.0,-9.0,1.0,0.0016222000122070312,ok,,external-wrapper,16ff24a92fde886e58819180a9fe686e60991c5c
good,lrta_full,4,4,4.0,1.0,3.0,0.75,0.0004153251647949219,ok,,in-repo,
good,wmsf_seed,4,4,4.0,1.0,3.0,0.75,0.0004024505615234375,ok,,in-repo,
good,ipsns_full,4,4,4.0,1.0,3.0,0.75,0.004179716110229492,ok,,in-repo,
good,borda_net_score,4,4,4.0,1.0,3.0,0.75,0.0003783702850341797,ok,,in-repo,
good,weighted_eades,4,4,4.0,1.0,3.0,0.75,0.0004177093505859375,ok,,in-repo,
good,random_multistart,4,4,4.0,1.0,3.0,0.75,0.0004811286926269531,ok,,in-repo,
good,igraph_approx_eades,4,4,4.0,1.0,3.0,0.75,0.0004258155822753906,ok,,external-wrapper,python-igraph==1.0.0
good,drmaciver_fas,4,4,4.0,1.0,3.0,0.75,0.0018658638000488281,ok,,external-wrapper,16ff24a92fde886e58819180a9fe686e60991c5c
gr00,lrta_full,0,0,0.0,0.0,0.0,1.0,0.00043272972106933594,ok,,in-repo,
gr00,wmsf_seed,0,0,0.0,0.0,0.0,1.0,0.0002167224884033203,ok,,in-repo,
gr00,ipsns_full,0,0,0.0,0.0,0.0,1.0,0.0001804828643798828,ok,,in-repo,
gr00,borda_net_score,0,0,0.0,0.0,0.0,1.0,0.00013399124145507812,ok,,in-repo,
gr00,weighted_eades,0,0,0.0,0.0,0.0,1.0,0.0001251697540283203,ok,,in-repo,
gr00,random_multistart,0,0,0.0,0.0,0.0,1.0,0.00017023086547851562,ok,,in-repo,
gr00,igraph_approx_eades,0,0,0.0,0.0,0.0,1.0,0.00014448165893554688,ok,,external-wrapper,python-igraph==1.0.0
gr00,drmaciver_fas,0,0,0,,,,0.0005037784576416016,error,"fas exited 1: Empty tournament
",external-wrapper,
gr0,lrta_full,1,1,6410.0,6410.0,0.0,0.0,0.0007960796356201172,ok,,in-repo,
gr0,wmsf_seed,1,1,6410.0,6410.0,0.0,0.0,0.0007369518280029297,ok,,in-repo,
gr0,ipsns_full,1,1,6410.0,6410.0,0.0,0.0,0.0007739067077636719,ok,,in-repo,
gr0,borda_net_score,1,1,6410.0,6410.0,0.0,0.0,0.0007026195526123047,ok,,in-repo,
gr0,weighted_eades,1,1,6410.0,6410.0,0.0,0.0,0.0007035732269287109,ok,,in-repo,
gr0,random_multistart,1,1,6410.0,6410.0,0.0,0.0,0.0007724761962890625,ok,,in-repo,
gr0,igraph_approx_eades,1,1,6410.0,6410.0,0.0,0.0,0.0007634162902832031,ok,,external-wrapper,python-igraph==1.0.0
gr0,drmaciver_fas,1,1,6410.0,6410.0,0.0,0.0,0.002113819122314453,ok,,external-wrapper,16ff24a92fde886e58819180a9fe686e60991c5c
gr10,lrta_full,47,83,412347.0,62435.0,349912.0,0.848586263511072,0.0015799999237060547,ok,,in-repo,
gr10,wmsf_seed,47,83,412347.0,58481.0,353866.0,0.8581752747079523,0.0012197494506835938,ok,,in-repo,
gr10,ipsns_full,47,83,412347.0,58481.0,353866.0,0.8581752747079523,0.016892671585083008,ok,,in-repo,
gr10,borda_net_score,47,83,412347.0,107411.0,304936.0,0.7395130800030072,0.000499725341796875,ok,,in-repo,
gr10,weighted_eades,47,83,412347.0,65061.0,347286.0,0.8422178407991328,0.0006024837493896484,ok,,in-repo,
gr10,random_multistart,47,83,412347.0,160630.0,251717.0,0.6104494515541522,0.0014765262603759766,ok,,in-repo,
gr10,igraph_approx_eades,47,83,412347.0,65061.0,347286.0,0.8422178407991328,0.0005669593811035156,ok,,external-wrapper,python-igraph==1.0.0
gr10,drmaciver_fas,47,83,412347.0,59093.0,353254.0,0.8566910878459162,0.5688719749450684,ok,,external-wrapper,16ff24a92fde886e58819180a9fe686e60991c5c
gr11,lrta_full,4,5,33937.0,12414.0,21523.0,0.6342045554998968,0.0005929470062255859,ok,,in-repo,
gr11,wmsf_seed,4,5,33937.0,12414.0,21523.0,0.6342045554998968,0.00048470497131347656,ok,,in-repo,
gr11,ipsns_full,4,5,33937.0,12414.0,21523.0,0.6342045554998968,0.004340410232543945,ok,,in-repo,
gr11,borda_net_score,4,5,33937.0,12414.0,21523.0,0.6342045554998968,0.00041675567626953125,ok,,in-repo,
gr11,weighted_eades,4,5,33937.0,12414.0,21523.0,0.6342045554998968,0.000431060791015625,ok,,in-repo,
gr11,random_multistart,4,5,33937.0,12414.0,21523.0,0.6342045554998968,0.0004932880401611328,ok,,in-repo,
gr11,igraph_approx_eades,4,5,33937.0,12414.0,21523.0,0.6342045554998968,0.00044274330139160156,ok,,external-wrapper,python-igraph==1.0.0
gr11,drmaciver_fas,4,5,33937.0,12414.0,21523.0,0.6342045554998968,0.001434326171875,ok,,external-wrapper,16ff24a92fde886e58819180a9fe686e60991c5c
gr11d,lrta_full,4,5,45397.0,12414.0,32983.0,0.7265458069916514,0.00041794776916503906,ok,,in-repo,
gr11d,wmsf_seed,4,5,45397.0,12414.0,32983.0,0.7265458069916514,0.0004534721374511719,ok,,in-repo,
gr11d,ipsns_full,4,5,45397.0,12414.0,32983.0,0.7265458069916514,0.004266262054443359,ok,,in-repo,
gr11d,borda_net_score,4,5,45397.0,12414.0,32983.0,0.7265458069916514,0.00040078163146972656,ok,,in-repo,
gr11d,weighted_eades,4,5,45397.0,12414.0,32983.0,0.7265458069916514,0.00041031837463378906,ok,,in-repo,
gr11d,random_multistart,4,5,45397.0,12414.0,32983.0,0.7265458069916514,0.00047016143798828125,ok,,in-repo,
gr11d,igraph_approx_eades,4,5,45397.0,12414.0,32983.0,0.7265458069916514,0.00045180320739746094,ok,,external-wrapper,python-igraph==1.0.0
gr11d,drmaciver_fas,4,5,45397.0,12414.0,32983.0,0.7265458069916514,0.001882791519165039,ok,,external-wrapper,16ff24a92fde886e58819180a9fe686e60991c5c
gr12,lrta_full,5,6,23296.0,2133.0,21163.0,0.908439217032967,0.0007390975952148438,ok,,in-repo,
gr12,wmsf_seed,5,6,23296.0,2133.0,21163.0,0.908439217032967,0.0008590221405029297,ok,,in-repo,
gr12,ipsns_full,5,6,23296.0,2133.0,21163.0,0.908439217032967,0.007856369018554688,ok,,in-repo,
gr12,borda_net_score,5,6,23296.0,8038.0,15258.0,0.6549622252747253,0.00040912628173828125,ok,,in-repo,
gr12,weighted_eades,5,6,23296.0,2133.0,21163.0,0.908439217032967,0.0004115104675292969,ok,,in-repo,
gr12,random_multistart,5,6,23296.0,2133.0,21163.0,0.908439217032967,0.0005214214324951172,ok,,in-repo,
gr12,igraph_approx_eades,5,6,23296.0,2133.0,21163.0,0.908439217032967,0.0004169940948486328,ok,,external-wrapper,python-igraph==1.0.0
gr12,drmaciver_fas,5,6,23296.0,2133.0,21163.0,0.908439217032967,0.0018610954284667969,ok,,external-wrapper,16ff24a92fde886e58819180a9fe686e60991c5c
gr13,lrta_full,4,5,38849.0,3987.0,34862.0,0.8973718757239568,0.0007793903350830078,ok,,in-repo,
gr13,wmsf_seed,4,5,38849.0,3987.0,34862.0,0.8973718757239568,0.0008645057678222656,ok,,in-repo,
gr13,ipsns_full,4,5,38849.0,3987.0,34862.0,0.8973718757239568,0.010312795639038086,ok,,in-repo,
gr13,borda_net_score,4,5,38849.0,11085.0,27764.0,0.7146644701279312,0.0005440711975097656,ok,,in-repo,
gr13,weighted_eades,4,5,38849.0,3987.0,34862.0,0.8973718757239568,0.000514984130859375,ok,,in-repo,
gr13,random_multistart,4,5,38849.0,3987.0,34862.0,0.8973718757239568,0.0005977153778076172,ok,,in-repo,
gr13,igraph_approx_eades,4,5,38849.0,3987.0,34862.0,0.8973718757239568,0.0004818439483642578,ok,,external-wrapper,python-igraph==1.0.0
gr13,drmaciver_fas,4,5,38849.0,3987.0,34862.0,0.8973718757239568,0.001825571060180664,ok,,external-wrapper,16ff24a92fde886e58819180a9fe686e60991c5c
gr14,lrta_full,2,4,20683.0,14651.0,6032.0,0.2916404776869893,0.0004937648773193359,ok,,in-repo,
gr14,wmsf_seed,2,4,20683.0,14651.0,6032.0,0.2916404776869893,0.0004909038543701172,ok,,in-repo,
gr14,ipsns_full,2,4,20683.0,14651.0,6032.0,0.2916404776869893,0.004994630813598633,ok,,in-repo,
gr14,borda_net_score,2,4,20683.0,14651.0,6032.0,0.2916404776869893,0.0005345344543457031,ok,,in-repo,
gr14,weighted_eades,2,4,20683.0,14651.0,6032.0,0.2916404776869893,0.00041484832763671875,ok,,in-repo,
gr14,random_multistart,2,4,20683.0,14651.0,6032.0,0.2916404776869893,0.00045752525329589844,ok,,in-repo,
gr14,igraph_approx_eades,2,4,20683.0,14651.0,6032.0,0.2916404776869893,0.00041484832763671875,ok,,external-wrapper,python-igraph==1.0.0
gr14,drmaciver_fas,2,4,20683.0,14651.0,6032.0,0.2916404776869893,0.0023696422576904297,ok,,external-wrapper,16ff24a92fde886e58819180a9fe686e60991c5c
gr1-acyclic,lrta_full,10,15,92526.0,0.0,92526.0,1.0,0.0018606185913085938,ok,,in-repo,
gr1-acyclic,wmsf_seed,10,15,92526.0,0.0,92526.0,1.0,0.001684427261352539,ok,,in-repo,
gr1-acyclic,ipsns_full,10,15,92526.0,0.0,92526.0,1.0,0.0012226104736328125,ok,,in-repo,
gr1-acyclic,borda_net_score,10,15,92526.0,4266.0,88260.0,0.9538940405939952,0.001064300537109375,ok,,in-repo,
gr1-acyclic,weighted_eades,10,15,92526.0,0.0,92526.0,1.0,0.0012443065643310547,ok,,in-repo,
gr1-acyclic,random_multistart,10,15,92526.0,16104.0,76422.0,0.8259516244082744,0.002081632614135742,ok,,in-repo,
gr1-acyclic,igraph_approx_eades,10,15,92526.0,0.0,92526.0,1.0,0.0016486644744873047,ok,,external-wrapper,python-igraph==1.0.0
gr1-acyclic,drmaciver_fas,10,15,92526.0,0.0,92526.0,1.0,0.01133418083190918,ok,,external-wrapper,16ff24a92fde886e58819180a9fe686e60991c5c
gr1,lrta_full,10,16,98315.0,15969.0,82346.0,0.8375731068504297,0.002167224884033203,ok,,in-repo,
gr1,wmsf_seed,10,16,98315.0,16491.0,81824.0,0.832263642374002,0.002226591110229492,ok,,in-repo,
gr1,ipsns_full,10,16,98315.0,15969.0,82346.0,0.8375731068504297,0.022446393966674805,ok,,in-repo,
gr1,borda_net_score,10,16,98315.0,32121.0,66194.0,0.6732848497177439,0.0004215240478515625,ok,,in-repo,
gr1,weighted_eades,10,16,98315.0,16767.0,81548.0,0.8294563393174998,0.0004067420959472656,ok,,in-repo,
gr1,random_multistart,10,16,98315.0,24070.0,74245.0,0.7551746935869399,0.0006330013275146484,ok,,in-repo,
gr1,igraph_approx_eades,10,16,98315.0,16767.0,81548.0,0.8294563393174998,0.0004379749298095703,ok,,external-wrapper,python-igraph==1.0.0
gr1,drmaciver_fas,10,16,98315.0,15969.0,82346.0,0.8375731068504297,0.002399444580078125,ok,,external-wrapper,16ff24a92fde886e58819180a9fe686e60991c5c
gr2,lrta_full,2,2,14930.0,5118.0,9812.0,0.6572002679169457,0.0004215240478515625,ok,,in-repo,
gr2,wmsf_seed,2,2,14930.0,5118.0,9812.0,0.6572002679169457,0.0004513263702392578,ok,,in-repo,
gr2,ipsns_full,2,2,14930.0,5118.0,9812.0,0.6572002679169457,0.0033469200134277344,ok,,in-repo,
gr2,borda_net_score,2,2,14930.0,5118.0,9812.0,0.6572002679169457,0.0003838539123535156,ok,,in-repo,
gr2,weighted_eades,2,2,14930.0,5118.0,9812.0,0.6572002679169457,0.0003879070281982422,ok,,in-repo,
gr2,random_multistart,2,2,14930.0,5118.0,9812.0,0.6572002679169457,0.00042819976806640625,ok,,in-repo,
gr2,igraph_approx_eades,2,2,14930.0,5118.0,9812.0,0.6572002679169457,0.0003979206085205078,ok,,external-wrapper,python-igraph==1.0.0
gr2,drmaciver_fas,2,2,14930.0,5118.0,9812.0,0.6572002679169457,0.001668691635131836,ok,,external-wrapper,16ff24a92fde886e58819180a9fe686e60991c5c
gr3,lrta_full,3,3,17182.0,2252.0,14930.0,0.8689326038877896,0.0007879734039306641,ok,,in-repo,
gr3,wmsf_seed,3,3,17182.0,2252.0,14930.0,0.8689326038877896,0.0008816719055175781,ok,,in-repo,
gr3,ipsns_full,3,3,17182.0,2252.0,14930.0,0.8689326038877896,0.0063436031341552734,ok,,in-repo,
gr3,borda_net_score,3,3,17182.0,7370.0,9812.0,0.5710627400768246,0.00039649009704589844,ok,,in-repo,
gr3,weighted_eades,3,3,17182.0,5118.0,12064.0,0.7021301361890351,0.0003809928894042969,ok,,in-repo,
gr3,random_multistart,3,3,17182.0,2252.0,14930.0,0.8689326038877896,0.0004591941833496094,ok,,in-repo,
gr3,igraph_approx_eades,3,3,17182.0,5118.0,12064.0,0.7021301361890351,0.00041866302490234375,ok,,external-wrapper,python-igraph==1.0.0
gr3,drmaciver_fas,3,3,17182.0,2252.0,14930.0,0.8689326038877896,0.0019392967224121094,ok,,external-wrapper,16ff24a92fde886e58819180a9fe686e60991c5c
gr4,lrta_full,3,4,26641.0,5118.0,21523.0,0.8078900942156826,0.0008478164672851562,ok,,in-repo,
gr4,wmsf_seed,3,4,26641.0,5118.0,21523.0,0.8078900942156826,0.0008165836334228516,ok,,in-repo,
gr4,ipsns_full,3,4,26641.0,5118.0,21523.0,0.8078900942156826,0.0049936771392822266,ok,,in-repo,
gr4,borda_net_score,3,4,26641.0,5118.0,21523.0,0.8078900942156826,0.0004019737243652344,ok,,in-repo,
gr4,weighted_eades,3,4,26641.0,5118.0,21523.0,0.8078900942156826,0.0003943443298339844,ok,,in-repo,
gr4,random_multistart,3,4,26641.0,5118.0,21523.0,0.8078900942156826,0.0004925727844238281,ok,,in-repo,
gr4,igraph_approx_eades,3,4,26641.0,5118.0,21523.0,0.8078900942156826,0.0004277229309082031,ok,,external-wrapper,python-igraph==1.0.0
gr4,drmaciver_fas,3,4,26641.0,5118.0,21523.0,0.8078900942156826,0.0017666816711425781,ok,,external-wrapper,16ff24a92fde886e58819180a9fe686e60991c5c
gr4-shift2,lrta_full,3,4,26641.0,5118.0,21523.0,0.8078900942156826,0.0007500648498535156,ok,,in-repo,
gr4-shift2,wmsf_seed,3,4,26641.0,5118.0,21523.0,0.8078900942156826,0.0008530616760253906,ok,,in-repo,
gr4-shift2,ipsns_full,3,4,26641.0,5118.0,21523.0,0.8078900942156826,0.010246515274047852,ok,,in-repo,
gr4-shift2,borda_net_score,3,4,26641.0,7370.0,19271.0,0.723358732780301,0.0007979869842529297,ok,,in-repo,
gr4-shift2,weighted_eades,3,4,26641.0,7370.0,19271.0,0.723358732780301,0.000804901123046875,ok,,in-repo,
gr4-shift2,random_multistart,3,4,26641.0,5118.0,21523.0,0.8078900942156826,0.0010173320770263672,ok,,in-repo,
gr4-shift2,igraph_approx_eades,3,4,26641.0,5118.0,21523.0,0.8078900942156826,0.0009398460388183594,ok,,external-wrapper,python-igraph==1.0.0
gr4-shift2,drmaciver_fas,3,4,26641.0,5118.0,21523.0,0.8078900942156826,0.0044116973876953125,ok,,external-wrapper,16ff24a92fde886e58819180a9fe686e60991c5c
gr4-shift,lrta_full,3,4,26641.0,5118.0,21523.0,0.8078900942156826,0.0014798641204833984,ok,,in-repo,
gr4-shift,wmsf_seed,3,4,26641.0,5118.0,21523.0,0.8078900942156826,0.002013683319091797,ok,,in-repo,
gr4-shift,ipsns_full,3,4,26641.0,5118.0,21523.0,0.8078900942156826,0.014827489852905273,ok,,in-repo,
gr4-shift,borda_net_score,3,4,26641.0,7370.0,19271.0,0.723358732780301,0.00069427490234375,ok,,in-repo,
gr4-shift,weighted_eades,3,4,26641.0,5118.0,21523.0,0.8078900942156826,0.0006232261657714844,ok,,in-repo,
gr4-shift,random_multistart,3,4,26641.0,5118.0,21523.0,0.8078900942156826,0.0006940364837646484,ok,,in-repo,
gr4-shift,igraph_approx_eades,3,4,26641.0,5118.0,21523.0,0.8078900942156826,0.0005755424499511719,ok,,external-wrapper,python-igraph==1.0.0
gr4-shift,drmaciver_fas,3,4,26641.0,5118.0,21523.0,0.8078900942156826,0.0022666454315185547,ok,,external-wrapper,16ff24a92fde886e58819180a9fe686e60991c5c
gr5,lrta_full,3,4,26641.0,5118.0,21523.0,0.8078900942156826,0.0006558895111083984,ok,,in-repo,
gr5,wmsf_seed,3,4,26641.0,5118.0,21523.0,0.8078900942156826,0.0006639957427978516,ok,,in-repo,
gr5,ipsns_full,3,4,26641.0,5118.0,21523.0,0.8078900942156826,0.006184101104736328,ok,,in-repo,
gr5,borda_net_score,3,4,26641.0,5118.0,21523.0,0.8078900942156826,0.0003845691680908203,ok,,in-repo,
gr5,weighted_eades,3,4,26641.0,5118.0,21523.0,0.8078900942156826,0.00040531158447265625,ok,,in-repo,
gr5,random_multistart,3,4,26641.0,5118.0,21523.0,0.8078900942156826,0.0004723072052001953,ok,,in-repo,
gr5,igraph_approx_eades,3,4,26641.0,5118.0,21523.0,0.8078900942156826,0.0004029273986816406,ok,,external-wrapper,python-igraph==1.0.0
gr5,drmaciver_fas,3,4,26641.0,5118.0,21523.0,0.8078900942156826,0.002376079559326172,ok,,external-wrapper,16ff24a92fde886e58819180a9fe686e60991c5c
gr6,lrta_full,3,6,35970.0,14097.0,21873.0,0.6080900750625521,0.0018992424011230469,ok,,in-repo,
gr6,wmsf_seed,3,6,35970.0,14666.0,21304.0,0.5922713372254657,0.0025031566619873047,ok,,in-repo,
gr6,ipsns_full,3,6,35970.0,14097.0,21873.0,0.6080900750625521,0.011302471160888672,ok,,in-repo,
gr6,borda_net_score,3,6,35970.0,19360.0,16610.0,0.4617737003058104,0.0006453990936279297,ok,,in-repo,
gr6,weighted_eades,3,6,35970.0,14666.0,21304.0,0.5922713372254657,0.0006062984466552734,ok,,in-repo,
gr6,random_multistart,3,6,35970.0,14097.0,21873.0,0.6080900750625521,0.0006663799285888672,ok,,in-repo,
gr6,igraph_approx_eades,3,6,35970.0,14666.0,21304.0,0.5922713372254657,0.0005121231079101562,ok,,external-wrapper,python-igraph==1.0.0
gr6,drmaciver_fas,3,6,35970.0,14097.0,21873.0,0.6080900750625521,0.0021886825561523438,ok,,external-wrapper,16ff24a92fde886e58819180a9fe686e60991c5c
gr7,lrta_full,0,0,0.0,0.0,0.0,1.0,0.0004298686981201172,ok,,in-repo,
gr7,wmsf_seed,0,0,0.0,0.0,0.0,1.0,0.00023603439331054688,ok,,in-repo,
gr7,ipsns_full,0,0,0.0,0.0,0.0,1.0,0.00026106834411621094,ok,,in-repo,
gr7,borda_net_score,0,0,0.0,0.0,0.0,1.0,0.00019931793212890625,ok,,in-repo,
gr7,weighted_eades,0,0,0.0,0.0,0.0,1.0,0.0001900196075439453,ok,,in-repo,
gr7,random_multistart,0,0,0.0,0.0,0.0,1.0,0.00024771690368652344,ok,,in-repo,
gr7,igraph_approx_eades,0,0,0.0,0.0,0.0,1.0,0.00026154518127441406,ok,,external-wrapper,python-igraph==1.0.0
gr7,drmaciver_fas,0,0,0,,,,0.0008838176727294922,error,"fas exited 1: Empty tournament
",external-wrapper,
gr8,lrta_full,2,2,14930.0,5118.0,9812.0,0.6572002679169457,0.0008535385131835938,ok,,in-repo,
gr8,wmsf_seed,2,2,14930.0,5118.0,9812.0,0.6572002679169457,0.0008225440979003906,ok,,in-repo,
gr8,ipsns_full,2,2,14930.0,5118.0,9812.0,0.6572002679169457,0.0009303092956542969,ok,,in-repo,
gr8,borda_net_score,2,2,14930.0,5118.0,9812.0,0.6572002679169457,0.0009207725524902344,ok,,in-repo,
gr8,weighted_eades,2,2,14930.0,5118.0,9812.0,0.6572002679169457,0.0012731552124023438,ok,,in-repo,
gr8,random_multistart,2,2,14930.0,5118.0,9812.0,0.6572002679169457,0.001127004623413086,ok,,in-repo,
gr8,igraph_approx_eades,2,2,14930.0,5118.0,9812.0,0.6572002679169457,0.0008778572082519531,ok,,external-wrapper,python-igraph==1.0.0
gr8,drmaciver_fas,2,2,14930.0,5118.0,9812.0,0.6572002679169457,0.0038437843322753906,ok,,external-wrapper,16ff24a92fde886e58819180a9fe686e60991c5c
gr9,lrta_full,9,12,64649.0,6120.0,58529.0,0.9053349626444338,0.0023910999298095703,ok,,in-repo,
gr9,wmsf_seed,9,12,64649.0,6120.0,58529.0,0.9053349626444338,0.003102540969848633,ok,,in-repo,
gr9,ipsns_full,9,12,64649.0,6120.0,58529.0,0.9053349626444338,0.02211904525756836,ok,,in-repo,
gr9,borda_net_score,9,12,64649.0,15329.0,49320.0,0.7628888304536806,0.0005044937133789062,ok,,in-repo,
gr9,weighted_eades,9,12,64649.0,6120.0,58529.0,0.9053349626444338,0.00048041343688964844,ok,,in-repo,
gr9,random_multistart,9,12,64649.0,8231.0,56418.0,0.8726817120141069,0.0006320476531982422,ok,,in-repo,
gr9,igraph_approx_eades,9,12,64649.0,6120.0,58529.0,0.9053349626444338,0.00045013427734375,ok,,external-wrapper,python-igraph==1.0.0
gr9,drmaciver_fas,9,12,64649.0,6120.0,58529.0,0.9053349626444338,0.003149271011352539,ok,,external-wrapper,16ff24a92fde886e58819180a9fe686e60991c5c
green3,lrta_full,3,9,24.0,11.0,13.0,0.5416666666666666,0.0005838871002197266,ok,,in-repo,
green3,wmsf_seed,3,9,24.0,11.0,13.0,0.5416666666666666,0.0005767345428466797,ok,,in-repo,
green3,ipsns_full,3,9,24.0,11.0,13.0,0.5416666666666666,0.007132530212402344,ok,,in-repo,
green3,borda_net_score,3,9,24.0,11.0,13.0,0.5416666666666666,0.00038051605224609375,ok,,in-repo,
green3,weighted_eades,3,9,24.0,11.0,13.0,0.5416666666666666,0.0003936290740966797,ok,,in-repo,
green3,random_multistart,3,9,24.0,11.0,13.0,0.5416666666666666,0.0004703998565673828,ok,,in-repo,
green3,igraph_approx_eades,3,9,24.0,14.0,10.0,0.4166666666666667,0.00040531158447265625,ok,,external-wrapper,python-igraph==1.0.0
green3,drmaciver_fas,3,9,24.0,11.0,13.0,0.5416666666666666,0.0017707347869873047,ok,,external-wrapper,16ff24a92fde886e58819180a9fe686e60991c5c
green3nonzero,lrta_full,3,9,25.0,12.0,13.0,0.52,0.0007739067077636719,ok,,in-repo,
green3nonzero,wmsf_seed,3,9,25.0,12.0,13.0,0.52,0.0008697509765625,ok,,in-repo,
green3nonzero,ipsns_full,3,9,25.0,12.0,13.0,0.52,0.010803461074829102,ok,,in-repo,
green3nonzero,borda_net_score,3,9,25.0,12.0,13.0,0.52,0.0004127025604248047,ok,,in-repo,
green3nonzero,weighted_eades,3,9,25.0,12.0,13.0,0.52,0.00038743019104003906,ok,,in-repo,
green3nonzero,random_multistart,3,9,25.0,12.0,13.0,0.52,0.00047969818115234375,ok,,in-repo,
green3nonzero,igraph_approx_eades,3,9,25.0,15.0,10.0,0.4,0.0003933906555175781,ok,,external-wrapper,python-igraph==1.0.0
green3nonzero,drmaciver_fas,3,9,25.0,12.0,13.0,0.52,0.0014886856079101562,ok,,external-wrapper,16ff24a92fde886e58819180a9fe686e60991c5c
green4,lrta_full,4,16,93.0,34.0,59.0,0.6344086021505376,0.00043702125549316406,ok,,in-repo,
green4,wmsf_seed,4,16,93.0,34.0,59.0,0.6344086021505376,0.0005209445953369141,ok,,in-repo,
green4,ipsns_full,4,16,93.0,34.0,59.0,0.6344086021505376,0.010176658630371094,ok,,in-repo,
green4,borda_net_score,4,16,93.0,34.0,59.0,0.6344086021505376,0.00039958953857421875,ok,,in-repo,
green4,weighted_eades,4,16,93.0,34.0,59.0,0.6344086021505376,0.0003986358642578125,ok,,in-repo,
green4,random_multistart,4,16,93.0,34.0,59.0,0.6344086021505376,0.000514984130859375,ok,,in-repo,
green4,igraph_approx_eades,4,16,93.0,39.0,54.0,0.5806451612903226,0.00040221214294433594,ok,,external-wrapper,python-igraph==1.0.0
green4,drmaciver_fas,4,16,93.0,34.0,59.0,0.6344086021505376,0.0014791488647460938,ok,,external-wrapper,16ff24a92fde886e58819180a9fe686e60991c5c
green,lrta_full,4,16,130.0,57.0,73.0,0.5615384615384615,0.0004401206970214844,ok,,in-repo,
green,wmsf_seed,4,16,130.0,57.0,73.0,0.5615384615384615,0.0005352497100830078,ok,,in-repo,
green,ipsns_full,4,16,130.0,57.0,73.0,0.5615384615384615,0.011450052261352539,ok,,in-repo,
green,borda_net_score,4,16,130.0,57.0,73.0,0.5615384615384615,0.00040221214294433594,ok,,in-repo,
green,weighted_eades,4,16,130.0,57.0,73.0,0.5615384615384615,0.0003941059112548828,ok,,in-repo,
green,random_multistart,4,16,130.0,57.0,73.0,0.5615384615384615,0.0005297660827636719,ok,,in-repo,
green,igraph_approx_eades,4,16,130.0,57.0,73.0,0.5615384615384615,0.00043201446533203125,ok,,external-wrapper,python-igraph==1.0.0
green,drmaciver_fas,4,16,130.0,57.0,73.0,0.5615384615384615,0.001833200454711914,ok,,external-wrapper,16ff24a92fde886e58819180a9fe686e60991c5c
gr-paper,lrta_full,9,11,57.0,5.0,52.0,0.9122807017543859,0.0007994174957275391,ok,,in-repo,
gr-paper,wmsf_seed,9,11,57.0,5.0,52.0,0.9122807017543859,0.0008687973022460938,ok,,in-repo,
gr-paper,ipsns_full,9,11,57.0,5.0,52.0,0.9122807017543859,0.007271289825439453,ok,,in-repo,
gr-paper,borda_net_score,9,11,57.0,14.0,43.0,0.7543859649122807,0.000415802001953125,ok,,in-repo,
gr-paper,weighted_eades,9,11,57.0,5.0,52.0,0.9122807017543859,0.0003998279571533203,ok,,in-repo,
gr-paper,random_multistart,9,11,57.0,10.0,47.0,0.8245614035087719,0.0005774497985839844,ok,,in-repo,
gr-paper,igraph_approx_eades,9,11,57.0,5.0,52.0,0.9122807017543859,0.00042724609375,ok,,external-wrapper,python-igraph==1.0.0
gr-paper,drmaciver_fas,9,11,57.0,5.0,52.0,0.9122807017543859,0.0028982162475585938,ok,,external-wrapper,16ff24a92fde886e58819180a9fe686e60991c5c
howard-max,lrta_full,4,9,-35.0,-18.0,-17.0,1.0,0.0007500648498535156,ok,,in-repo,
howard-max,wmsf_seed,4,9,-35.0,-18.0,-17.0,1.0,0.0007724761962890625,ok,,in-repo,
howard-max,ipsns_full,4,9,-35.0,-18.0,-17.0,1.0,0.0008068084716796875,ok,,in-repo,
howard-max,borda_net_score,4,9,-35.0,-28.0,-7.0,1.0,0.0007054805755615234,ok,,in-repo,
howard-max,weighted_eades,4,9,-35.0,,,,5.8650970458984375e-05,error,negative_weights_detected,in-repo,
howard-max,random_multistart,4,9,-35.0,-28.0,-7.0,1.0,0.0008647441864013672,ok,,in-repo,
howard-max,igraph_approx_eades,4,9,-35.0,-17.0,-18.0,1.0,0.0007567405700683594,ok,,external-wrapper,python-igraph==1.0.0
howard-max,drmaciver_fas,4,9,-35.0,-28.0,-7.0,1.0,0.0015347003936767578,ok,,external-wrapper,16ff24a92fde886e58819180a9fe686e60991c5c
howard-min,lrta_full,4,9,35.0,11.0,24.0,0.6857142857142857,0.00042891502380371094,ok,,in-repo,
howard-min,wmsf_seed,4,9,35.0,11.0,24.0,0.6857142857142857,0.0004303455352783203,ok,,in-repo,
howard-min,ipsns_full,4,9,35.0,11.0,24.0,0.6857142857142857,0.0057392120361328125,ok,,in-repo,
howard-min,borda_net_score,4,9,35.0,11.0,24.0,0.6857142857142857,0.0003952980041503906,ok,,in-repo,
howard-min,weighted_eades,4,9,35.0,11.0,24.0,0.6857142857142857,0.0003886222839355469,ok,,in-repo,
howard-min,random_multistart,4,9,35.0,11.0,24.0,0.6857142857142857,0.0004818439483642578,ok,,in-repo,
howard-min,igraph_approx_eades,4,9,35.0,11.0,24.0,0.6857142857142857,0.0003993511199951172,ok,,external-wrapper,python-igraph==1.0.0
howard-min,drmaciver_fas,4,9,35.0,11.0,24.0,0.6857142857142857,0.0013811588287353516,ok,,external-wrapper,16ff24a92fde886e58819180a9fe686e60991c5c
k3_3,lrta_full,6,9,12114.0,-1234.0,13348.0,1.1018656100379727,0.0004353523254394531,ok,,in-repo,
k3_3,wmsf_seed,6,9,12114.0,-1234.0,13348.0,1.1018656100379727,0.0005092620849609375,ok,,in-repo,
k3_3,ipsns_full,6,9,12114.0,-1234.0,13348.0,1.1018656100379727,0.0005426406860351562,ok,,in-repo,
k3_3,borda_net_score,6,9,12114.0,2338.0,9776.0,0.8070001650982335,0.00037407875061035156,ok,,in-repo,
k3_3,weighted_eades,6,9,12114.0,,,,3.24249267578125e-05,error,negative_weights_detected,in-repo,
k3_3,random_multistart,6,9,12114.0,-2221.0,14335.0,1.1833415882450058,0.0005457401275634766,ok,,in-repo,
k3_3,igraph_approx_eades,6,9,12114.0,-1000.0,13114.0,1.082549116724451,0.0004067420959472656,ok,,external-wrapper,python-igraph==1.0.0
k3_3,drmaciver_fas,6,9,12114.0,-2221.0,14335.0,1.1833415882450058,0.00182342529296875,ok,,external-wrapper,16ff24a92fde886e58819180a9fe686e60991c5c
ku,lrta_full,6,9,6.0,-6.0,12.0,2.0,0.0007467269897460938,ok,,in-repo,
ku,wmsf_seed,6,9,6.0,-6.0,12.0,2.0,0.0007698535919189453,ok,,in-repo,
ku,ipsns_full,6,9,6.0,-6.0,12.0,2.0,0.0008091926574707031,ok,,in-repo,
ku,borda_net_score,6,9,6.0,-6.0,12.0,2.0,0.0006797313690185547,ok,,in-repo,
ku,weighted_eades,6,9,6.0,,,,6.079673767089844e-05,error,negative_weights_detected,in-repo,
ku,random_multistart,6,9,6.0,-6.0,12.0,2.0,0.0009555816650390625,ok,,in-repo,
ku,igraph_approx_eades,6,9,6.0,-6.0,12.0,2.0,0.0007805824279785156,ok,,external-wrapper,python-igraph==1.0.0
ku,drmaciver_fas,6,9,6.0,-6.0,12.0,2.0,0.0024755001068115234,ok,,external-wrapper,16ff24a92fde886e58819180a9fe686e60991c5c
peterson1,lrta_full,10,15,27314.0,-332.0,27646.0,1.012154938859193,0.001184225082397461,ok,,in-repo,
peterson1,wmsf_seed,10,15,27314.0,-332.0,27646.0,1.012154938859193,0.0013704299926757812,ok,,in-repo,
peterson1,ipsns_full,10,15,27314.0,-332.0,27646.0,1.012154938859193,0.0010547637939453125,ok,,in-repo,
peterson1,borda_net_score,10,15,27314.0,-2143.0,29457.0,1.0784579336603939,0.0007929801940917969,ok,,in-repo,
peterson1,weighted_eades,10,15,27314.0,,,,7.677078247070312e-05,error,negative_weights_detected,in-repo,
peterson1,random_multistart,10,15,27314.0,-2920.0,30234.0,1.1069048839423006,0.0014140605926513672,ok,,in-repo,
peterson1,igraph_approx_eades,10,15,27314.0,-2440.0,29754.0,1.0893314783627444,0.0011589527130126953,ok,,external-wrapper,python-igraph==1.0.0
peterson1,drmaciver_fas,10,15,27314.0,-4396.0,31710.0,1.1609431060994362,0.006756305694580078,ok,,external-wrapper,16ff24a92fde886e58819180a9fe686e60991c5c
peterson2,lrta_full,10,15,27314.0,-1688.0,29002.0,1.0617998096214396,0.0012521743774414062,ok,,in-repo,
peterson2,wmsf_seed,10,15,27314.0,-1688.0,29002.0,1.0617998096214396,0.0013854503631591797,ok,,in-repo,
peterson2,ipsns_full,10,15,27314.0,-1688.0,29002.0,1.0617998096214396,0.00128936767578125,ok,,in-repo,
peterson2,borda_net_score,10,15,27314.0,-1033.0,28347.0,1.03781943325767,0.0008234977722167969,ok,,in-repo,
peterson2,weighted_eades,10,15,27314.0,,,,7.891654968261719e-05,error,negative_weights_detected,in-repo,
peterson2,random_multistart,10,15,27314.0,-1564.0,28878.0,1.0572600131800542,0.0011444091796875,ok,,in-repo,
peterson2,igraph_approx_eades,10,15,27314.0,-1691.0,29005.0,1.0619096434063118,0.0007026195526123047,ok,,external-wrapper,python-igraph==1.0.0
peterson2,drmaciver_fas,10,15,27314.0,-5268.0,32582.0,1.19286812623563,0.004269123077392578,ok,,external-wrapper,16ff24a92fde886e58819180a9fe686e60991c5c
peterson,lrta_full,10,15,27314.0,-332.0,27646.0,1.012154938859193,0.0007781982421875,ok,,in-repo,
peterson,wmsf_seed,10,15,27314.0,-332.0,27646.0,1.012154938859193,0.0008075237274169922,ok,,in-repo,
peterson,ipsns_full,10,15,27314.0,-332.0,27646.0,1.012154938859193,0.0008323192596435547,ok,,in-repo,
peterson,borda_net_score,10,15,27314.0,-2143.0,29457.0,1.0784579336603939,0.0005443096160888672,ok,,in-repo,
peterson,weighted_eades,10,15,27314.0,,,,5.793571472167969e-05,error,negative_weights_detected,in-repo,
peterson,random_multistart,10,15,27314.0,-2920.0,30234.0,1.1069048839423006,0.0008060932159423828,ok,,in-repo,
peterson,igraph_approx_eades,10,15,27314.0,-2440.0,29754.0,1.0893314783627444,0.0005109310150146484,ok,,external-wrapper,python-igraph==1.0.0
peterson,drmaciver_fas,10,15,27314.0,-4396.0,31710.0,1.1609431060994362,0.002854585647583008,ok,,external-wrapper,16ff24a92fde886e58819180a9fe686e60991c5c
present,lrta_full,4,7,340.0,40.0,300.0,0.8823529411764706,0.0004372596740722656,ok,,in-repo,
present,wmsf_seed,4,7,340.0,40.0,300.0,0.8823529411764706,0.0005061626434326172,ok,,in-repo,
present,ipsns_full,4,7,340.0,40.0,300.0,0.8823529411764706,0.006809234619140625,ok,,in-repo,
present,borda_net_score,4,7,340.0,70.0,270.0,0.7941176470588235,0.0003921985626220703,ok,,in-repo,
present,weighted_eades,4,7,340.0,40.0,300.0,0.8823529411764706,0.00038695335388183594,ok,,in-repo,
present,random_multistart,4,7,340.0,40.0,300.0,0.8823529411764706,0.00048351287841796875,ok,,in-repo,
present,igraph_approx_eades,4,7,340.0,40.0,300.0,0.8823529411764706,0.0004105567932128906,ok,,external-wrapper,python-igraph==1.0.0
present,drmaciver_fas,4,7,340.0,40.0,300.0,0.8823529411764706,0.0024261474609375,ok,,external-wrapper,16ff24a92fde886e58819180a9fe686e60991c5c
r20_60,lrta_full,20,60,9234.0,1688.0,7546.0,0.8171973142733376,0.0022950172424316406,ok,,in-repo,
r20_60,wmsf_seed,20,60,9234.0,1766.0,7468.0,0.8087502707385749,0.0027399063110351562,ok,,in-repo,
r20_60,ipsns_full,20,60,9234.0,1688.0,7546.0,0.8171973142733376,0.058068037033081055,ok,,in-repo,
r20_60,borda_net_score,20,60,9234.0,3664.0,5570.0,0.6032055447260125,0.0004684925079345703,ok,,in-repo,
r20_60,weighted_eades,20,60,9234.0,2547.0,6687.0,0.7241715399610137,0.0005009174346923828,ok,,in-repo,
r20_60,random_multistart,20,60,9234.0,3293.0,5941.0,0.6433831492311024,0.0009710788726806641,ok,,in-repo,
r20_60,igraph_approx_eades,20,60,9234.0,2547.0,6687.0,0.7241715399610137,0.0004987716674804688,ok,,external-wrapper,python-igraph==1.0.0
r20_60,drmaciver_fas,20,60,9234.0,1685.0,7549.0,0.8175222005631362,0.16745209693908691,ok,,external-wrapper,16ff24a92fde886e58819180a9fe686e60991c5c
rd_10_30_1997,lrta_full,10,27,167254.0,38091.0,129163.0,0.7722565678548794,0.0005846023559570312,ok,,in-repo,
rd_10_30_1997,wmsf_seed,10,27,167254.0,38091.0,129163.0,0.7722565678548794,0.0006420612335205078,ok,,in-repo,
rd_10_30_1997,ipsns_full,10,27,167254.0,38091.0,129163.0,0.7722565678548794,0.015949249267578125,ok,,in-repo,
rd_10_30_1997,borda_net_score,10,27,167254.0,63158.0,104096.0,0.6223827232831501,0.00043582916259765625,ok,,in-repo,
rd_10_30_1997,weighted_eades,10,27,167254.0,41363.0,125891.0,0.7526935080775348,0.000457763671875,ok,,in-repo,
rd_10_30_1997,random_multistart,10,27,167254.0,57584.0,109670.0,0.6557092804955338,0.0006740093231201172,ok,,in-repo,
rd_10_30_1997,igraph_approx_eades,10,27,167254.0,39458.0,127796.0,0.7640833702034032,0.0004730224609375,ok,,external-wrapper,python-igraph==1.0.0
rd_10_30_1997,drmaciver_fas,10,27,167254.0,38091.0,129163.0,0.7722565678548794,0.0029876232147216797,ok,,external-wrapper,16ff24a92fde886e58819180a9fe686e60991c5c
rd_4_4_90,lrta_full,4,4,22292.0,807.0,21485.0,0.9637986721693881,0.00045037269592285156,ok,,in-repo,
rd_4_4_90,wmsf_seed,4,4,22292.0,807.0,21485.0,0.9637986721693881,0.0004582405090332031,ok,,in-repo,
rd_4_4_90,ipsns_full,4,4,22292.0,807.0,21485.0,0.9637986721693881,0.0049359798431396484,ok,,in-repo,
rd_4_4_90,borda_net_score,4,4,22292.0,807.0,21485.0,0.9637986721693881,0.0003829002380371094,ok,,in-repo,
rd_4_4_90,weighted_eades,4,4,22292.0,807.0,21485.0,0.9637986721693881,0.00041222572326660156,ok,,in-repo,
rd_4_4_90,random_multistart,4,4,22292.0,807.0,21485.0,0.9637986721693881,0.0004832744598388672,ok,,in-repo,
rd_4_4_90,igraph_approx_eades,4,4,22292.0,807.0,21485.0,0.9637986721693881,0.0004353523254394531,ok,,external-wrapper,python-igraph==1.0.0
rd_4_4_90,drmaciver_fas,4,4,22292.0,807.0,21485.0,0.9637986721693881,0.001990795135498047,ok,,external-wrapper,16ff24a92fde886e58819180a9fe686e60991c5c
rd_4_8_90,lrta_full,4,6,44181.0,7842.0,36339.0,0.8225028858559109,0.0007510185241699219,ok,,in-repo,
rd_4_8_90,wmsf_seed,4,6,44181.0,7842.0,36339.0,0.8225028858559109,0.0008234977722167969,ok,,in-repo,
rd_4_8_90,ipsns_full,4,6,44181.0,7842.0,36339.0,0.8225028858559109,0.010251998901367188,ok,,in-repo,
rd_4_8_90,borda_net_score,4,6,44181.0,8649.0,35532.0,0.8042371155021389,0.0005016326904296875,ok,,in-repo,
rd_4_8_90,weighted_eades,4,6,44181.0,11205.0,32976.0,0.7463841922998574,0.0004975795745849609,ok,,in-repo,
rd_4_8_90,random_multistart,4,6,44181.0,7842.0,36339.0,0.8225028858559109,0.0005624294281005859,ok,,in-repo,
rd_4_8_90,igraph_approx_eades,4,6,44181.0,11205.0,32976.0,0.7463841922998574,0.00046443939208984375,ok,,external-wrapper,python-igraph==1.0.0
rd_4_8_90,drmaciver_fas,4,6,44181.0,7842.0,36339.0,0.8225028858559109,0.0020232200622558594,ok,,external-wrapper,16ff24a92fde886e58819180a9fe686e60991c5c
rd_5_10_90,lrta_full,5,7,47421.0,6343.0,41078.0,0.8662406950507159,0.0008804798126220703,ok,,in-repo,
rd_5_10_90,wmsf_seed,5,7,47421.0,6343.0,41078.0,0.8662406950507159,0.000698089599609375,ok,,in-repo,
rd_5_10_90,ipsns_full,5,7,47421.0,6343.0,41078.0,0.8662406950507159,0.008258819580078125,ok,,in-repo,
rd_5_10_90,borda_net_score,5,7,47421.0,16896.0,30525.0,0.6437021572720947,0.00042891502380371094,ok,,in-repo,
rd_5_10_90,weighted_eades,5,7,47421.0,6343.0,41078.0,0.8662406950507159,0.0004515647888183594,ok,,in-repo,
rd_5_10_90,random_multistart,5,7,47421.0,6343.0,41078.0,0.8662406950507159,0.0005576610565185547,ok,,in-repo,
rd_5_10_90,igraph_approx_eades,5,7,47421.0,6343.0,41078.0,0.8662406950507159,0.0004572868347167969,ok,,external-wrapper,python-igraph==1.0.0
rd_5_10_90,drmaciver_fas,5,7,47421.0,6343.0,41078.0,0.8662406950507159,0.00193023681640625,ok,,external-wrapper,16ff24a92fde886e58819180a9fe686e60991c5c
stg0,lrta_full,8,11,-22.0,-3.0,-19.0,1.0,0.0006670951843261719,ok,,in-repo,
stg0,wmsf_seed,8,11,-22.0,-3.0,-19.0,1.0,0.0006804466247558594,ok,,in-repo,
stg0,ipsns_full,8,11,-22.0,-3.0,-19.0,1.0,0.0007941722869873047,ok,,in-repo,
stg0,borda_net_score,8,11,-22.0,-15.0,-7.0,1.0,0.0006985664367675781,ok,,in-repo,
stg0,weighted_eades,8,11,-22.0,,,,5.936622619628906e-05,error,negative_weights_detected,in-repo,
stg0,random_multistart,8,11,-22.0,-17.0,-5.0,1.0,0.0010781288146972656,ok,,in-repo,
stg0,igraph_approx_eades,8,11,-22.0,-5.0,-17.0,1.0,0.0008149147033691406,ok,,external-wrapper,python-igraph==1.0.0
stg0,drmaciver_fas,8,11,-22.0,-19.0,-3.0,1.0,0.003385305404663086,ok,,external-wrapper,16ff24a92fde886e58819180a9fe686e60991c5c
stg,lrta_full,20,30,30.0,6.0,24.0,0.8,0.0009918212890625,ok,,in-repo,
stg,wmsf_seed,20,30,30.0,5.0,25.0,0.8333333333333334,0.001226186752319336,ok,,in-repo,
stg,ipsns_full,20,30,30.0,5.0,25.0,0.8333333333333334,0.027478694915771484,ok,,in-repo,
stg,borda_net_score,20,30,30.0,13.0,17.0,0.5666666666666667,0.0004267692565917969,ok,,in-repo,
stg,weighted_eades,20,30,30.0,6.0,24.0,0.8,0.00045752525329589844,ok,,in-repo,
stg,random_multistart,20,30,30.0,10.0,20.0,0.6666666666666666,0.0008404254913330078,ok,,in-repo,
stg,igraph_approx_eades,20,30,30.0,6.0,24.0,0.8,0.00045990943908691406,ok,,external-wrapper,python-igraph==1.0.0
stg,drmaciver_fas,20,30,30.0,5.0,25.0,0.8333333333333334,0.1574716567993164,ok,,external-wrapper,16ff24a92fde886e58819180a9fe686e60991c5c
trace,lrta_full,12,15,15.0,2.0,13.0,0.8666666666666667,0.0005669593811035156,ok,,in-repo,
trace,wmsf_seed,12,15,15.0,2.0,13.0,0.8666666666666667,0.0005385875701904297,ok,,in-repo,
trace,ipsns_full,12,15,15.0,2.0,13.0,0.8666666666666667,0.006989240646362305,ok,,in-repo,
trace,borda_net_score,12,15,15.0,3.0,12.0,0.8,0.00043129920959472656,ok,,in-repo,
trace,weighted_eades,12,15,15.0,2.0,13.0,0.8666666666666667,0.00042939186096191406,ok,,in-repo,
trace,random_multistart,12,15,15.0,2.0,13.0,0.8666666666666667,0.0006499290466308594,ok,,in-repo,
trace,igraph_approx_eades,12,15,15.0,2.0,13.0,0.8666666666666667,0.00047206878662109375,ok,,external-wrapper,python-igraph==1.0.0
trace,drmaciver_fas,12,15,15.0,2.0,13.0,0.8666666666666667,0.005887508392333984,ok,,external-wrapper,16ff24a92fde886e58819180a9fe686e60991c5c
bigkey,lrta_full,3661,12206,18477347.0,346181.0,18131166.0,0.9812645722353972,0.10809206962585449,ok,,in-repo,
bigkey,wmsf_seed,3661,12206,18477347.0,347690.0,18129657.0,0.9811829046669958,0.0478062629699707,ok,,in-repo,
bigkey,ipsns_full,3661,12206,18477347.0,346181.0,18131166.0,0.9812645722353972,1.264676570892334,ok,,in-repo,
bigkey,borda_net_score,3661,12206,18477347.0,581281.0,17896066.0,0.9685408841431619,0.013473987579345703,ok,,in-repo,
bigkey,weighted_eades,3661,12206,18477347.0,359747.0,18117600.0,0.980530375924639,0.051346540451049805,ok,,in-repo,
bigkey,random_multistart,3661,12206,18477347.0,6874909.0,11602438.0,0.6279276997936988,0.1292572021484375,ok,,in-repo,
bigkey,igraph_approx_eades,3661,12206,18477347.0,357434.0,18119913.0,0.9806555562332623,0.015380620956420898,ok,,external-wrapper,python-igraph==1.0.0
bigkey,drmaciver_fas,3661,12206,18477347.0,349392.0,18127955.0,0.9810907918761281,51.630582094192505,ok,,external-wrapper,16ff24a92fde886e58819180a9fe686e60991c5c
daio_receiver,lrta_full,1942,3749,5643234.0,63509.0,5579725.0,0.9887459921031096,0.03852415084838867,ok,,in-repo,
daio_receiver,wmsf_seed,1942,3749,5643234.0,68910.0,5574324.0,0.987788916780697,0.2509126663208008,ok,,in-repo,
daio_receiver,ipsns_full,1942,3749,5643234.0,63398.0,5579836.0,0.9887656616755569,5.332293510437012,ok,,in-repo,
daio_receiver,borda_net_score,1942,3749,5643234.0,913800.0,4729434.0,0.8380715738528652,0.005530357360839844,ok,,in-repo,
daio_receiver,weighted_eades,1942,3749,5643234.0,155570.0,5487664.0,0.9724324740033817,0.022388219833374023,ok,,in-repo,
daio_receiver,random_multistart,1942,3749,5643234.0,2499602.0,3143632.0,0.5570621384830046,0.05251908302307129,ok,,in-repo,
daio_receiver,igraph_approx_eades,1942,3749,5643234.0,151202.0,5492032.0,0.9732064982596859,0.005859851837158203,ok,,external-wrapper,python-igraph==1.0.0
daio_receiver,drmaciver_fas,1942,3749,5643234.0,137731.0,5505503.0,0.975593604660023,16.16915011405945,ok,,external-wrapper,16ff24a92fde886e58819180a9fe686e60991c5c
dsip,lrta_full,4079,6602,9943041.0,66206.0,9876835.0,0.9933414737000481,0.08789896965026855,ok,,in-repo,
dsip,wmsf_seed,4079,6602,9943041.0,64675.0,9878366.0,0.9934954507378577,0.28299927711486816,ok,,in-repo,
dsip,ipsns_full,4079,6602,9943041.0,62462.0,9880579.0,0.993718018461354,8.37907862663269,ok,,in-repo,
dsip,borda_net_score,4079,6602,9943041.0,1778742.0,8164299.0,0.8211068424639907,0.009661197662353516,ok,,in-repo,
dsip,weighted_eades,4079,6602,9943041.0,163504.0,9779537.0,0.9835559362573281,0.05321478843688965,ok,,in-repo,
dsip,random_multistart,4079,6602,9943041.0,4373604.0,5569437.0,0.5601341682086999,0.10363507270812988,ok,,in-repo,
dsip,igraph_approx_eades,4079,6602,9943041.0,161791.0,9781250.0,0.9837282175543679,0.010376930236816406,ok,,external-wrapper,python-igraph==1.0.0
dsip,drmaciver_fas,4079,6602,9943041.0,224845.0,9718196.0,0.9773866968867975,64.06534838676453,ok,,external-wrapper,16ff24a92fde886e58819180a9fe686e60991c5c
ecc,lrta_full,1618,2843,4262550.0,96836.0,4165714.0,0.9772821433179669,0.031209468841552734,ok,,in-repo,
ecc,wmsf_seed,1618,2843,4262550.0,98377.0,4164173.0,0.9769206226319926,0.0214998722076416,ok,,in-repo,
ecc,ipsns_full,1618,2843,4262550.0,96836.0,4165714.0,0.9772821433179669,0.8549215793609619,ok,,in-repo,
ecc,borda_net_score,1618,2843,4262550.0,733153.0,3529397.0,0.8280013137675805,0.004498481750488281,ok,,in-repo,
ecc,weighted_eades,1618,2843,4262550.0,169006.0,4093544.0,0.9603509636250601,0.023198843002319336,ok,,in-repo,
ecc,random_multistart,1618,2843,4262550.0,1940539.0,2322011.0,0.5447469237897503,0.0430750846862793,ok,,in-repo,
ecc,igraph_approx_eades,1618,2843,4262550.0,162789.0,4099761.0,0.961809480240701,0.004753589630126953,ok,,external-wrapper,python-igraph==1.0.0
ecc,drmaciver_fas,1618,2843,4262550.0,125050.0,4137500.0,0.9706631007260912,12.114362716674805,ok,,external-wrapper,16ff24a92fde886e58819180a9fe686e60991c5c
mm30a,lrta_full,2059,3912,5920759.0,16351.0,5904408.0,0.9972383608250226,0.026272058486938477,ok,,in-repo,
mm30a,wmsf_seed,2059,3912,5920759.0,17911.0,5902848.0,0.9969748810921032,0.07011175155639648,ok,,in-repo,
mm30a,ipsns_full,2059,3912,5920759.0,16351.0,5904408.0,0.9972383608250226,1.932847023010254,ok,,in-repo,
mm30a,borda_net_score,2059,3912,5920759.0,1136412.0,4784347.0,0.8080631216369388,0.0058727264404296875,ok,,in-repo,
mm30a,weighted_eades,2059,3912,5920759.0,29483.0,5891276.0,0.9950204019450885,0.017660856246948242,ok,,in-repo,
mm30a,random_multistart,2059,3912,5920759.0,2596138.0,3324621.0,0.5615193930372778,0.05579257011413574,ok,,in-repo,
mm30a,igraph_approx_eades,2059,3912,5920759.0,29483.0,5891276.0,0.9950204019450885,0.00591731071472168,ok,,external-wrapper,python-igraph==1.0.0
mm30a,drmaciver_fas,2059,3912,5920759.0,147702.0,5773057.0,0.9750535362104757,17.630962371826172,ok,,external-wrapper,16ff24a92fde886e58819180a9fe686e60991c5c
mm4a,lrta_full,170,454,677586.0,4053.0,673533.0,0.9940184714560218,0.0017178058624267578,ok,,in-repo,
mm4a,wmsf_seed,170,454,677586.0,4478.0,673108.0,0.993391244801398,0.0020389556884765625,ok,,in-repo,
mm4a,ipsns_full,170,454,677586.0,4053.0,673533.0,0.9940184714560218,0.0779416561126709,ok,,in-repo,
mm4a,borda_net_score,170,454,677586.0,99055.0,578531.0,0.8538119146499485,0.0008969306945800781,ok,,in-repo,
mm4a,weighted_eades,170,454,677586.0,14792.0,662794.0,0.9781695607642424,0.0011773109436035156,ok,,in-repo,
mm4a,random_multistart,170,454,677586.0,262677.0,414909.0,0.6123340801020092,0.0045015811920166016,ok,,in-repo,
mm4a,igraph_approx_eades,170,454,677586.0,14792.0,662794.0,0.9781695607642424,0.0009751319885253906,ok,,external-wrapper,python-igraph==1.0.0
mm4a,drmaciver_fas,170,454,677586.0,13020.0,664566.0,0.9807847269571686,1.444202184677124,ok,,external-wrapper,16ff24a92fde886e58819180a9fe686e60991c5c
mm9a,lrta_full,631,1182,1755874.0,9688.0,1746186.0,0.9944825198163422,0.0066509246826171875,ok,,in-repo,
mm9a,wmsf_seed,631,1182,1755874.0,10373.0,1745501.0,0.9940924007075679,0.007408618927001953,ok,,in-repo,
mm9a,ipsns_full,631,1182,1755874.0,9542.0,1746332.0,0.9945656692906211,0.2960624694824219,ok,,in-repo,
mm9a,borda_net_score,631,1182,1755874.0,341704.0,1414170.0,0.8053937811027443,0.0019648075103759766,ok,,in-repo,
mm9a,weighted_eades,631,1182,1755874.0,21874.0,1734000.0,0.9875423862987891,0.003889322280883789,ok,,in-repo,
mm9a,random_multistart,631,1182,1755874.0,762813.0,993061.0,0.5655650690197588,0.018193483352661133,ok,,in-repo,
mm9a,igraph_approx_eades,631,1182,1755874.0,21874.0,1734000.0,0.9875423862987891,0.0019996166229248047,ok,,external-wrapper,python-igraph==1.0.0
mm9a,drmaciver_fas,631,1182,1755874.0,38066.0,1717808.0,0.9783207678910901,3.9173150062561035,ok,,external-wrapper,16ff24a92fde886e58819180a9fe686e60991c5c
mm9b,lrta_full,777,1452,2208461.0,8278.0,2200183.0,0.9962516883929579,0.0071675777435302734,ok,,in-repo,
mm9b,wmsf_seed,777,1452,2208461.0,8541.0,2199920.0,0.9961326009379382,0.02366042137145996,ok,,in-repo,
mm9b,ipsns_full,777,1452,2208461.0,8278.0,2200183.0,0.9962516883929579,0.8342323303222656,ok,,in-repo,
mm9b,borda_net_score,777,1452,2208461.0,418300.0,1790161.0,0.8105920819973729,0.0026924610137939453,ok,,in-repo,
mm9b,weighted_eades,777,1452,2208461.0,21421.0,2187040.0,0.9903004852700591,0.004840850830078125,ok,,in-repo,
mm9b,random_multistart,777,1452,2208461.0,955305.0,1253156.0,0.5674340638118581,0.02193140983581543,ok,,in-repo,
mm9b,igraph_approx_eades,777,1452,2208461.0,21421.0,2187040.0,0.9903004852700591,0.002458333969116211,ok,,external-wrapper,python-igraph==1.0.0
mm9b,drmaciver_fas,777,1452,2208461.0,48187.0,2160274.0,0.9781807330987506,4.97406268119812,ok,,external-wrapper,16ff24a92fde886e58819180a9fe686e60991c5c
mult16a,lrta_full,293,582,868285.0,14348.0,853937.0,0.9834754717633035,0.003145456314086914,ok,,in-repo,
mult16a,wmsf_seed,293,582,868285.0,14361.0,853924.0,0.9834604997207138,0.008125543594360352,ok,,in-repo,
mult16a,ipsns_full,293,582,868285.0,14348.0,853937.0,0.9834754717633035,0.47194957733154297,ok,,in-repo,
mult16a,borda_net_score,293,582,868285.0,152102.0,716183.0,0.8248247983093109,0.0012433528900146484,ok,,in-repo,
mult16a,weighted_eades,293,582,868285.0,33492.0,834793.0,0.9614274115065906,0.0017611980438232422,ok,,in-repo,
mult16a,random_multistart,293,582,868285.0,363921.0,504364.0,0.5808737914394467,0.0071713924407958984,ok,,in-repo,
mult16a,igraph_approx_eades,293,582,868285.0,33492.0,834793.0,0.9614274115065906,0.0012500286102294922,ok,,external-wrapper,python-igraph==1.0.0
mult16a,drmaciver_fas,293,582,868285.0,27855.0,840430.0,0.9679195195126025,2.310044288635254,ok,,external-wrapper,16ff24a92fde886e58819180a9fe686e60991c5c
mult16b,lrta_full,333,545,818100.0,16618.0,801482.0,0.979687079819093,0.002569437026977539,ok,,in-repo,
mult16b,wmsf_seed,333,545,818100.0,16713.0,801387.0,0.9795709570957095,0.00208282470703125,ok,,in-repo,
mult16b,ipsns_full,333,545,818100.0,16618.0,801482.0,0.979687079819093,0.06941080093383789,ok,,in-repo,
mult16b,borda_net_score,333,545,818100.0,179432.0,638668.0,0.7806722894511673,0.001138448715209961,ok,,in-repo,
mult16b,weighted_eades,333,545,818100.0,30027.0,788073.0,0.9632966629996333,0.0021677017211914062,ok,,in-repo,
mult16b,random_multistart,333,545,818100.0,363143.0,454957.0,0.5561141669722528,0.008034229278564453,ok,,in-repo,
mult16b,igraph_approx_eades,333,545,818100.0,30027.0,788073.0,0.9632966629996333,0.001253366470336914,ok,,external-wrapper,python-igraph==1.0.0
mult16b,drmaciver_fas,333,545,818100.0,24981.0,793119.0,0.9694646131279795,2.3446950912475586,ok,,external-wrapper,16ff24a92fde886e58819180a9fe686e60991c5c
mult32a,lrta_full,565,1142,1711627.0,40635.0,1670992.0,0.9762594303548612,0.010702848434448242,ok,,in-repo,
mult32a,wmsf_seed,565,1142,1711627.0,41070.0,1670557.0,0.9760052861984533,0.03423786163330078,ok,,in-repo,
mult32a,ipsns_full,565,1142,1711627.0,40635.0,1670992.0,0.9762594303548612,2.318467855453491,ok,,in-repo,
mult32a,borda_net_score,565,1142,1711627.0,305301.0,1406326.0,0.8216311147230092,0.002000093460083008,ok,,in-repo,
mult32a,weighted_eades,565,1142,1711627.0,74134.0,1637493.0,0.9566879933536921,0.0037043094635009766,ok,,in-repo,
mult32a,random_multistart,565,1142,1711627.0,748341.0,963286.0,0.5627896732173541,0.016982316970825195,ok,,in-repo,
mult32a,igraph_approx_eades,565,1142,1711627.0,74134.0,1637493.0,0.9566879933536921,0.0019326210021972656,ok,,external-wrapper,python-igraph==1.0.0
mult32a,drmaciver_fas,565,1142,1711627.0,73405.0,1638222.0,0.9571139039054654,3.5509328842163086,ok,,external-wrapper,16ff24a92fde886e58819180a9fe686e60991c5c
parker1986,lrta_full,2795,5021,7511249.0,123231.0,7388018.0,0.9835938071018548,0.08773064613342285,ok,,in-repo,
parker1986,wmsf_seed,2795,5021,7511249.0,125002.0,7386247.0,0.983358027406627,1.4490699768066406,ok,,in-repo,
parker1986,ipsns_full,2795,5021,7511249.0,122961.0,7388288.0,0.9836297531875191,25.90927767753601,ok,,in-repo,
parker1986,borda_net_score,2795,5021,7511249.0,1438224.0,6073025.0,0.8085239884871345,0.007961750030517578,ok,,in-repo,
parker1986,weighted_eades,2795,5021,7511249.0,333206.0,7178043.0,0.9556390688153196,0.049764394760131836,ok,,in-repo,
parker1986,random_multistart,2795,5021,7511249.0,3263413.0,4247836.0,0.5655299138665221,0.07511425018310547,ok,,in-repo,
parker1986,igraph_approx_eades,2795,5021,7511249.0,325533.0,7185716.0,0.9566606033164391,0.008369684219360352,ok,,external-wrapper,python-igraph==1.0.0
parker1986,drmaciver_fas,2795,5021,7511249.0,249968.0,7261281.0,0.966720847624676,31.36792278289795,ok,,external-wrapper,16ff24a92fde886e58819180a9fe686e60991c5c
phase_decoder,lrta_full,1671,3379,5127110.0,46676.0,5080434.0,0.9908962358911746,0.028393983840942383,ok,,in-repo,
phase_decoder,wmsf_seed,1671,3379,5127110.0,55166.0,5071944.0,0.9892403322729569,0.04759097099304199,ok,,in-repo,
phase_decoder,ipsns_full,1671,3379,5127110.0,46676.0,5080434.0,0.9908962358911746,0.9787390232086182,ok,,in-repo,
phase_decoder,borda_net_score,1671,3379,5127110.0,756983.0,4370127.0,0.8523567857916058,0.004833698272705078,ok,,in-repo,
phase_decoder,weighted_eades,1671,3379,5127110.0,87351.0,5039759.0,0.9829629167308679,0.01350092887878418,ok,,in-repo,
phase_decoder,random_multistart,1671,3379,5127110.0,2310773.0,2816337.0,0.5493030186596347,0.04660916328430176,ok,,in-repo,
phase_decoder,igraph_approx_eades,1671,3379,5127110.0,85752.0,5041358.0,0.9832747883310481,0.005394935607910156,ok,,external-wrapper,python-igraph==1.0.0
phase_decoder,drmaciver_fas,1671,3379,5127110.0,82536.0,5044574.0,0.9839020422811291,12.461730003356934,ok,,external-wrapper,16ff24a92fde886e58819180a9fe686e60991c5c
s1423,lrta_full,916,1448,2251150.0,55340.0,2195810.0,0.9754170090842458,0.01344919204711914,ok,,in-repo,
s1423,wmsf_seed,916,1448,2251150.0,56491.0,2194659.0,0.974905714856851,0.12116622924804688,ok,,in-repo,
s1423,ipsns_full,916,1448,2251150.0,55340.0,2195810.0,0.9754170090842458,2.9598660469055176,ok,,in-repo,
s1423,borda_net_score,916,1448,2251150.0,575249.0,1675901.0,0.7444643848699554,0.0025322437286376953,ok,,in-repo,
s1423,weighted_eades,916,1448,2251150.0,111710.0,2139440.0,0.9503764742464962,0.008867263793945312,ok,,in-repo,
s1423,random_multistart,916,1448,2251150.0,1023312.0,1227838.0,0.5454270039757457,0.023775815963745117,ok,,in-repo,
s1423,igraph_approx_eades,916,1448,2251150.0,109535.0,2141615.0,0.9513426470914865,0.00264739990234375,ok,,external-wrapper,python-igraph==1.0.0
s1423,drmaciver_fas,916,1448,2251150.0,87747.0,2163403.0,0.9610212558025898,5.817272424697876,ok,,external-wrapper,16ff24a92fde886e58819180a9fe686e60991c5c
s208,lrta_full,83,119,170780.0,2829.0,167951.0,0.9834348284342429,0.0009298324584960938,ok,,in-repo,
s208,wmsf_seed,83,119,170780.0,2829.0,167951.0,0.9834348284342429,0.0008518695831298828,ok,,in-repo,
s208,ipsns_full,83,119,170780.0,2829.0,167951.0,0.9834348284342429,0.019680023193359375,ok,,in-repo,
s208,borda_net_score,83,119,170780.0,44405.0,126375.0,0.7399871179294999,0.0005524158477783203,ok,,in-repo,
s208,weighted_eades,83,119,170780.0,7114.0,163666.0,0.9583440683920834,0.0006539821624755859,ok,,in-repo,
s208,random_multistart,83,119,170780.0,59651.0,111129.0,0.6507143693640941,0.0020301342010498047,ok,,in-repo,
s208,igraph_approx_eades,83,119,170780.0,7114.0,163666.0,0.9583440683920834,0.0006051063537597656,ok,,external-wrapper,python-igraph==1.0.0
s208,drmaciver_fas,83,119,170780.0,6216.0,164564.0,0.9636022953507436,0.9726040363311768,ok,,external-wrapper,16ff24a92fde886e58819180a9fe686e60991c5c
s27,lrta_full,54,87,117294.0,1905.0,115389.0,0.9837587600388766,0.0007238388061523438,ok,,in-repo,
s27,wmsf_seed,54,87,117294.0,1905.0,115389.0,0.9837587600388766,0.0006852149963378906,ok,,in-repo,
s27,ipsns_full,54,87,117294.0,1905.0,115389.0,0.9837587600388766,0.018646717071533203,ok,,in-repo,
s27,borda_net_score,54,87,117294.0,23513.0,93781.0,0.7995379132777465,0.0005397796630859375,ok,,in-repo,
s27,weighted_eades,54,87,117294.0,1905.0,115389.0,0.9837587600388766,0.0005474090576171875,ok,,in-repo,
s27,random_multistart,54,87,117294.0,42648.0,74646.0,0.6364008389175917,0.001495361328125,ok,,in-repo,
s27,igraph_approx_eades,54,87,117294.0,1905.0,115389.0,0.9837587600388766,0.0005679130554199219,ok,,external-wrapper,python-igraph==1.0.0
s27,drmaciver_fas,54,87,117294.0,2090.0,115204.0,0.9821815267618123,0.7406406402587891,ok,,external-wrapper,16ff24a92fde886e58819180a9fe686e60991c5c
s344,lrta_full,274,388,583914.0,6001.0,577913.0,0.9897228016454478,0.002090930938720703,ok,,in-repo,
s344,wmsf_seed,274,388,583914.0,6001.0,577913.0,0.9897228016454478,0.003046274185180664,ok,,in-repo,
s344,ipsns_full,274,388,583914.0,6001.0,577913.0,0.9897228016454478,0.15474796295166016,ok,,in-repo,
s344,borda_net_score,274,388,583914.0,133802.0,450112.0,0.7708532420870197,0.0011217594146728516,ok,,in-repo,
s344,weighted_eades,274,388,583914.0,25073.0,558841.0,0.9570604575331298,0.001783609390258789,ok,,in-repo,
s344,random_multistart,274,388,583914.0,260663.0,323251.0,0.5535935086331206,0.0061092376708984375,ok,,in-repo,
s344,igraph_approx_eades,274,388,583914.0,25073.0,558841.0,0.9570604575331298,0.0019292831420898438,ok,,external-wrapper,python-igraph==1.0.0
s344,drmaciver_fas,274,388,583914.0,13705.0,570209.0,0.9765290779121583,2.14414644241333,ok,,external-wrapper,16ff24a92fde886e58819180a9fe686e60991c5c
s349,lrta_full,278,395,592976.0,6729.0,586247.0,0.9886521545560023,0.0019271373748779297,ok,,in-repo,
s349,wmsf_seed,278,395,592976.0,6898.0,586078.0,0.9883671514530099,0.0032951831817626953,ok,,in-repo,
s349,ipsns_full,278,395,592976.0,6729.0,586247.0,0.9886521545560023,0.10429191589355469,ok,,in-repo,
s349,borda_net_score,278,395,592976.0,130484.0,462492.0,0.7799506219475999,0.0009603500366210938,ok,,in-repo,
s349,weighted_eades,278,395,592976.0,25486.0,567490.0,0.9570201829416367,0.0016775131225585938,ok,,in-repo,
s349,random_multistart,278,395,592976.0,233877.0,359099.0,0.6055877472275438,0.00583195686340332,ok,,in-repo,
s349,igraph_approx_eades,278,395,592976.0,25486.0,567490.0,0.9570201829416367,0.0010161399841308594,ok,,external-wrapper,python-igraph==1.0.0
s349,drmaciver_fas,278,395,592976.0,15741.0,577235.0,0.9734542376082674,1.9361834526062012,ok,,external-wrapper,16ff24a92fde886e58819180a9fe686e60991c5c
s382,lrta_full,273,438,668099.0,10853.0,657246.0,0.9837554015198346,0.002512216567993164,ok,,in-repo,
s382,wmsf_seed,273,438,668099.0,11160.0,656939.0,0.9832958887829498,0.0024781227111816406,ok,,in-repo,
s382,ipsns_full,273,438,668099.0,10454.0,657645.0,0.9843526183993689,0.10213994979858398,ok,,in-repo,
s382,borda_net_score,273,438,668099.0,161699.0,506400.0,0.7579714982360398,0.0010068416595458984,ok,,in-repo,
s382,weighted_eades,273,438,668099.0,23837.0,644262.0,0.9643211559963418,0.0016720294952392578,ok,,in-repo,
s382,random_multistart,273,438,668099.0,288967.0,379132.0,0.5674787718586617,0.006051301956176758,ok,,in-repo,
s382,igraph_approx_eades,273,438,668099.0,21105.0,646994.0,0.9684103703193688,0.0010678768157958984,ok,,external-wrapper,python-igraph==1.0.0
s382,drmaciver_fas,273,438,668099.0,19572.0,648527.0,0.9707049404354744,2.077681303024292,ok,,external-wrapper,16ff24a92fde886e58819180a9fe686e60991c5c
s38417,lrta_full,24255,34876,52252938.0,349003.0,51903935.0,0.9933208923103999,3.4833717346191406,ok,,in-repo,
s38417,wmsf_seed,24255,34876,52252938.0,366740.0,51886198.0,0.9929814472824475,12.921777486801147,ok,,in-repo,
s38417,ipsns_full,24255,34876,52252938.0,347570.0,51905368.0,0.9933483166056615,144.60398602485657,ok,,in-repo,
s38417,borda_net_score,24255,34876,52252938.0,13239828.0,39013110.0,0.7466204101289003,0.06302285194396973,ok,,in-repo,
s38417,weighted_eades,24255,34876,52252938.0,1472098.0,50780840.0,0.9718274597305897,5.714791297912598,ok,,in-repo,
s38417,random_multistart,24255,34876,52252938.0,24917908.0,27335030.0,0.5231290535280524,0.7232794761657715,ok,,in-repo,
s38417,igraph_approx_eades,24255,34876,52252938.0,1427834.0,50825104.0,0.9726745699926003,0.13228392601013184,ok,,external-wrapper,python-igraph==1.0.0
s38417,drmaciver_fas,24255,34876,52252938.0,,,,300.24386763572693,timeout,fas binary timed out (>300s),external-wrapper,
s38584,lrta_full,20349,34562,51949368.0,560350.0,51389018.0,0.989213535764285,3.0150859355926514,ok,,in-repo,
s38584,wmsf_seed,20349,34562,51949368.0,581014.0,51368354.0,0.9888157638414389,109.21833419799805,ok,,in-repo,
s38584,ipsns_full,20349,34562,51949368.0,557567.0,51391801.0,0.9892671071571073,1797.5591509342194,ok,,in-repo,
s38584,borda_net_score,20349,34562,51949368.0,11300991.0,40648377.0,0.7824614343720216,0.05635571479797363,ok,,in-repo,
s38584,weighted_eades,20349,34562,51949368.0,1927870.0,50021498.0,0.9628894426588597,4.634243726730347,ok,,in-repo,
s38584,random_multistart,20349,34562,51949368.0,23790496.0,28158872.0,0.5420445538432729,0.7472643852233887,ok,,in-repo,
s38584,igraph_approx_eades,20349,34562,51949368.0,1883658.0,50065710.0,0.9637405020981199,0.12107181549072266,ok,,external-wrapper,python-igraph==1.0.0
s38584,drmaciver_fas,20349,34562,51949368.0,,,,300.2259132862091,timeout,fas binary timed out (>300s),external-wrapper,
s400,lrta_full,287,462,680838.0,10329.0,670509.0,0.9848289901562486,0.0029451847076416016,ok,,in-repo,
s400,wmsf_seed,287,462,680838.0,10862.0,669976.0,0.984046131385146,0.0027170181274414062,ok,,in-repo,
s400,ipsns_full,287,462,680838.0,10329.0,670509.0,0.9848289901562486,0.10065674781799316,ok,,in-repo,
s400,borda_net_score,287,462,680838.0,150805.0,530033.0,0.7785009062361384,0.0010097026824951172,ok,,in-repo,
s400,weighted_eades,287,462,680838.0,22507.0,658331.0,0.9669422094536438,0.0018041133880615234,ok,,in-repo,
s400,random_multistart,287,462,680838.0,293153.0,387685.0,0.5694232695589847,0.006380319595336914,ok,,in-repo,
s400,igraph_approx_eades,287,462,680838.0,20878.0,659960.0,0.9693348491124173,0.0011012554168701172,ok,,external-wrapper,python-igraph==1.0.0
s400,drmaciver_fas,287,462,680838.0,30352.0,650486.0,0.9554196446144311,2.1651370525360107,ok,,external-wrapper,16ff24a92fde886e58819180a9fe686e60991c5c
s420,lrta_full,101,178,255844.0,158.0,255686.0,0.9993824361720424,0.0008792877197265625,ok,,in-repo,
s420,wmsf_seed,101,178,255844.0,158.0,255686.0,0.9993824361720424,0.0007951259613037109,ok,,in-repo,
s420,ipsns_full,101,178,255844.0,158.0,255686.0,0.9993824361720424,0.024071216583251953,ok,,in-repo,
s420,borda_net_score,101,178,255844.0,35951.0,219893.0,0.8594807773486969,0.0006082057952880859,ok,,in-repo,
s420,weighted_eades,101,178,255844.0,1352.0,254492.0,0.9947155297759572,0.0006978511810302734,ok,,in-repo,
s420,random_multistart,101,178,255844.0,94093.0,161751.0,0.6322251059239223,0.002473592758178711,ok,,in-repo,
s420,igraph_approx_eades,101,178,255844.0,1352.0,254492.0,0.9947155297759572,0.0006639957427978516,ok,,external-wrapper,python-igraph==1.0.0
s420,drmaciver_fas,101,178,255844.0,908.0,254936.0,0.9964509623051547,1.0610287189483643,ok,,external-wrapper,16ff24a92fde886e58819180a9fe686e60991c5c
s444,lrta_full,315,503,751289.0,8547.0,742742.0,0.9886235523214103,0.002717733383178711,ok,,in-repo,
s444,wmsf_seed,315,503,751289.0,8848.0,742441.0,0.9882229075628686,0.00304412841796875,ok,,in-repo,
s444,ipsns_full,315,503,751289.0,8547.0,742742.0,0.9886235523214103,0.10985970497131348,ok,,in-repo,
s444,borda_net_score,315,503,751289.0,163080.0,588209.0,0.7829330657044093,0.0010530948638916016,ok,,in-repo,
s444,weighted_eades,315,503,751289.0,21466.0,729823.0,0.9714277728011458,0.002096891403198242,ok,,in-repo,
s444,random_multistart,315,503,751289.0,310972.0,440317.0,0.5860820536438042,0.007422447204589844,ok,,in-repo,
s444,igraph_approx_eades,315,503,751289.0,20972.0,730317.0,0.9720853093816094,0.0011551380157470703,ok,,external-wrapper,python-igraph==1.0.0
s444,drmaciver_fas,315,503,751289.0,22010.0,729279.0,0.97070368393521,2.338106155395508,ok,,external-wrapper,16ff24a92fde886e58819180a9fe686e60991c5c
s526,lrta_full,318,576,839382.0,16261.0,823121.0,0.9806274139783794,0.003309488296508789,ok,,in-repo,
s526,wmsf_seed,318,576,839382.0,16261.0,823121.0,0.9806274139783794,0.0026688575744628906,ok,,in-repo,
s526,ipsns_full,318,576,839382.0,16261.0,823121.0,0.9806274139783794,0.08308291435241699,ok,,in-repo,
s526,borda_net_score,318,576,839382.0,182723.0,656659.0,0.7823124632169858,0.0011255741119384766,ok,,in-repo,
s526,weighted_eades,318,576,839382.0,39023.0,800359.0,0.9535098441472417,0.0023992061614990234,ok,,in-repo,
s526,random_multistart,318,576,839382.0,376409.0,462973.0,0.5515641269410113,0.007790088653564453,ok,,in-repo,
s526,igraph_approx_eades,318,576,839382.0,39023.0,800359.0,0.9535098441472417,0.0012099742889404297,ok,,external-wrapper,python-igraph==1.0.0
s526,drmaciver_fas,318,576,839382.0,19268.0,820114.0,0.9770450164525806,2.313462018966675,ok,,external-wrapper,16ff24a92fde886e58819180a9fe686e60991c5c
s526n,lrta_full,292,560,818187.0,14826.0,803361.0,0.9818794480968287,0.0024771690368652344,ok,,in-repo,
s526n,wmsf_seed,292,560,818187.0,15088.0,803099.0,0.9815592279026677,0.0026252269744873047,ok,,in-repo,
s526n,ipsns_full,292,560,818187.0,14826.0,803361.0,0.9818794480968287,0.0794830322265625,ok,,in-repo,
s526n,borda_net_score,292,560,818187.0,168121.0,650066.0,0.7945200791506098,0.0010652542114257812,ok,,in-repo,
s526n,weighted_eades,292,560,818187.0,26600.0,791587.0,0.9674890947912885,0.0018627643585205078,ok,,in-repo,
s526n,random_multistart,292,560,818187.0,346846.0,471341.0,0.5760797959390702,0.0075800418853759766,ok,,in-repo,
s526n,igraph_approx_eades,292,560,818187.0,26600.0,791587.0,0.9674890947912885,0.001186370849609375,ok,,external-wrapper,python-igraph==1.0.0
s526n,drmaciver_fas,292,560,818187.0,32329.0,785858.0,0.9604870280266002,1.9398415088653564,ok,,external-wrapper,16ff24a92fde886e58819180a9fe686e60991c5c
s5378,lrta_full,3076,4589,6857924.0,8771.0,6849153.0,0.9987210415280192,0.032492876052856445,ok,,in-repo,
s5378,wmsf_seed,3076,4589,6857924.0,8576.0,6849348.0,0.9987494757888831,0.29956936836242676,ok,,in-repo,
s5378,ipsns_full,3076,4589,6857924.0,8013.0,6849911.0,0.9988315706035821,11.00362777709961,ok,,in-repo,
s5378,borda_net_score,3076,4589,6857924.0,1662494.0,5195430.0,0.7575805739462846,0.007339000701904297,ok,,in-repo,
s5378,weighted_eades,3076,4589,6857924.0,72324.0,6785600.0,0.9894539513707064,0.02585768699645996,ok,,in-repo,
s5378,random_multistart,3076,4589,6857924.0,3210382.0,3647542.0,0.5318726191774654,0.07706308364868164,ok,,in-repo,
s5378,igraph_approx_eades,3076,4589,6857924.0,70146.0,6787778.0,0.9897715401920465,0.007549762725830078,ok,,external-wrapper,python-igraph==1.0.0
s5378,drmaciver_fas,3076,4589,6857924.0,137367.0,6720557.0,0.9799695942970497,36.8312611579895,ok,,external-wrapper,16ff24a92fde886e58819180a9fe686e60991c5c
s641,lrta_full,477,612,936531.0,2403.0,934128.0,0.9974341479353059,0.0027141571044921875,ok,,in-repo,
s641,wmsf_seed,477,612,936531.0,2403.0,934128.0,0.9974341479353059,0.0056383609771728516,ok,,in-repo,
s641,ipsns_full,477,612,936531.0,2403.0,934128.0,0.9974341479353059,0.35704588890075684,ok,,in-repo,
s641,borda_net_score,477,612,936531.0,225586.0,710945.0,0.7591259659317203,0.0012912750244140625,ok,,in-repo,
s641,weighted_eades,477,612,936531.0,13526.0,923005.0,0.98555733873198,0.002444744110107422,ok,,in-repo,
s641,random_multistart,477,612,936531.0,403654.0,532877.0,0.5689902416470998,0.011976480484008789,ok,,in-repo,
s641,igraph_approx_eades,477,612,936531.0,12504.0,924027.0,0.9866485999929527,0.0013630390167236328,ok,,external-wrapper,python-igraph==1.0.0
s641,drmaciver_fas,477,612,936531.0,18005.0,918526.0,0.9807747954952906,3.119016408920288,ok,,external-wrapper,16ff24a92fde886e58819180a9fe686e60991c5c
s713,lrta_full,515,688,1053587.0,2339.0,1051248.0,0.9977799650147544,0.00286102294921875,ok,,in-repo,
s713,wmsf_seed,515,688,1053587.0,2339.0,1051248.0,0.9977799650147544,0.00806117057800293,ok,,in-repo,
s713,ipsns_full,515,688,1053587.0,2339.0,1051248.0,0.9977799650147544,0.4526066780090332,ok,,in-repo,
s713,borda_net_score,515,688,1053587.0,244831.0,808756.0,0.7676214683742302,0.0015041828155517578,ok,,in-repo,
s713,weighted_eades,515,688,1053587.0,19545.0,1034042.0,0.9814490877355169,0.002838611602783203,ok,,in-repo,
s713,random_multistart,515,688,1053587.0,460905.0,592682.0,0.5625373130078484,0.012917518615722656,ok,,in-repo,
s713,igraph_approx_eades,515,688,1053587.0,16656.0,1036931.0,0.9841911489036975,0.0014867782592773438,ok,,external-wrapper,python-igraph==1.0.0
s713,drmaciver_fas,515,688,1053587.0,23466.0,1030121.0,0.9777275156204471,3.259136199951172,ok,,external-wrapper,16ff24a92fde886e58819180a9fe686e60991c5c
s838,lrta_full,665,941,1399014.0,16098.0,1382916.0,0.9884933245843144,0.005426883697509766,ok,,in-repo,
s838,wmsf_seed,665,941,1399014.0,17351.0,1381663.0,0.9875976938043508,0.003642559051513672,ok,,in-repo,
s838,ipsns_full,665,941,1399014.0,16098.0,1382916.0,0.9884933245843144,0.14248323440551758,ok,,in-repo,
s838,borda_net_score,665,941,1399014.0,331663.0,1067351.0,0.7629308927573276,0.001768350601196289,ok,,in-repo,
s838,weighted_eades,665,941,1399014.0,39413.0,1359601.0,0.9718280160169949,0.004109859466552734,ok,,in-repo,
s838,random_multistart,665,941,1399014.0,640725.0,758289.0,0.542016734643113,0.01737499237060547,ok,,in-repo,
s838,igraph_approx_eades,665,941,1399014.0,39152.0,1359862.0,0.9720145759799401,0.0018780231475830078,ok,,external-wrapper,python-igraph==1.0.0
s838,drmaciver_fas,665,941,1399014.0,35400.0,1363614.0,0.9746964647959205,4.094948768615723,ok,,external-wrapper,16ff24a92fde886e58819180a9fe686e60991c5c
s9234,lrta_full,3083,4298,6499889.0,29326.0,6470563.0,0.9954882306451694,0.04796957969665527,ok,,in-repo,
s9234,wmsf_seed,3083,4298,6499889.0,30146.0,6469743.0,0.9953620746446593,0.8293392658233643,ok,,in-repo,
s9234,ipsns_full,3083,4298,6499889.0,29295.0,6470594.0,0.9954929999573839,8.369171619415283,ok,,in-repo,
s9234,borda_net_score,3083,4298,6499889.0,1696289.0,4803600.0,0.7390280049397767,0.00707697868347168,ok,,in-repo,
s9234,weighted_eades,3083,4298,6499889.0,188605.0,6311284.0,0.9709833506387571,0.06213736534118652,ok,,in-repo,
s9234,random_multistart,3083,4298,6499889.0,3095500.0,3404389.0,0.5237610980741363,0.07493948936462402,ok,,in-repo,
s9234,igraph_approx_eades,3083,4298,6499889.0,184520.0,6315369.0,0.9716118229095912,0.007599830627441406,ok,,external-wrapper,python-igraph==1.0.0
s9234,drmaciver_fas,3083,4298,6499889.0,109660.0,6390229.0,0.9831289426634824,38.471418619155884,ok,,external-wrapper,16ff24a92fde886e58819180a9fe686e60991c5c
s953,lrta_full,730,1090,1675338.0,6785.0,1668553.0,0.9959500709707534,0.004953622817993164,ok,,in-repo,
s953,wmsf_seed,730,1090,1675338.0,7996.0,1667342.0,0.9952272317586063,0.010276317596435547,ok,,in-repo,
s953,ipsns_full,730,1090,1675338.0,6228.0,1669110.0,0.9962825411946724,0.5877416133880615,ok,,in-repo,
s953,borda_net_score,730,1090,1675338.0,416648.0,1258690.0,0.7513051097748633,0.003718852996826172,ok,,in-repo,
s953,weighted_eades,730,1090,1675338.0,15931.0,1659407.0,0.9904908740803349,0.009331464767456055,ok,,in-repo,
s953,random_multistart,730,1090,1675338.0,766369.0,908969.0,0.542558576239541,0.06987190246582031,ok,,in-repo,
s953,igraph_approx_eades,730,1090,1675338.0,15931.0,1659407.0,0.9904908740803349,0.002073526382446289,ok,,external-wrapper,python-igraph==1.0.0
s953,drmaciver_fas,730,1090,1675338.0,42456.0,1632882.0,0.9746582480669572,4.6145970821380615,ok,,external-wrapper,16ff24a92fde886e58819180a9fe686e60991c5c
sbc,lrta_full,1147,1791,2707553.0,10094.0,2697459.0,0.9962719104667572,0.010693073272705078,ok,,in-repo,
sbc,wmsf_seed,1147,1791,2707553.0,10436.0,2697117.0,0.9961455971498988,0.009674549102783203,ok,,in-repo,
sbc,ipsns_full,1147,1791,2707553.0,10094.0,2697459.0,0.9962719104667572,0.5720493793487549,ok,,in-repo,
sbc,borda_net_score,1147,1791,2707553.0,645874.0,2061679.0,0.7614547157525633,0.003152132034301758,ok,,in-repo,
sbc,weighted_eades,1147,1791,2707553.0,20027.0,2687526.0,0.9926032842201058,0.0049555301666259766,ok,,in-repo,
sbc,random_multistart,1147,1791,2707553.0,1238316.0,1469237.0,0.5426438559097458,0.030106782913208008,ok,,in-repo,
sbc,igraph_approx_eades,1147,1791,2707553.0,20027.0,2687526.0,0.9926032842201058,0.0031270980834960938,ok,,external-wrapper,python-igraph==1.0.0
sbc,drmaciver_fas,1147,1791,2707553.0,80514.0,2627039.0,0.9702631859838016,7.304722547531128,ok,,external-wrapper,16ff24a92fde886e58819180a9fe686e60991c5c
ecc,lrta_full,1618,2843,4262550.0,96836.0,4165714.0,0.9772821433179669,0.03516817092895508,ok,,in-repo,
ecc,wmsf_seed,1618,2843,4262550.0,98377.0,4164173.0,0.9769206226319926,0.02482438087463379,ok,,in-repo,
ecc,ipsns_full,1618,2843,4262550.0,96836.0,4165714.0,0.9772821433179669,0.8733158111572266,ok,,in-repo,
ecc,borda_net_score,1618,2843,4262550.0,733153.0,3529397.0,0.8280013137675805,0.004535675048828125,ok,,in-repo,
ecc,weighted_eades,1618,2843,4262550.0,169006.0,4093544.0,0.9603509636250601,0.021244287490844727,ok,,in-repo,
ecc,random_multistart,1618,2843,4262550.0,1940539.0,2322011.0,0.5447469237897503,0.04407238960266113,ok,,in-repo,
ecc,igraph_approx_eades,1618,2843,4262550.0,162789.0,4099761.0,0.961809480240701,0.005227327346801758,ok,,external-wrapper,python-igraph==1.0.0
ecc,drmaciver_fas,1618,2843,4262550.0,144755.0,4117795.0,0.9660402810524217,12.320634126663208,ok,,external-wrapper,16ff24a92fde886e58819180a9fe686e60991c5c
mm30a,lrta_full,2059,3912,5920759.0,16351.0,5904408.0,0.9972383608250226,0.026531219482421875,ok,,in-repo,
mm30a,wmsf_seed,2059,3912,5920759.0,17911.0,5902848.0,0.9969748810921032,0.08942198753356934,ok,,in-repo,
mm30a,ipsns_full,2059,3912,5920759.0,16351.0,5904408.0,0.9972383608250226,1.9455163478851318,ok,,in-repo,
mm30a,borda_net_score,2059,3912,5920759.0,1136412.0,4784347.0,0.8080631216369388,0.005983114242553711,ok,,in-repo,
mm30a,weighted_eades,2059,3912,5920759.0,29483.0,5891276.0,0.9950204019450885,0.017551660537719727,ok,,in-repo,
mm30a,random_multistart,2059,3912,5920759.0,2596138.0,3324621.0,0.5615193930372778,0.056670188903808594,ok,,in-repo,
mm30a,igraph_approx_eades,2059,3912,5920759.0,29483.0,5891276.0,0.9950204019450885,0.006201982498168945,ok,,external-wrapper,python-igraph==1.0.0
mm30a,drmaciver_fas,2059,3912,5920759.0,131258.0,5789501.0,0.9778308828310694,18.205493450164795,ok,,external-wrapper,16ff24a92fde886e58819180a9fe686e60991c5c
mm4a,lrta_full,170,454,677586.0,4053.0,673533.0,0.9940184714560218,0.0017659664154052734,ok,,in-repo,
mm4a,wmsf_seed,170,454,677586.0,4478.0,673108.0,0.993391244801398,0.0020499229431152344,ok,,in-repo,
mm4a,ipsns_full,170,454,677586.0,4053.0,673533.0,0.9940184714560218,0.07919049263000488,ok,,in-repo,
mm4a,borda_net_score,170,454,677586.0,99055.0,578531.0,0.8538119146499485,0.0009496212005615234,ok,,in-repo,
mm4a,weighted_eades,170,454,677586.0,14792.0,662794.0,0.9781695607642424,0.0012209415435791016,ok,,in-repo,
mm4a,random_multistart,170,454,677586.0,262677.0,414909.0,0.6123340801020092,0.004574298858642578,ok,,in-repo,
mm4a,igraph_approx_eades,170,454,677586.0,14792.0,662794.0,0.9781695607642424,0.0010035037994384766,ok,,external-wrapper,python-igraph==1.0.0
mm4a,drmaciver_fas,170,454,677586.0,9374.0,668212.0,0.9861655937401304,1.4074149131774902,ok,,external-wrapper,16ff24a92fde886e58819180a9fe686e60991c5c
mm9a,lrta_full,631,1182,1755874.0,9688.0,1746186.0,0.9944825198163422,0.006313800811767578,ok,,in-repo,
mm9a,wmsf_seed,631,1182,1755874.0,10373.0,1745501.0,0.9940924007075679,0.007622241973876953,ok,,in-repo,
mm9a,ipsns_full,631,1182,1755874.0,9542.0,1746332.0,0.9945656692906211,0.30030131340026855,ok,,in-repo,
mm9a,borda_net_score,631,1182,1755874.0,341704.0,1414170.0,0.8053937811027443,0.002079010009765625,ok,,in-repo,
mm9a,weighted_eades,631,1182,1755874.0,21874.0,1734000.0,0.9875423862987891,0.0038962364196777344,ok,,in-repo,
mm9a,random_multistart,631,1182,1755874.0,762813.0,993061.0,0.5655650690197588,0.01828908920288086,ok,,in-repo,
mm9a,igraph_approx_eades,631,1182,1755874.0,21874.0,1734000.0,0.9875423862987891,0.002074003219604492,ok,,external-wrapper,python-igraph==1.0.0
mm9a,drmaciver_fas,631,1182,1755874.0,41550.0,1714324.0,0.9763365708473387,3.911353588104248,ok,,external-wrapper,16ff24a92fde886e58819180a9fe686e60991c5c
mm9b,lrta_full,777,1452,2208461.0,8278.0,2200183.0,0.9962516883929579,0.007330656051635742,ok,,in-repo,
mm9b,wmsf_seed,777,1452,2208461.0,8541.0,2199920.0,0.9961326009379382,0.022995471954345703,ok,,in-repo,
mm9b,ipsns_full,777,1452,2208461.0,8278.0,2200183.0,0.9962516883929579,0.8157281875610352,ok,,in-repo,
mm9b,borda_net_score,777,1452,2208461.0,418300.0,1790161.0,0.8105920819973729,0.002523660659790039,ok,,in-repo,
mm9b,weighted_eades,777,1452,2208461.0,21421.0,2187040.0,0.9903004852700591,0.004820346832275391,ok,,in-repo,
mm9b,random_multistart,777,1452,2208461.0,955305.0,1253156.0,0.5674340638118581,0.022360563278198242,ok,,in-repo,
mm9b,igraph_approx_eades,777,1452,2208461.0,21421.0,2187040.0,0.9903004852700591,0.0025441646575927734,ok,,external-wrapper,python-igraph==1.0.0
mm9b,drmaciver_fas,777,1452,2208461.0,60641.0,2147820.0,0.9725415119397626,4.888820648193359,ok,,external-wrapper,16ff24a92fde886e58819180a9fe686e60991c5c
s208,lrta_full,83,119,170780.0,2829.0,167951.0,0.9834348284342429,0.0008568763732910156,ok,,in-repo,
s208,wmsf_seed,83,119,170780.0,2829.0,167951.0,0.9834348284342429,0.0008971691131591797,ok,,in-repo,
s208,ipsns_full,83,119,170780.0,2829.0,167951.0,0.9834348284342429,0.019649267196655273,ok,,in-repo,
s208,borda_net_score,83,119,170780.0,44405.0,126375.0,0.7399871179294999,0.0005767345428466797,ok,,in-repo,
s208,weighted_eades,83,119,170780.0,7114.0,163666.0,0.9583440683920834,0.0006718635559082031,ok,,in-repo,
s208,random_multistart,83,119,170780.0,59651.0,111129.0,0.6507143693640941,0.0020704269409179688,ok,,in-repo,
s208,igraph_approx_eades,83,119,170780.0,7114.0,163666.0,0.9583440683920834,0.0006225109100341797,ok,,external-wrapper,python-igraph==1.0.0
s208,drmaciver_fas,83,119,170780.0,5474.0,165306.0,0.967947066401218,0.9595222473144531,ok,,external-wrapper,16ff24a92fde886e58819180a9fe686e60991c5c
s27,lrta_full,54,87,117294.0,1905.0,115389.0,0.9837587600388766,0.0007321834564208984,ok,,in-repo,
s27,wmsf_seed,54,87,117294.0,1905.0,115389.0,0.9837587600388766,0.0006911754608154297,ok,,in-repo,
s27,ipsns_full,54,87,117294.0,1905.0,115389.0,0.9837587600388766,0.018590450286865234,ok,,in-repo,
s27,borda_net_score,54,87,117294.0,23513.0,93781.0,0.7995379132777465,0.0005164146423339844,ok,,in-repo,
s27,weighted_eades,54,87,117294.0,1905.0,115389.0,0.9837587600388766,0.0005886554718017578,ok,,in-repo,
s27,random_multistart,54,87,117294.0,42648.0,74646.0,0.6364008389175917,0.0015408992767333984,ok,,in-repo,
s27,igraph_approx_eades,54,87,117294.0,1905.0,115389.0,0.9837587600388766,0.0006642341613769531,ok,,external-wrapper,python-igraph==1.0.0
s27,drmaciver_fas,54,87,117294.0,2131.0,115163.0,0.9818319777652735,0.7225842475891113,ok,,external-wrapper,16ff24a92fde886e58819180a9fe686e60991c5c
s344,lrta_full,274,388,583914.0,6001.0,577913.0,0.9897228016454478,0.0021352767944335938,ok,,in-repo,
s344,wmsf_seed,274,388,583914.0,6001.0,577913.0,0.9897228016454478,0.003209352493286133,ok,,in-repo,
s344,ipsns_full,274,388,583914.0,6001.0,577913.0,0.9897228016454478,0.15158987045288086,ok,,in-repo,
s344,borda_net_score,274,388,583914.0,133802.0,450112.0,0.7708532420870197,0.0010445117950439453,ok,,in-repo,
s344,weighted_eades,274,388,583914.0,25073.0,558841.0,0.9570604575331298,0.0016977787017822266,ok,,in-repo,
s344,random_multistart,274,388,583914.0,260663.0,323251.0,0.5535935086331206,0.0058689117431640625,ok,,in-repo,
s344,igraph_approx_eades,274,388,583914.0,25073.0,558841.0,0.9570604575331298,0.0010688304901123047,ok,,external-wrapper,python-igraph==1.0.0
s344,drmaciver_fas,274,388,583914.0,10488.0,573426.0,0.9820384508677648,1.971583366394043,ok,,external-wrapper,16ff24a92fde886e58819180a9fe686e60991c5c
s349,lrta_full,278,395,592976.0,6729.0,586247.0,0.9886521545560023,0.001988649368286133,ok,,in-repo,
s349,wmsf_seed,278,395,592976.0,6898.0,586078.0,0.9883671514530099,0.003339052200317383,ok,,in-repo,
s349,ipsns_full,278,395,592976.0,6729.0,586247.0,0.9886521545560023,0.1051177978515625,ok,,in-repo,
s349,borda_net_score,278,395,592976.0,130484.0,462492.0,0.7799506219475999,0.0009729862213134766,ok,,in-repo,
s349,weighted_eades,278,395,592976.0,25486.0,567490.0,0.9570201829416367,0.0017004013061523438,ok,,in-repo,
s349,random_multistart,278,395,592976.0,233877.0,359099.0,0.6055877472275438,0.005905628204345703,ok,,in-repo,
s349,igraph_approx_eades,278,395,592976.0,25486.0,567490.0,0.9570201829416367,0.001039743423461914,ok,,external-wrapper,python-igraph==1.0.0
s349,drmaciver_fas,278,395,592976.0,12403.0,580573.0,0.97908347049459,1.9184033870697021,ok,,external-wrapper,16ff24a92fde886e58819180a9fe686e60991c5c
s382,lrta_full,273,438,668099.0,10853.0,657246.0,0.9837554015198346,0.0025756359100341797,ok,,in-repo,
s382,wmsf_seed,273,438,668099.0,11160.0,656939.0,0.9832958887829498,0.0025224685668945312,ok,,in-repo,
s382,ipsns_full,273,438,668099.0,10454.0,657645.0,0.9843526183993689,0.09632539749145508,ok,,in-repo,
s382,borda_net_score,273,438,668099.0,161699.0,506400.0,0.7579714982360398,0.0012135505676269531,ok,,in-repo,
s382,weighted_eades,273,438,668099.0,23837.0,644262.0,0.9643211559963418,0.0018076896667480469,ok,,in-repo,
s382,random_multistart,273,438,668099.0,288967.0,379132.0,0.5674787718586617,0.006162405014038086,ok,,in-repo,
s382,igraph_approx_eades,273,438,668099.0,21105.0,646994.0,0.9684103703193688,0.0011026859283447266,ok,,external-wrapper,python-igraph==1.0.0
s382,drmaciver_fas,273,438,668099.0,25030.0,643069.0,0.9625354924943759,1.9460859298706055,ok,,external-wrapper,16ff24a92fde886e58819180a9fe686e60991c5c
s400,lrta_full,287,462,680838.0,10329.0,670509.0,0.9848289901562486,0.002780914306640625,ok,,in-repo,
s400,wmsf_seed,287,462,680838.0,10862.0,669976.0,0.984046131385146,0.002772092819213867,ok,,in-repo,
s400,ipsns_full,287,462,680838.0,10329.0,670509.0,0.9848289901562486,0.10038948059082031,ok,,in-repo,
s400,borda_net_score,287,462,680838.0,150805.0,530033.0,0.7785009062361384,0.0011255741119384766,ok,,in-repo,
s400,weighted_eades,287,462,680838.0,22507.0,658331.0,0.9669422094536438,0.0018694400787353516,ok,,in-repo,
s400,random_multistart,287,462,680838.0,293153.0,387685.0,0.5694232695589847,0.006687164306640625,ok,,in-repo,
s400,igraph_approx_eades,287,462,680838.0,20878.0,659960.0,0.9693348491124173,0.0011525154113769531,ok,,external-wrapper,python-igraph==1.0.0
s400,drmaciver_fas,287,462,680838.0,23174.0,657664.0,0.9659625344061289,2.258906364440918,ok,,external-wrapper,16ff24a92fde886e58819180a9fe686e60991c5c
s420,lrta_full,101,178,255844.0,158.0,255686.0,0.9993824361720424,0.0009167194366455078,ok,,in-repo,
s420,wmsf_seed,101,178,255844.0,158.0,255686.0,0.9993824361720424,0.0008471012115478516,ok,,in-repo,
s420,ipsns_full,101,178,255844.0,158.0,255686.0,0.9993824361720424,0.024146318435668945,ok,,in-repo,
s420,borda_net_score,101,178,255844.0,35951.0,219893.0,0.8594807773486969,0.0006384849548339844,ok,,in-repo,
s420,weighted_eades,101,178,255844.0,1352.0,254492.0,0.9947155297759572,0.0007216930389404297,ok,,in-repo,
s420,random_multistart,101,178,255844.0,94093.0,161751.0,0.6322251059239223,0.0024802684783935547,ok,,in-repo,
s420,igraph_approx_eades,101,178,255844.0,1352.0,254492.0,0.9947155297759572,0.0006983280181884766,ok,,external-wrapper,python-igraph==1.0.0
s420,drmaciver_fas,101,178,255844.0,1241.0,254603.0,0.9951493879082566,0.9706425666809082,ok,,external-wrapper,16ff24a92fde886e58819180a9fe686e60991c5c
s444,lrta_full,315,503,751289.0,8547.0,742742.0,0.9886235523214103,0.0028896331787109375,ok,,in-repo,
s444,wmsf_seed,315,503,751289.0,8848.0,742441.0,0.9882229075628686,0.003154754638671875,ok,,in-repo,
s444,ipsns_full,315,503,751289.0,8547.0,742742.0,0.9886235523214103,0.11107778549194336,ok,,in-repo,
s444,borda_net_score,315,503,751289.0,163080.0,588209.0,0.7829330657044093,0.001238107681274414,ok,,in-repo,
s444,weighted_eades,315,503,751289.0,21466.0,729823.0,0.9714277728011458,0.0022072792053222656,ok,,in-repo,
s444,random_multistart,315,503,751289.0,310972.0,440317.0,0.5860820536438042,0.007582902908325195,ok,,in-repo,
s444,igraph_approx_eades,315,503,751289.0,20972.0,730317.0,0.9720853093816094,0.0012123584747314453,ok,,external-wrapper,python-igraph==1.0.0
s444,drmaciver_fas,315,503,751289.0,20097.0,731192.0,0.97324997437737,2.114737033843994,ok,,external-wrapper,16ff24a92fde886e58819180a9fe686e60991c5c
s526,lrta_full,318,576,839382.0,16261.0,823121.0,0.9806274139783794,0.0038399696350097656,ok,,in-repo,
s526,wmsf_seed,318,576,839382.0,16261.0,823121.0,0.9806274139783794,0.002730846405029297,ok,,in-repo,
s526,ipsns_full,318,576,839382.0,16261.0,823121.0,0.9806274139783794,0.08901214599609375,ok,,in-repo,
s526,borda_net_score,318,576,839382.0,182723.0,656659.0,0.7823124632169858,0.0012390613555908203,ok,,in-repo,
s526,weighted_eades,318,576,839382.0,39023.0,800359.0,0.9535098441472417,0.0023937225341796875,ok,,in-repo,
s526,random_multistart,318,576,839382.0,376409.0,462973.0,0.5515641269410113,0.00870966911315918,ok,,in-repo,
s526,igraph_approx_eades,318,576,839382.0,39023.0,800359.0,0.9535098441472417,0.0012426376342773438,ok,,external-wrapper,python-igraph==1.0.0
s526,drmaciver_fas,318,576,839382.0,27533.0,811849.0,0.9671984865055482,2.312976598739624,ok,,external-wrapper,16ff24a92fde886e58819180a9fe686e60991c5c
s526n,lrta_full,292,560,818187.0,14826.0,803361.0,0.9818794480968287,0.002543210983276367,ok,,in-repo,
s526n,wmsf_seed,292,560,818187.0,15088.0,803099.0,0.9815592279026677,0.002623319625854492,ok,,in-repo,
s526n,ipsns_full,292,560,818187.0,14826.0,803361.0,0.9818794480968287,0.08833169937133789,ok,,in-repo,
s526n,borda_net_score,292,560,818187.0,168121.0,650066.0,0.7945200791506098,0.001420736312866211,ok,,in-repo,
s526n,weighted_eades,292,560,818187.0,26600.0,791587.0,0.9674890947912885,0.0023419857025146484,ok,,in-repo,
s526n,random_multistart,292,560,818187.0,346846.0,471341.0,0.5760797959390702,0.00725865364074707,ok,,in-repo,
s526n,igraph_approx_eades,292,560,818187.0,26600.0,791587.0,0.9674890947912885,0.0012660026550292969,ok,,external-wrapper,python-igraph==1.0.0
s526n,drmaciver_fas,292,560,818187.0,28837.0,789350.0,0.9647550009961048,2.2915515899658203,ok,,external-wrapper,16ff24a92fde886e58819180a9fe686e60991c5c
s641,lrta_full,477,612,936531.0,2403.0,934128.0,0.9974341479353059,0.0028214454650878906,ok,,in-repo,
s641,wmsf_seed,477,612,936531.0,2403.0,934128.0,0.9974341479353059,0.00578761100769043,ok,,in-repo,
s641,ipsns_full,477,612,936531.0,2403.0,934128.0,0.9974341479353059,0.36264753341674805,ok,,in-repo,
s641,borda_net_score,477,612,936531.0,225586.0,710945.0,0.7591259659317203,0.0014607906341552734,ok,,in-repo,
s641,weighted_eades,477,612,936531.0,13526.0,923005.0,0.98555733873198,0.002549886703491211,ok,,in-repo,
s641,random_multistart,477,612,936531.0,403654.0,532877.0,0.5689902416470998,0.011934280395507812,ok,,in-repo,
s641,igraph_approx_eades,477,612,936531.0,12504.0,924027.0,0.9866485999929527,0.0014019012451171875,ok,,external-wrapper,python-igraph==1.0.0
s641,drmaciver_fas,477,612,936531.0,18385.0,918146.0,0.9803690427759465,3.034263849258423,ok,,external-wrapper,16ff24a92fde886e58819180a9fe686e60991c5c
s838,lrta_full,665,941,1399014.0,16098.0,1382916.0,0.9884933245843144,0.00573277473449707,ok,,in-repo,
s838,wmsf_seed,665,941,1399014.0,17351.0,1381663.0,0.9875976938043508,0.003762960433959961,ok,,in-repo,
s838,ipsns_full,665,941,1399014.0,16098.0,1382916.0,0.9884933245843144,0.14748668670654297,ok,,in-repo,
s838,borda_net_score,665,941,1399014.0,331663.0,1067351.0,0.7629308927573276,0.0019466876983642578,ok,,in-repo,
s838,weighted_eades,665,941,1399014.0,39413.0,1359601.0,0.9718280160169949,0.004238605499267578,ok,,in-repo,
s838,random_multistart,665,941,1399014.0,640725.0,758289.0,0.542016734643113,0.017612695693969727,ok,,in-repo,
s838,igraph_approx_eades,665,941,1399014.0,39152.0,1359862.0,0.9720145759799401,0.0019533634185791016,ok,,external-wrapper,python-igraph==1.0.0
s838,drmaciver_fas,665,941,1399014.0,36351.0,1362663.0,0.9740167003332347,4.074353456497192,ok,,external-wrapper,16ff24a92fde886e58819180a9fe686e60991c5c
sbc,lrta_full,1147,1791,2707553.0,10094.0,2697459.0,0.9962719104667572,0.010792016983032227,ok,,in-repo,
sbc,wmsf_seed,1147,1791,2707553.0,10436.0,2697117.0,0.9961455971498988,0.009635686874389648,ok,,in-repo,
sbc,ipsns_full,1147,1791,2707553.0,10094.0,2697459.0,0.9962719104667572,0.5579299926757812,ok,,in-repo,
sbc,borda_net_score,1147,1791,2707553.0,645874.0,2061679.0,0.7614547157525633,0.003138303756713867,ok,,in-repo,
sbc,weighted_eades,1147,1791,2707553.0,20027.0,2687526.0,0.9926032842201058,0.005096435546875,ok,,in-repo,
sbc,random_multistart,1147,1791,2707553.0,1238316.0,1469237.0,0.5426438559097458,0.029666423797607422,ok,,in-repo,
sbc,igraph_approx_eades,1147,1791,2707553.0,20027.0,2687526.0,0.9926032842201058,0.003129720687866211,ok,,external-wrapper,python-igraph==1.0.0
sbc,drmaciver_fas,1147,1791,2707553.0,50713.0,2656840.0,0.9812698033981236,7.077430725097656,ok,,external-wrapper,16ff24a92fde886e58819180a9fe686e60991c5c
sample,lrta_full,4,7,340.0,40.0,300.0,0.8823529411764706,0.0005872249603271484,ok,,in-repo,
sample,wmsf_seed,4,7,340.0,40.0,300.0,0.8823529411764706,0.0006003379821777344,ok,,in-repo,
sample,ipsns_full,4,7,340.0,40.0,300.0,0.8823529411764706,0.005595684051513672,ok,,in-repo,
sample,borda_net_score,4,7,340.0,70.0,270.0,0.7941176470588235,0.000476837158203125,ok,,in-repo,
sample,weighted_eades,4,7,340.0,40.0,300.0,0.8823529411764706,0.0004467964172363281,ok,,in-repo,
sample,random_multistart,4,7,340.0,40.0,300.0,0.8823529411764706,0.0005283355712890625,ok,,in-repo,
sample,igraph_approx_eades,4,7,340.0,40.0,300.0,0.8823529411764706,0.00042176246643066406,ok,,external-wrapper,python-igraph==1.0.0
sample,drmaciver_fas,4,7,340.0,40.0,300.0,0.8823529411764706,0.0020356178283691406,ok,,external-wrapper,16ff24a92fde886e58819180a9fe686e60991c5c
small,lrta_full,7,8,13555.0,0.0,13555.0,1.0,0.0007498264312744141,ok,,in-repo,
small,wmsf_seed,7,8,13555.0,0.0,13555.0,1.0,0.0006778240203857422,ok,,in-repo,
small,ipsns_full,7,8,13555.0,0.0,13555.0,1.0,0.0004563331604003906,ok,,in-repo,
small,borda_net_score,7,8,13555.0,868.0,12687.0,0.9359645887126522,0.00038909912109375,ok,,in-repo,
small,weighted_eades,7,8,13555.0,0.0,13555.0,1.0,0.0003712177276611328,ok,,in-repo,
small,random_multistart,7,8,13555.0,868.0,12687.0,0.9359645887126522,0.0005812644958496094,ok,,in-repo,
small,igraph_approx_eades,7,8,13555.0,0.0,13555.0,1.0,0.0004494190216064453,ok,,external-wrapper,python-igraph==1.0.0
small,drmaciver_fas,7,8,13555.0,0.0,13555.0,1.0,0.002672433853149414,ok,,external-wrapper,16ff24a92fde886e58819180a9fe686e60991c5c
